1,0.000000,s70,s70,True
1,0.000000,s70,s70,True
1,0.000000,s70,s70,True
1,0.000000,s70,s70,True
1,0.000000,s70,s70,True
1,0.000000,s70,s70,True
1,0.000000,s70,s70,True
1,0.000000,s70,s70,True
1,0.000000,s70,s70,True
0,0.000000,s495,s179,False
1,0.000000,s495,s495,True
1,0.000000,s495,s495,True
1,0.000000,s495,s495,True
1,0.000000,s495,s495,True
1,0.000000,s495,s495,True
1,0.000000,s495,s495,True
1,0.000000,s495,s495,True
0,0.000000,s495,s18,False
1,0.000000,s104,s104,True
1,0.000000,s104,s104,True
1,0.000000,s104,s104,True
1,0.000000,s104,s104,True
1,0.000000,s104,s104,True
1,0.000000,s104,s104,True
1,0.000000,s104,s104,True
1,0.000000,s104,s104,True
1,0.000000,s104,s104,True
1,0.000000,s101,s101,True
1,0.000000,s101,s101,True
1,0.000000,s101,s101,True
1,0.000000,s101,s101,True
1,0.000000,s101,s101,True
1,0.000000,s101,s101,True
1,0.000000,s101,s101,True
1,0.000000,s101,s101,True
1,0.000000,s101,s101,True
1,0.000000,s583,s583,True
1,0.000000,s583,s583,True
1,0.000000,s583,s583,True
0,0.000000,s583,s29,False
1,0.000000,s558,s558,True
1,0.000000,s558,s558,True
1,0.000000,s558,s558,True
1,0.000000,s558,s558,True
1,0.000000,s558,s558,True
1,0.000000,s558,s558,True
1,0.000000,s558,s558,True
1,0.000000,s558,s558,True
1,0.000000,s100,s100,True
1,0.000000,s100,s100,True
1,0.000000,s100,s100,True
1,0.000000,s100,s100,True
1,0.000000,s100,s100,True
1,0.000000,s100,s100,True
1,0.000000,s100,s100,True
1,0.000000,s100,s100,True
1,0.000000,s167,s167,True
1,0.000000,s167,s167,True
1,0.000000,s167,s167,True
1,0.000000,s167,s167,True
1,0.000000,s167,s167,True
1,0.000000,s167,s167,True
1,0.000000,s167,s167,True
1,0.000000,s167,s167,True
1,0.000000,s167,s167,True
1,0.000000,s549,s549,True
1,0.000000,s549,s549,True
1,0.000000,s549,s549,True
1,0.000000,s549,s549,True
1,0.000000,s549,s549,True
1,0.000000,s549,s549,True
1,0.000000,s549,s549,True
1,0.000000,s549,s549,True
1,0.000000,s343,s343,True
0,0.000000,s343,s429,False
1,0.000000,s343,s343,True
1,0.000000,s343,s343,True
1,0.000000,s343,s343,True
1,0.000000,s343,s343,True
1,0.000000,s343,s343,True
0,0.000000,s343,s244,False
1,0.000000,s591,s591,True
1,0.000000,s591,s591,True
1,0.000000,s591,s591,True
1,0.000000,s591,s591,True
1,0.000000,s591,s591,True
1,0.000000,s591,s591,True
1,0.000000,s591,s591,True
1,0.000000,s591,s591,True
1,0.000000,s591,s591,True
1,0.000000,s116,s116,True
1,0.000000,s116,s116,True
1,0.000000,s116,s116,True
1,0.000000,s307,s307,True
1,0.000000,s307,s307,True
1,0.000000,s307,s307,True
1,0.000000,s307,s307,True
1,0.000000,s307,s307,True
1,0.000000,s307,s307,True
0,0.000000,s307,s273,False
1,0.000000,s307,s307,True
1,0.000000,s271,s271,True
1,0.000000,s271,s271,True
1,0.000000,s271,s271,True
1,0.000000,s323,s323,True
1,0.000000,s323,s323,True
1,0.000000,s323,s323,True
1,0.000000,s323,s323,True
1,0.000000,s323,s323,True
1,0.000000,s323,s323,True
1,0.000000,s323,s323,True
1,0.000000,s323,s323,True
1,0.000000,s323,s323,True
1,0.000000,s320,s320,True
1,0.000000,s320,s320,True
1,0.000000,s320,s320,True
1,0.000000,s320,s320,True
1,0.000000,s320,s320,True
1,0.000000,s320,s320,True
1,0.000000,s431,s431,True
1,0.000000,s431,s431,True
1,0.000000,s431,s431,True
1,0.000000,s431,s431,True
1,0.000000,s431,s431,True
1,0.000000,s431,s431,True
1,0.000000,s431,s431,True
1,0.000000,s431,s431,True
1,0.000000,s431,s431,True
1,0.000000,s149,s149,True
1,0.000000,s149,s149,True
0,0.000000,s149,s397,False
1,0.000000,s149,s149,True
1,0.000000,s149,s149,True
0,0.000000,s149,s95,False
1,0.000000,s149,s149,True
0,0.000000,s149,s547,False
1,0.000000,s149,s149,True
1,0.000000,s45,s45,True
1,0.000000,s45,s45,True
1,0.000000,s45,s45,True
1,0.000000,s45,s45,True
1,0.000000,s45,s45,True
1,0.000000,s45,s45,True
1,0.000000,s45,s45,True
1,0.000000,s45,s45,True
1,0.000000,s45,s45,True
1,0.000000,s548,s548,True
1,0.000000,s548,s548,True
1,0.000000,s548,s548,True
1,0.000000,s548,s548,True
1,0.000000,s548,s548,True
1,0.000000,s548,s548,True
1,0.000000,s548,s548,True
1,0.000000,s548,s548,True
1,0.000000,s476,s476,True
0,0.000000,s476,s465,False
1,0.000000,s476,s476,True
1,0.000000,s476,s476,True
1,0.000000,s476,s476,True
0,0.000000,s476,s89,False
1,0.000000,s476,s476,True
1,0.000000,s476,s476,True
1,0.000000,s525,s525,True
1,0.000000,s525,s525,True
1,0.000000,s525,s525,True
1,0.000000,s525,s525,True
0,0.000000,s525,s53,False
1,0.000000,s525,s525,True
1,0.000000,s525,s525,True
1,0.000000,s525,s525,True
1,0.000000,s571,s571,True
1,0.000000,s571,s571,True
1,0.000000,s571,s571,True
1,0.000000,s571,s571,True
1,0.000000,s571,s571,True
1,0.000000,s571,s571,True
1,0.000000,s571,s571,True
1,0.000000,s571,s571,True
1,0.000000,s571,s571,True
1,0.000000,s155,s155,True
1,0.000000,s155,s155,True
1,0.000000,s287,s287,True
1,0.000000,s287,s287,True
1,0.000000,s287,s287,True
1,0.000000,s287,s287,True
1,0.000000,s287,s287,True
1,0.000000,s422,s422,True
1,0.000000,s347,s347,True
1,0.000000,s347,s347,True
1,0.000000,s347,s347,True
1,0.000000,s347,s347,True
1,0.000000,s347,s347,True
1,0.000000,s347,s347,True
1,0.000000,s347,s347,True
1,0.000000,s347,s347,True
1,0.000000,s347,s347,True
1,0.000000,s23,s23,True
0,0.000000,s23,s492,False
1,0.000000,s23,s23,True
1,0.000000,s5,s5,True
1,0.000000,s5,s5,True
1,0.000000,s5,s5,True
1,0.000000,s5,s5,True
1,0.000000,s5,s5,True
1,0.000000,s5,s5,True
1,0.000000,s203,s203,True
1,0.000000,s203,s203,True
1,0.000000,s203,s203,True
1,0.000000,s203,s203,True
1,0.000000,s203,s203,True
1,0.000000,s203,s203,True
1,0.000000,s203,s203,True
1,0.000000,s203,s203,True
1,0.000000,s203,s203,True
1,0.000000,s394,s394,True
1,0.000000,s394,s394,True
1,0.000000,s394,s394,True
1,0.000000,s394,s394,True
1,0.000000,s394,s394,True
1,0.000000,s394,s394,True
1,0.000000,s394,s394,True
1,0.000000,s394,s394,True
1,0.000000,s394,s394,True
1,0.000000,s178,s178,True
1,0.000000,s178,s178,True
1,0.000000,s178,s178,True
1,0.000000,s178,s178,True
1,0.000000,s178,s178,True
1,0.000000,s178,s178,True
1,0.000000,s178,s178,True
1,0.000000,s178,s178,True
1,0.000000,s178,s178,True
1,0.000000,s206,s206,True
1,0.000000,s206,s206,True
1,0.000000,s206,s206,True
1,0.000000,s206,s206,True
1,0.000000,s206,s206,True
1,0.000000,s206,s206,True
1,0.000000,s206,s206,True
1,0.000000,s206,s206,True
1,0.000000,s206,s206,True
1,0.000000,s518,s518,True
1,0.000000,s518,s518,True
1,0.000000,s518,s518,True
1,0.000000,s518,s518,True
1,0.000000,s518,s518,True
0,0.000000,s518,s227,False
1,0.000000,s518,s518,True
1,0.000000,s516,s516,True
1,0.000000,s516,s516,True
1,0.000000,s516,s516,True
1,0.000000,s516,s516,True
1,0.000000,s516,s516,True
1,0.000000,s516,s516,True
1,0.000000,s516,s516,True
1,0.000000,s516,s516,True
0,0.000000,s516,s44,False
1,0.000000,s158,s158,True
1,0.000000,s158,s158,True
1,0.000000,s200,s200,True
1,0.000000,s200,s200,True
1,0.000000,s200,s200,True
1,0.000000,s200,s200,True
1,0.000000,s200,s200,True
1,0.000000,s200,s200,True
1,0.000000,s200,s200,True
1,0.000000,s200,s200,True
1,0.000000,s200,s200,True
1,0.000000,s304,s304,True
1,0.000000,s304,s304,True
1,0.000000,s304,s304,True
1,0.000000,s304,s304,True
1,0.000000,s304,s304,True
0,0.000000,s304,s552,False
1,0.000000,s304,s304,True
1,0.000000,s304,s304,True
1,0.000000,s304,s304,True
1,0.000000,s208,s208,True
1,0.000000,s208,s208,True
1,0.000000,s208,s208,True
1,0.000000,s208,s208,True
1,0.000000,s208,s208,True
1,0.000000,s208,s208,True
1,0.000000,s208,s208,True
1,0.000000,s208,s208,True
1,0.000000,s208,s208,True
0,0.000000,s498,s418,False
1,0.000000,s498,s498,True
0,0.000000,s498,s483,False
1,0.000000,s498,s498,True
1,0.000000,s498,s498,True
1,0.000000,s498,s498,True
1,0.000000,s245,s245,True
1,0.000000,s245,s245,True
1,0.000000,s245,s245,True
1,0.000000,s245,s245,True
1,0.000000,s245,s245,True
1,0.000000,s245,s245,True
1,0.000000,s245,s245,True
1,0.000000,s510,s510,True
1,0.000000,s510,s510,True
1,0.000000,s510,s510,True
1,0.000000,s510,s510,True
1,0.000000,s510,s510,True
1,0.000000,s510,s510,True
1,0.000000,s510,s510,True
1,0.000000,s510,s510,True
1,0.000000,s510,s510,True
1,0.000000,s110,s110,True
0,0.000000,s110,s473,False
1,0.000000,s110,s110,True
1,0.000000,s110,s110,True
1,0.000000,s110,s110,True
1,0.000000,s110,s110,True
1,0.000000,s110,s110,True
1,0.000000,s110,s110,True
1,0.000000,s110,s110,True
1,0.000000,s312,s312,True
1,0.000000,s312,s312,True
1,0.000000,s312,s312,True
1,0.000000,s312,s312,True
1,0.000000,s312,s312,True
1,0.000000,s312,s312,True
1,0.000000,s312,s312,True
1,0.000000,s312,s312,True
1,0.000000,s560,s560,True
1,0.000000,s560,s560,True
1,0.000000,s560,s560,True
0,0.000000,s560,s115,False
1,0.000000,s560,s560,True
1,0.000000,s250,s250,True
1,0.000000,s250,s250,True
1,0.000000,s250,s250,True
1,0.000000,s370,s370,True
1,0.000000,s370,s370,True
1,0.000000,s370,s370,True
1,0.000000,s370,s370,True
1,0.000000,s370,s370,True
1,0.000000,s370,s370,True
1,0.000000,s354,s354,True
1,0.000000,s354,s354,True
1,0.000000,s354,s354,True
1,0.000000,s354,s354,True
1,0.000000,s354,s354,True
1,0.000000,s354,s354,True
1,0.000000,s354,s354,True
0,0.000000,s354,s575,False
1,0.000000,s354,s354,True
1,0.000000,s349,s349,True
1,0.000000,s349,s349,True
1,0.000000,s349,s349,True
1,0.000000,s349,s349,True
1,0.000000,s349,s349,True
1,0.000000,s349,s349,True
1,0.000000,s349,s349,True
1,0.000000,s349,s349,True
1,0.000000,s349,s349,True
0,0.000000,s146,s115,False
1,0.000000,s146,s146,True
1,0.000000,s146,s146,True
1,0.000000,s146,s146,True
0,0.000000,s146,s266,False
1,0.000000,s146,s146,True
0,0.000000,s146,s258,False
1,0.000000,s146,s146,True
1,0.000000,s146,s146,True
1,0.000000,s106,s106,True
1,0.000000,s106,s106,True
1,0.000000,s106,s106,True
1,0.000000,s448,s448,True
1,0.000000,s448,s448,True
1,0.000000,s448,s448,True
1,0.000000,s448,s448,True
1,0.000000,s448,s448,True
1,0.000000,s448,s448,True
0,0.000000,s448,s553,False
1,0.000000,s541,s541,True
1,0.000000,s541,s541,True
0,0.000000,s541,s223,False
1,0.000000,s541,s541,True
1,0.000000,s300,s300,True
1,0.000000,s300,s300,True
1,0.000000,s300,s300,True
1,0.000000,s300,s300,True
1,0.000000,s300,s300,True
1,0.000000,s300,s300,True
1,0.000000,s300,s300,True
1,0.000000,s112,s112,True
1,0.000000,s112,s112,True
1,0.000000,s112,s112,True
1,0.000000,s66,s66,True
1,0.000000,s66,s66,True
1,0.000000,s66,s66,True
1,0.000000,s66,s66,True
1,0.000000,s66,s66,True
0,0.000000,s66,s602,False
1,0.000000,s303,s303,True
1,0.000000,s303,s303,True
1,0.000000,s303,s303,True
1,0.000000,s303,s303,True
1,0.000000,s303,s303,True
1,0.000000,s303,s303,True
1,0.000000,s303,s303,True
1,0.000000,s303,s303,True
1,0.000000,s303,s303,True
1,0.000000,s550,s550,True
1,0.000000,s550,s550,True
1,0.000000,s550,s550,True
1,0.000000,s550,s550,True
1,0.000000,s550,s550,True
1,0.000000,s550,s550,True
1,0.000000,s550,s550,True
1,0.000000,s550,s550,True
1,0.000000,s198,s198,True
1,0.000000,s198,s198,True
1,0.000000,s198,s198,True
1,0.000000,s198,s198,True
1,0.000000,s198,s198,True
1,0.000000,s198,s198,True
1,0.000000,s198,s198,True
1,0.000000,s198,s198,True
1,0.000000,s198,s198,True
1,0.000000,s371,s371,True
1,0.000000,s371,s371,True
1,0.000000,s371,s371,True
1,0.000000,s371,s371,True
1,0.000000,s371,s371,True
1,0.000000,s371,s371,True
1,0.000000,s371,s371,True
1,0.000000,s561,s561,True
1,0.000000,s561,s561,True
1,0.000000,s561,s561,True
1,0.000000,s561,s561,True
1,0.000000,s561,s561,True
1,0.000000,s561,s561,True
1,0.000000,s561,s561,True
1,0.000000,s561,s561,True
1,0.000000,s561,s561,True
1,0.000000,s565,s565,True
1,0.000000,s565,s565,True
1,0.000000,s565,s565,True
1,0.000000,s565,s565,True
1,0.000000,s565,s565,True
1,0.000000,s565,s565,True
1,0.000000,s565,s565,True
1,0.000000,s443,s443,True
1,0.000000,s443,s443,True
1,0.000000,s443,s443,True
1,0.000000,s443,s443,True
1,0.000000,s443,s443,True
1,0.000000,s443,s443,True
1,0.000000,s443,s443,True
1,0.000000,s443,s443,True
1,0.000000,s443,s443,True
1,0.000000,s418,s418,True
1,0.000000,s418,s418,True
1,0.000000,s418,s418,True
1,0.000000,s418,s418,True
1,0.000000,s569,s569,True
0,0.000000,s569,s197,False
1,0.000000,s569,s569,True
0,0.000000,s569,s406,False
0,0.000000,s569,s34,False
1,0.000000,s569,s569,True
1,0.000000,s569,s569,True
0,0.000000,s569,s139,False
1,0.000000,s569,s569,True
1,0.000000,s172,s172,True
1,0.000000,s172,s172,True
1,0.000000,s172,s172,True
1,0.000000,s172,s172,True
1,0.000000,s172,s172,True
1,0.000000,s172,s172,True
1,0.000000,s172,s172,True
1,0.000000,s172,s172,True
1,0.000000,s172,s172,True
1,0.000000,s529,s529,True
0,0.000000,s529,s587,False
1,0.000000,s529,s529,True
1,0.000000,s529,s529,True
0,0.000000,s529,s380,False
1,0.000000,s529,s529,True
1,0.000000,s529,s529,True
1,0.000000,s529,s529,True
0,0.000000,s529,s380,False
1,0.000000,s452,s452,True
1,0.000000,s452,s452,True
1,0.000000,s452,s452,True
1,0.000000,s452,s452,True
1,0.000000,s452,s452,True
1,0.000000,s452,s452,True
1,0.000000,s452,s452,True
1,0.000000,s452,s452,True
1,0.000000,s452,s452,True
1,0.000000,s258,s258,True
1,0.000000,s258,s258,True
1,0.000000,s258,s258,True
1,0.000000,s258,s258,True
1,0.000000,s258,s258,True
1,0.000000,s258,s258,True
1,0.000000,s258,s258,True
1,0.000000,s258,s258,True
1,0.000000,s33,s33,True
1,0.000000,s33,s33,True
1,0.000000,s33,s33,True
1,0.000000,s33,s33,True
1,0.000000,s33,s33,True
1,0.000000,s33,s33,True
1,0.000000,s33,s33,True
1,0.000000,s33,s33,True
1,0.000000,s33,s33,True
1,0.000000,s459,s459,True
1,0.000000,s459,s459,True
1,0.000000,s459,s459,True
1,0.000000,s459,s459,True
1,0.000000,s459,s459,True
1,0.000000,s459,s459,True
1,0.000000,s459,s459,True
1,0.000000,s459,s459,True
1,0.000000,s459,s459,True
1,0.000000,s227,s227,True
1,0.000000,s227,s227,True
1,0.000000,s227,s227,True
1,0.000000,s227,s227,True
1,0.000000,s227,s227,True
1,0.000000,s227,s227,True
1,0.000000,s227,s227,True
1,0.000000,s381,s381,True
1,0.000000,s381,s381,True
1,0.000000,s381,s381,True
1,0.000000,s381,s381,True
1,0.000000,s381,s381,True
0,0.000000,s445,s287,False
1,0.000000,s445,s445,True
1,0.000000,s445,s445,True
0,0.000000,s445,s11,False
1,0.000000,s445,s445,True
1,0.000000,s445,s445,True
1,0.000000,s54,s54,True
1,0.000000,s54,s54,True
0,0.000000,s54,s310,False
0,0.000000,s54,s147,False
1,0.000000,s54,s54,True
1,0.000000,s54,s54,True
0,0.000000,s284,s410,False
1,0.000000,s284,s284,True
0,0.000000,s284,s126,False
1,0.000000,s284,s284,True
0,0.000000,s284,s410,False
1,0.000000,s369,s369,True
1,0.000000,s369,s369,True
1,0.000000,s369,s369,True
1,0.000000,s369,s369,True
1,0.000000,s249,s249,True
1,0.000000,s249,s249,True
1,0.000000,s605,s605,True
1,0.000000,s605,s605,True
1,0.000000,s605,s605,True
1,0.000000,s605,s605,True
1,0.000000,s605,s605,True
1,0.000000,s512,s512,True
1,0.000000,s512,s512,True
1,0.000000,s512,s512,True
0,0.000000,s512,s402,False
1,0.000000,s512,s512,True
1,0.000000,s512,s512,True
1,0.000000,s512,s512,True
1,0.000000,s512,s512,True
1,0.000000,s512,s512,True
1,0.000000,s444,s444,True
1,0.000000,s444,s444,True
1,0.000000,s444,s444,True
1,0.000000,s444,s444,True
1,0.000000,s444,s444,True
1,0.000000,s444,s444,True
1,0.000000,s444,s444,True
1,0.000000,s444,s444,True
1,0.000000,s444,s444,True
1,0.000000,s585,s585,True
1,0.000000,s585,s585,True
1,0.000000,s585,s585,True
1,0.000000,s585,s585,True
1,0.000000,s585,s585,True
1,0.000000,s585,s585,True
1,0.000000,s333,s333,True
1,0.000000,s333,s333,True
1,0.000000,s333,s333,True
1,0.000000,s333,s333,True
0,0.000000,s333,s602,False
1,0.000000,s333,s333,True
1,0.000000,s333,s333,True
1,0.000000,s333,s333,True
1,0.000000,s493,s493,True
1,0.000000,s493,s493,True
1,0.000000,s493,s493,True
1,0.000000,s493,s493,True
1,0.000000,s493,s493,True
1,0.000000,s493,s493,True
1,0.000000,s43,s43,True
1,0.000000,s43,s43,True
1,0.000000,s43,s43,True
1,0.000000,s43,s43,True
1,0.000000,s43,s43,True
1,0.000000,s43,s43,True
1,0.000000,s43,s43,True
1,0.000000,s43,s43,True
1,0.000000,s256,s256,True
1,0.000000,s256,s256,True
1,0.000000,s256,s256,True
1,0.000000,s256,s256,True
1,0.000000,s256,s256,True
1,0.000000,s256,s256,True
1,0.000000,s256,s256,True
1,0.000000,s77,s77,True
1,0.000000,s77,s77,True
1,0.000000,s77,s77,True
1,0.000000,s77,s77,True
1,0.000000,s77,s77,True
1,0.000000,s77,s77,True
1,0.000000,s77,s77,True
1,0.000000,s77,s77,True
1,0.000000,s77,s77,True
1,0.000000,s61,s61,True
1,0.000000,s61,s61,True
1,0.000000,s61,s61,True
1,0.000000,s61,s61,True
1,0.000000,s61,s61,True
1,0.000000,s61,s61,True
1,0.000000,s61,s61,True
1,0.000000,s61,s61,True
1,0.000000,s61,s61,True
1,0.000000,s236,s236,True
1,0.000000,s236,s236,True
1,0.000000,s236,s236,True
1,0.000000,s236,s236,True
1,0.000000,s236,s236,True
1,0.000000,s236,s236,True
1,0.000000,s236,s236,True
1,0.000000,s236,s236,True
1,0.000000,s236,s236,True
0,0.000000,s4,s139,False
1,0.000000,s4,s4,True
0,0.000000,s4,s139,False
1,0.000000,s4,s4,True
0,0.000000,s4,s139,False
1,0.000000,s4,s4,True
0,0.000000,s4,s139,False
0,0.000000,s4,s139,False
1,0.000000,s4,s4,True
1,0.000000,s485,s485,True
1,0.000000,s485,s485,True
1,0.000000,s485,s485,True
1,0.000000,s485,s485,True
1,0.000000,s485,s485,True
1,0.000000,s485,s485,True
1,0.000000,s485,s485,True
1,0.000000,s485,s485,True
1,0.000000,s485,s485,True
1,0.000000,s280,s280,True
1,0.000000,s280,s280,True
1,0.000000,s280,s280,True
1,0.000000,s280,s280,True
1,0.000000,s296,s296,True
1,0.000000,s296,s296,True
1,0.000000,s296,s296,True
1,0.000000,s296,s296,True
1,0.000000,s157,s157,True
1,0.000000,s157,s157,True
1,0.000000,s157,s157,True
1,0.000000,s157,s157,True
1,0.000000,s157,s157,True
1,0.000000,s157,s157,True
1,0.000000,s157,s157,True
1,0.000000,s157,s157,True
1,0.000000,s157,s157,True
1,0.000000,s334,s334,True
1,0.000000,s334,s334,True
1,0.000000,s334,s334,True
1,0.000000,s334,s334,True
1,0.000000,s334,s334,True
1,0.000000,s334,s334,True
1,0.000000,s334,s334,True
1,0.000000,s153,s153,True
1,0.000000,s153,s153,True
1,0.000000,s153,s153,True
1,0.000000,s392,s392,True
0,0.000000,s392,s462,False
1,0.000000,s392,s392,True
1,0.000000,s392,s392,True
1,0.000000,s392,s392,True
1,0.000000,s392,s392,True
1,0.000000,s392,s392,True
1,0.000000,s392,s392,True
1,0.000000,s392,s392,True
1,0.000000,s72,s72,True
1,0.000000,s72,s72,True
1,0.000000,s72,s72,True
1,0.000000,s72,s72,True
1,0.000000,s494,s494,True
1,0.000000,s494,s494,True
1,0.000000,s494,s494,True
1,0.000000,s494,s494,True
1,0.000000,s494,s494,True
1,0.000000,s494,s494,True
1,0.000000,s494,s494,True
1,0.000000,s494,s494,True
1,0.000000,s494,s494,True
1,0.000000,s75,s75,True
1,0.000000,s75,s75,True
1,0.000000,s75,s75,True
1,0.000000,s75,s75,True
1,0.000000,s75,s75,True
1,0.000000,s75,s75,True
1,0.000000,s75,s75,True
1,0.000000,s75,s75,True
1,0.000000,s75,s75,True
0,0.000000,s491,s406,False
1,0.000000,s491,s491,True
0,0.000000,s491,s197,False
1,0.000000,s491,s491,True
0,0.000000,s491,s406,False
1,0.000000,s491,s491,True
1,0.000000,s299,s299,True
1,0.000000,s299,s299,True
1,0.000000,s299,s299,True
1,0.000000,s299,s299,True
1,0.000000,s299,s299,True
1,0.000000,s299,s299,True
1,0.000000,s299,s299,True
1,0.000000,s427,s427,True
1,0.000000,s427,s427,True
1,0.000000,s427,s427,True
1,0.000000,s427,s427,True
1,0.000000,s427,s427,True
1,0.000000,s574,s574,True
1,0.000000,s574,s574,True
1,0.000000,s574,s574,True
1,0.000000,s574,s574,True
1,0.000000,s574,s574,True
1,0.000000,s574,s574,True
1,0.000000,s420,s420,True
1,0.000000,s420,s420,True
1,0.000000,s420,s420,True
1,0.000000,s420,s420,True
1,0.000000,s420,s420,True
1,0.000000,s134,s134,True
1,0.000000,s134,s134,True
1,0.000000,s134,s134,True
1,0.000000,s134,s134,True
1,0.000000,s134,s134,True
1,0.000000,s134,s134,True
1,0.000000,s134,s134,True
1,0.000000,s134,s134,True
1,0.000000,s134,s134,True
1,0.000000,s451,s451,True
1,0.000000,s451,s451,True
1,0.000000,s46,s46,True
1,0.000000,s46,s46,True
0,0.000000,s46,s129,False
1,0.000000,s46,s46,True
1,0.000000,s46,s46,True
1,0.000000,s46,s46,True
0,0.000000,s228,s541,False
0,0.000000,s228,s506,False
0,0.000000,s228,s280,False
0,0.000000,s228,s506,False
0,0.000000,s228,s506,False
1,0.000000,s290,s290,True
1,0.000000,s290,s290,True
1,0.000000,s290,s290,True
1,0.000000,s290,s290,True
1,0.000000,s290,s290,True
1,0.000000,s290,s290,True
1,0.000000,s290,s290,True
1,0.000000,s290,s290,True
1,0.000000,s290,s290,True
1,0.000000,s8,s8,True
1,0.000000,s8,s8,True
0,0.000000,s8,s256,False
0,0.000000,s8,s512,False
1,0.000000,s8,s8,True
1,0.000000,s8,s8,True
1,0.000000,s8,s8,True
1,0.000000,s8,s8,True
1,0.000000,s8,s8,True
1,0.000000,s535,s535,True
1,0.000000,s535,s535,True
1,0.000000,s535,s535,True
1,0.000000,s535,s535,True
1,0.000000,s535,s535,True
1,0.000000,s535,s535,True
1,0.000000,s535,s535,True
0,0.000000,s122,s18,False
0,0.000000,s122,s18,False
1,0.000000,s122,s122,True
1,0.000000,s122,s122,True
1,0.000000,s122,s122,True
1,0.000000,s122,s122,True
1,0.000000,s122,s122,True
1,0.000000,s122,s122,True
1,0.000000,s122,s122,True
1,0.000000,s492,s492,True
1,0.000000,s492,s492,True
1,0.000000,s492,s492,True
1,0.000000,s492,s492,True
1,0.000000,s492,s492,True
1,0.000000,s492,s492,True
1,0.000000,s492,s492,True
1,0.000000,s492,s492,True
1,0.000000,s492,s492,True
1,0.000000,s37,s37,True
1,0.000000,s37,s37,True
1,0.000000,s37,s37,True
1,0.000000,s37,s37,True
1,0.000000,s37,s37,True
1,0.000000,s37,s37,True
1,0.000000,s37,s37,True
1,0.000000,s37,s37,True
1,0.000000,s505,s505,True
1,0.000000,s505,s505,True
0,0.000000,s505,s452,False
1,0.000000,s505,s505,True
1,0.000000,s505,s505,True
0,0.000000,s505,s452,False
0,0.000000,s505,s452,False
1,0.000000,s274,s274,True
1,0.000000,s274,s274,True
1,0.000000,s274,s274,True
1,0.000000,s274,s274,True
1,0.000000,s274,s274,True
1,0.000000,s274,s274,True
1,0.000000,s274,s274,True
1,0.000000,s274,s274,True
1,0.000000,s274,s274,True
1,0.000000,s322,s322,True
1,0.000000,s322,s322,True
1,0.000000,s322,s322,True
1,0.000000,s322,s322,True
1,0.000000,s322,s322,True
1,0.000000,s322,s322,True
1,0.000000,s322,s322,True
1,0.000000,s322,s322,True
1,0.000000,s322,s322,True
1,0.000000,s9,s9,True
1,0.000000,s9,s9,True
1,0.000000,s9,s9,True
1,0.000000,s9,s9,True
1,0.000000,s9,s9,True
1,0.000000,s9,s9,True
1,0.000000,s306,s306,True
1,0.000000,s306,s306,True
1,0.000000,s306,s306,True
1,0.000000,s306,s306,True
1,0.000000,s306,s306,True
1,0.000000,s306,s306,True
1,0.000000,s306,s306,True
1,0.000000,s306,s306,True
1,0.000000,s306,s306,True
1,0.000000,s164,s164,True
1,0.000000,s164,s164,True
1,0.000000,s164,s164,True
1,0.000000,s164,s164,True
1,0.000000,s164,s164,True
1,0.000000,s164,s164,True
1,0.000000,s164,s164,True
1,0.000000,s164,s164,True
1,0.000000,s164,s164,True
1,0.000000,s311,s311,True
1,0.000000,s311,s311,True
1,0.000000,s311,s311,True
1,0.000000,s311,s311,True
1,0.000000,s311,s311,True
1,0.000000,s311,s311,True
1,0.000000,s462,s462,True
1,0.000000,s462,s462,True
1,0.000000,s462,s462,True
0,0.000000,s462,s270,False
1,0.000000,s462,s462,True
1,0.000000,s462,s462,True
1,0.000000,s462,s462,True
1,0.000000,s462,s462,True
1,0.000000,s462,s462,True
1,0.000000,s221,s221,True
1,0.000000,s221,s221,True
1,0.000000,s221,s221,True
1,0.000000,s221,s221,True
1,0.000000,s221,s221,True
1,0.000000,s221,s221,True
1,0.000000,s240,s240,True
1,0.000000,s240,s240,True
0,0.000000,s240,s485,False
1,0.000000,s240,s240,True
0,0.000000,s240,s398,False
0,0.000000,s240,s398,False
0,0.000000,s240,s71,False
0,0.000000,s279,s509,False
1,0.000000,s279,s279,True
1,0.000000,s279,s279,True
1,0.000000,s279,s279,True
1,0.000000,s279,s279,True
1,0.000000,s279,s279,True
1,0.000000,s279,s279,True
1,0.000000,s148,s148,True
1,0.000000,s148,s148,True
1,0.000000,s148,s148,True
1,0.000000,s148,s148,True
0,0.000000,s148,s347,False
1,0.000000,s148,s148,True
1,0.000000,s83,s83,True
1,0.000000,s83,s83,True
1,0.000000,s83,s83,True
1,0.000000,s83,s83,True
1,0.000000,s83,s83,True
1,0.000000,s83,s83,True
1,0.000000,s83,s83,True
1,0.000000,s253,s253,True
1,0.000000,s253,s253,True
1,0.000000,s253,s253,True
1,0.000000,s253,s253,True
1,0.000000,s253,s253,True
1,0.000000,s253,s253,True
1,0.000000,s253,s253,True
1,0.000000,s594,s594,True
1,0.000000,s594,s594,True
1,0.000000,s594,s594,True
1,0.000000,s594,s594,True
1,0.000000,s594,s594,True
0,0.000000,s594,s81,False
1,0.000000,s594,s594,True
1,0.000000,s594,s594,True
1,0.000000,s594,s594,True
1,0.000000,s174,s174,True
1,0.000000,s174,s174,True
1,0.000000,s174,s174,True
1,0.000000,s174,s174,True
1,0.000000,s174,s174,True
0,0.000000,s215,s366,False
1,0.000000,s215,s215,True
1,0.000000,s215,s215,True
0,0.000000,s215,s366,False
1,0.000000,s215,s215,True
1,0.000000,s215,s215,True
1,0.000000,s215,s215,True
0,0.000000,s215,s164,False
1,0.000000,s215,s215,True
1,0.000000,s308,s308,True
1,0.000000,s308,s308,True
1,0.000000,s308,s308,True
1,0.000000,s411,s411,True
1,0.000000,s411,s411,True
1,0.000000,s411,s411,True
1,0.000000,s411,s411,True
1,0.000000,s411,s411,True
1,0.000000,s411,s411,True
1,0.000000,s411,s411,True
1,0.000000,s411,s411,True
1,0.000000,s411,s411,True
1,0.000000,s573,s573,True
1,0.000000,s573,s573,True
1,0.000000,s573,s573,True
1,0.000000,s573,s573,True
1,0.000000,s573,s573,True
1,0.000000,s573,s573,True
1,0.000000,s573,s573,True
1,0.000000,s573,s573,True
1,0.000000,s573,s573,True
1,0.000000,s477,s477,True
1,0.000000,s477,s477,True
1,0.000000,s477,s477,True
1,0.000000,s477,s477,True
1,0.000000,s477,s477,True
1,0.000000,s477,s477,True
1,0.000000,s477,s477,True
1,0.000000,s477,s477,True
1,0.000000,s477,s477,True
1,0.000000,s599,s599,True
1,0.000000,s266,s266,True
1,0.000000,s266,s266,True
1,0.000000,s266,s266,True
1,0.000000,s266,s266,True
1,0.000000,s266,s266,True
1,0.000000,s266,s266,True
1,0.000000,s266,s266,True
1,0.000000,s368,s368,True
0,0.000000,s368,s85,False
1,0.000000,s368,s368,True
1,0.000000,s368,s368,True
0,0.000000,s368,s443,False
1,0.000000,s368,s368,True
1,0.000000,s368,s368,True
1,0.000000,s358,s358,True
1,0.000000,s358,s358,True
1,0.000000,s358,s358,True
1,0.000000,s358,s358,True
1,0.000000,s358,s358,True
1,0.000000,s358,s358,True
1,0.000000,s358,s358,True
1,0.000000,s358,s358,True
1,0.000000,s358,s358,True
1,0.000000,s53,s53,True
0,0.000000,s53,s52,False
1,0.000000,s53,s53,True
1,0.000000,s53,s53,True
0,0.000000,s53,s52,False
1,0.000000,s53,s53,True
0,0.000000,s53,s52,False
1,0.000000,s53,s53,True
1,0.000000,s53,s53,True
1,0.000000,s327,s327,True
1,0.000000,s327,s327,True
1,0.000000,s327,s327,True
1,0.000000,s327,s327,True
1,0.000000,s327,s327,True
1,0.000000,s327,s327,True
1,0.000000,s327,s327,True
0,0.000000,s327,s483,False
1,0.000000,s281,s281,True
1,0.000000,s281,s281,True
1,0.000000,s281,s281,True
1,0.000000,s281,s281,True
1,0.000000,s281,s281,True
1,0.000000,s281,s281,True
1,0.000000,s281,s281,True
1,0.000000,s281,s281,True
1,0.000000,s281,s281,True
1,0.000000,s68,s68,True
1,0.000000,s68,s68,True
1,0.000000,s68,s68,True
1,0.000000,s68,s68,True
1,0.000000,s68,s68,True
1,0.000000,s68,s68,True
1,0.000000,s68,s68,True
1,0.000000,s68,s68,True
1,0.000000,s515,s515,True
1,0.000000,s515,s515,True
1,0.000000,s515,s515,True
1,0.000000,s559,s559,True
1,0.000000,s559,s559,True
1,0.000000,s559,s559,True
1,0.000000,s409,s409,True
0,0.000000,s409,s399,False
1,0.000000,s409,s409,True
1,0.000000,s409,s409,True
1,0.000000,s409,s409,True
1,0.000000,s220,s220,True
1,0.000000,s220,s220,True
1,0.000000,s220,s220,True
1,0.000000,s474,s474,True
1,0.000000,s474,s474,True
1,0.000000,s474,s474,True
1,0.000000,s474,s474,True
1,0.000000,s474,s474,True
1,0.000000,s62,s62,True
0,0.000000,s62,s374,False
1,0.000000,s147,s147,True
1,0.000000,s147,s147,True
1,0.000000,s47,s47,True
1,0.000000,s47,s47,True
1,0.000000,s47,s47,True
1,0.000000,s47,s47,True
1,0.000000,s47,s47,True
1,0.000000,s47,s47,True
1,0.000000,s47,s47,True
1,0.000000,s195,s195,True
1,0.000000,s195,s195,True
1,0.000000,s195,s195,True
1,0.000000,s195,s195,True
1,0.000000,s475,s475,True
1,0.000000,s475,s475,True
1,0.000000,s475,s475,True
1,0.000000,s217,s217,True
1,0.000000,s217,s217,True
1,0.000000,s217,s217,True
1,0.000000,s217,s217,True
1,0.000000,s217,s217,True
1,0.000000,s217,s217,True
0,0.000000,s26,s466,False
1,0.000000,s26,s26,True
0,0.000000,s26,s138,False
0,0.000000,s26,s466,False
1,0.000000,s26,s26,True
0,0.000000,s26,s466,False
0,0.000000,s26,s466,False
0,0.000000,s26,s466,False
0,0.000000,s26,s466,False
1,0.000000,s450,s450,True
1,0.000000,s450,s450,True
1,0.000000,s450,s450,True
1,0.000000,s450,s450,True
1,0.000000,s450,s450,True
0,0.000000,s97,s71,False
1,0.000000,s97,s97,True
1,0.000000,s97,s97,True
1,0.000000,s97,s97,True
0,0.000000,s97,s529,False
1,0.000000,s97,s97,True
1,0.000000,s97,s97,True
1,0.000000,s466,s466,True
1,0.000000,s466,s466,True
1,0.000000,s466,s466,True
1,0.000000,s466,s466,True
1,0.000000,s466,s466,True
0,0.000000,s466,s26,False
0,0.000000,s466,s26,False
1,0.000000,s466,s466,True
1,0.000000,s466,s466,True
1,0.000000,s478,s478,True
1,0.000000,s478,s478,True
1,0.000000,s478,s478,True
1,0.000000,s478,s478,True
1,0.000000,s478,s478,True
1,0.000000,s478,s478,True
1,0.000000,s478,s478,True
1,0.000000,s478,s478,True
1,0.000000,s478,s478,True
1,0.000000,s168,s168,True
1,0.000000,s168,s168,True
1,0.000000,s168,s168,True
1,0.000000,s168,s168,True
1,0.000000,s168,s168,True
1,0.000000,s168,s168,True
1,0.000000,s168,s168,True
1,0.000000,s168,s168,True
1,0.000000,s168,s168,True
1,0.000000,s406,s406,True
1,0.000000,s406,s406,True
1,0.000000,s406,s406,True
1,0.000000,s406,s406,True
1,0.000000,s406,s406,True
1,0.000000,s406,s406,True
1,0.000000,s406,s406,True
1,0.000000,s406,s406,True
1,0.000000,s406,s406,True
1,0.000000,s19,s19,True
1,0.000000,s19,s19,True
1,0.000000,s283,s283,True
1,0.000000,s283,s283,True
1,0.000000,s283,s283,True
1,0.000000,s283,s283,True
1,0.000000,s283,s283,True
1,0.000000,s76,s76,True
1,0.000000,s76,s76,True
1,0.000000,s76,s76,True
1,0.000000,s76,s76,True
1,0.000000,s76,s76,True
1,0.000000,s76,s76,True
1,0.000000,s76,s76,True
1,0.000000,s76,s76,True
1,0.000000,s76,s76,True
0,0.000000,s315,s343,False
1,0.000000,s315,s315,True
1,0.000000,s315,s315,True
1,0.000000,s315,s315,True
1,0.000000,s315,s315,True
1,0.000000,s315,s315,True
1,0.000000,s315,s315,True
1,0.000000,s315,s315,True
1,0.000000,s294,s294,True
1,0.000000,s294,s294,True
1,0.000000,s294,s294,True
1,0.000000,s294,s294,True
0,0.000000,s294,s172,False
1,0.000000,s294,s294,True
1,0.000000,s294,s294,True
1,0.000000,s294,s294,True
1,0.000000,s294,s294,True
1,0.000000,s382,s382,True
1,0.000000,s382,s382,True
1,0.000000,s382,s382,True
1,0.000000,s382,s382,True
1,0.000000,s382,s382,True
0,0.000000,s382,s224,False
1,0.000000,s538,s538,True
1,0.000000,s538,s538,True
1,0.000000,s313,s313,True
1,0.000000,s313,s313,True
1,0.000000,s313,s313,True
1,0.000000,s313,s313,True
1,0.000000,s313,s313,True
1,0.000000,s313,s313,True
1,0.000000,s313,s313,True
1,0.000000,s313,s313,True
1,0.000000,s313,s313,True
1,0.000000,s425,s425,True
1,0.000000,s425,s425,True
1,0.000000,s425,s425,True
1,0.000000,s425,s425,True
1,0.000000,s425,s425,True
1,0.000000,s425,s425,True
1,0.000000,s425,s425,True
1,0.000000,s205,s205,True
1,0.000000,s205,s205,True
1,0.000000,s205,s205,True
1,0.000000,s205,s205,True
1,0.000000,s105,s105,True
1,0.000000,s105,s105,True
1,0.000000,s105,s105,True
1,0.000000,s105,s105,True
1,0.000000,s105,s105,True
1,0.000000,s105,s105,True
1,0.000000,s105,s105,True
1,0.000000,s105,s105,True
1,0.000000,s105,s105,True
1,0.000000,s297,s297,True
1,0.000000,s297,s297,True
1,0.000000,s310,s310,True
1,0.000000,s310,s310,True
1,0.000000,s310,s310,True
1,0.000000,s310,s310,True
1,0.000000,s310,s310,True
1,0.000000,s310,s310,True
1,0.000000,s310,s310,True
1,0.000000,s310,s310,True
1,0.000000,s310,s310,True
1,0.000000,s468,s468,True
1,0.000000,s468,s468,True
1,0.000000,s468,s468,True
0,0.000000,s468,s9,False
0,0.000000,s468,s573,False
0,0.000000,s468,s176,False
1,0.000000,s410,s410,True
1,0.000000,s410,s410,True
1,0.000000,s410,s410,True
1,0.000000,s410,s410,True
1,0.000000,s410,s410,True
1,0.000000,s410,s410,True
1,0.000000,s410,s410,True
0,0.000000,s499,s212,False
0,0.000000,s499,s212,False
0,0.000000,s499,s535,False
0,0.000000,s499,s110,False
1,0.000000,s499,s499,True
0,0.000000,s499,s110,False
0,0.000000,s499,s437,False
0,0.000000,s499,s243,False
1,0.000000,s499,s499,True
1,0.000000,s361,s361,True
1,0.000000,s361,s361,True
1,0.000000,s361,s361,True
1,0.000000,s361,s361,True
1,0.000000,s361,s361,True
1,0.000000,s361,s361,True
1,0.000000,s361,s361,True
1,0.000000,s361,s361,True
1,0.000000,s361,s361,True
1,0.000000,s129,s129,True
1,0.000000,s129,s129,True
1,0.000000,s129,s129,True
1,0.000000,s129,s129,True
1,0.000000,s129,s129,True
1,0.000000,s129,s129,True
1,0.000000,s129,s129,True
1,0.000000,s39,s39,True
1,0.000000,s39,s39,True
1,0.000000,s39,s39,True
1,0.000000,s39,s39,True
1,0.000000,s39,s39,True
1,0.000000,s39,s39,True
1,0.000000,s39,s39,True
1,0.000000,s39,s39,True
1,0.000000,s586,s586,True
1,0.000000,s586,s586,True
1,0.000000,s586,s586,True
1,0.000000,s586,s586,True
1,0.000000,s586,s586,True
1,0.000000,s235,s235,True
1,0.000000,s235,s235,True
1,0.000000,s235,s235,True
1,0.000000,s235,s235,True
1,0.000000,s235,s235,True
1,0.000000,s235,s235,True
1,0.000000,s235,s235,True
1,0.000000,s235,s235,True
1,0.000000,s235,s235,True
1,0.000000,s286,s286,True
1,0.000000,s190,s190,True
1,0.000000,s190,s190,True
1,0.000000,s190,s190,True
1,0.000000,s190,s190,True
1,0.000000,s190,s190,True
1,0.000000,s190,s190,True
1,0.000000,s190,s190,True
1,0.000000,s190,s190,True
1,0.000000,s190,s190,True
1,0.000000,s587,s587,True
1,0.000000,s587,s587,True
1,0.000000,s587,s587,True
1,0.000000,s587,s587,True
1,0.000000,s587,s587,True
1,0.000000,s587,s587,True
1,0.000000,s587,s587,True
1,0.000000,s587,s587,True
1,0.000000,s587,s587,True
1,0.000000,s270,s270,True
1,0.000000,s270,s270,True
1,0.000000,s270,s270,True
1,0.000000,s270,s270,True
1,0.000000,s270,s270,True
1,0.000000,s341,s341,True
1,0.000000,s341,s341,True
1,0.000000,s341,s341,True
1,0.000000,s341,s341,True
0,0.000000,s454,s399,False
0,0.000000,s454,s399,False
0,0.000000,s454,s399,False
1,0.000000,s454,s454,True
0,0.000000,s454,s399,False
1,0.000000,s454,s454,True
0,0.000000,s454,s399,False
1,0.000000,s454,s454,True
1,0.000000,s454,s454,True
0,0.000000,s36,s324,False
1,0.000000,s36,s36,True
1,0.000000,s36,s36,True
1,0.000000,s36,s36,True
1,0.000000,s36,s36,True
1,0.000000,s36,s36,True
1,0.000000,s36,s36,True
1,0.000000,s36,s36,True
1,0.000000,s439,s439,True
1,0.000000,s439,s439,True
1,0.000000,s439,s439,True
1,0.000000,s439,s439,True
1,0.000000,s439,s439,True
1,0.000000,s439,s439,True
1,0.000000,s64,s64,True
1,0.000000,s64,s64,True
1,0.000000,s64,s64,True
1,0.000000,s64,s64,True
1,0.000000,s64,s64,True
1,0.000000,s383,s383,True
1,0.000000,s383,s383,True
1,0.000000,s383,s383,True
1,0.000000,s383,s383,True
1,0.000000,s383,s383,True
1,0.000000,s440,s440,True
1,0.000000,s440,s440,True
1,0.000000,s440,s440,True
1,0.000000,s440,s440,True
0,0.000000,s440,s432,False
1,0.000000,s440,s440,True
1,0.000000,s440,s440,True
1,0.000000,s440,s440,True
1,0.000000,s440,s440,True
1,0.000000,s90,s90,True
0,0.000000,s90,s520,False
1,0.000000,s90,s90,True
1,0.000000,s18,s18,True
1,0.000000,s18,s18,True
1,0.000000,s18,s18,True
1,0.000000,s18,s18,True
1,0.000000,s18,s18,True
1,0.000000,s18,s18,True
1,0.000000,s18,s18,True
1,0.000000,s18,s18,True
1,0.000000,s18,s18,True
1,0.000000,s196,s196,True
1,0.000000,s196,s196,True
1,0.000000,s196,s196,True
1,0.000000,s196,s196,True
1,0.000000,s196,s196,True
1,0.000000,s196,s196,True
1,0.000000,s196,s196,True
1,0.000000,s234,s234,True
1,0.000000,s234,s234,True
1,0.000000,s234,s234,True
1,0.000000,s234,s234,True
1,0.000000,s234,s234,True
1,0.000000,s234,s234,True
1,0.000000,s376,s376,True
0,0.000000,s376,s366,False
0,0.000000,s376,s186,False
1,0.000000,s376,s376,True
0,0.000000,s376,s586,False
1,0.000000,s376,s376,True
1,0.000000,s376,s376,True
0,0.000000,s376,s190,False
0,0.000000,s376,s309,False
1,0.000000,s318,s318,True
1,0.000000,s318,s318,True
1,0.000000,s318,s318,True
1,0.000000,s318,s318,True
1,0.000000,s318,s318,True
1,0.000000,s318,s318,True
1,0.000000,s318,s318,True
1,0.000000,s318,s318,True
1,0.000000,s318,s318,True
1,0.000000,s218,s218,True
1,0.000000,s218,s218,True
1,0.000000,s218,s218,True
1,0.000000,s218,s218,True
1,0.000000,s481,s481,True
1,0.000000,s481,s481,True
1,0.000000,s481,s481,True
1,0.000000,s481,s481,True
1,0.000000,s481,s481,True
1,0.000000,s481,s481,True
1,0.000000,s554,s554,True
1,0.000000,s554,s554,True
1,0.000000,s554,s554,True
1,0.000000,s554,s554,True
1,0.000000,s554,s554,True
1,0.000000,s554,s554,True
1,0.000000,s554,s554,True
1,0.000000,s554,s554,True
1,0.000000,s554,s554,True
1,0.000000,s340,s340,True
1,0.000000,s340,s340,True
1,0.000000,s340,s340,True
1,0.000000,s602,s602,True
1,0.000000,s602,s602,True
1,0.000000,s602,s602,True
0,0.000000,s602,s401,False
0,0.000000,s602,s401,False
1,0.000000,s602,s602,True
1,0.000000,s457,s457,True
0,0.000000,s457,s139,False
1,0.000000,s457,s457,True
1,0.000000,s457,s457,True
0,0.000000,s457,s325,False
1,0.000000,s457,s457,True
1,0.000000,s457,s457,True
1,0.000000,s457,s457,True
1,0.000000,s521,s521,True
1,0.000000,s521,s521,True
1,0.000000,s521,s521,True
1,0.000000,s521,s521,True
1,0.000000,s521,s521,True
1,0.000000,s521,s521,True
1,0.000000,s12,s12,True
1,0.000000,s12,s12,True
1,0.000000,s12,s12,True
1,0.000000,s12,s12,True
1,0.000000,s12,s12,True
1,0.000000,s12,s12,True
1,0.000000,s34,s34,True
1,0.000000,s34,s34,True
1,0.000000,s34,s34,True
1,0.000000,s34,s34,True
1,0.000000,s34,s34,True
1,0.000000,s34,s34,True
1,0.000000,s34,s34,True
1,0.000000,s34,s34,True
1,0.000000,s34,s34,True
1,0.000000,s321,s321,True
1,0.000000,s321,s321,True
1,0.000000,s321,s321,True
1,0.000000,s321,s321,True
1,0.000000,s321,s321,True
1,0.000000,s321,s321,True
1,0.000000,s321,s321,True
1,0.000000,s321,s321,True
1,0.000000,s321,s321,True
1,0.000000,s191,s191,True
1,0.000000,s191,s191,True
1,0.000000,s191,s191,True
1,0.000000,s191,s191,True
1,0.000000,s191,s191,True
1,0.000000,s191,s191,True
1,0.000000,s191,s191,True
1,0.000000,s191,s191,True
1,0.000000,s562,s562,True
1,0.000000,s562,s562,True
1,0.000000,s562,s562,True
1,0.000000,s562,s562,True
1,0.000000,s562,s562,True
1,0.000000,s562,s562,True
1,0.000000,s562,s562,True
1,0.000000,s562,s562,True
1,0.000000,s562,s562,True
1,0.000000,s95,s95,True
1,0.000000,s95,s95,True
1,0.000000,s95,s95,True
0,0.000000,s95,s48,False
1,0.000000,s264,s264,True
1,0.000000,s264,s264,True
1,0.000000,s264,s264,True
1,0.000000,s264,s264,True
1,0.000000,s264,s264,True
1,0.000000,s264,s264,True
1,0.000000,s264,s264,True
1,0.000000,s264,s264,True
0,0.000000,s399,s198,False
1,0.000000,s399,s399,True
0,0.000000,s399,s189,False
0,0.000000,s399,s6,False
1,0.000000,s467,s467,True
1,0.000000,s467,s467,True
1,0.000000,s467,s467,True
1,0.000000,s467,s467,True
1,0.000000,s467,s467,True
1,0.000000,s467,s467,True
1,0.000000,s467,s467,True
1,0.000000,s467,s467,True
1,0.000000,s467,s467,True
1,0.000000,s265,s265,True
1,0.000000,s265,s265,True
1,0.000000,s265,s265,True
1,0.000000,s265,s265,True
1,0.000000,s265,s265,True
1,0.000000,s175,s175,True
1,0.000000,s175,s175,True
1,0.000000,s175,s175,True
1,0.000000,s175,s175,True
0,0.000000,s175,s601,False
1,0.000000,s175,s175,True
1,0.000000,s175,s175,True
1,0.000000,s175,s175,True
1,0.000000,s175,s175,True
1,0.000000,s257,s257,True
1,0.000000,s257,s257,True
1,0.000000,s257,s257,True
1,0.000000,s257,s257,True
1,0.000000,s268,s268,True
1,0.000000,s268,s268,True
1,0.000000,s268,s268,True
1,0.000000,s268,s268,True
1,0.000000,s268,s268,True
1,0.000000,s268,s268,True
1,0.000000,s131,s131,True
1,0.000000,s131,s131,True
1,0.000000,s131,s131,True
1,0.000000,s131,s131,True
1,0.000000,s131,s131,True
1,0.000000,s131,s131,True
1,0.000000,s131,s131,True
1,0.000000,s131,s131,True
1,0.000000,s131,s131,True
1,0.000000,s275,s275,True
1,0.000000,s275,s275,True
1,0.000000,s275,s275,True
1,0.000000,s275,s275,True
1,0.000000,s275,s275,True
1,0.000000,s275,s275,True
1,0.000000,s275,s275,True
1,0.000000,s275,s275,True
1,0.000000,s275,s275,True
0,0.000000,s184,s376,False
1,0.000000,s184,s184,True
0,0.000000,s184,s544,False
0,0.000000,s184,s376,False
1,0.000000,s184,s184,True
1,0.000000,s184,s184,True
1,0.000000,s430,s430,True
1,0.000000,s430,s430,True
1,0.000000,s430,s430,True
0,0.000000,s197,unknown,False
0,0.000000,s197,s547,False
1,0.000000,s197,s197,True
1,0.000000,s197,s197,True
1,0.000000,s197,s197,True
1,0.000000,s503,s503,True
1,0.000000,s503,s503,True
1,0.000000,s503,s503,True
1,0.000000,s503,s503,True
1,0.000000,s503,s503,True
1,0.000000,s503,s503,True
1,0.000000,s503,s503,True
1,0.000000,s415,s415,True
1,0.000000,s415,s415,True
1,0.000000,s415,s415,True
1,0.000000,s415,s415,True
1,0.000000,s415,s415,True
1,0.000000,s126,s126,True
1,0.000000,s126,s126,True
1,0.000000,s126,s126,True
1,0.000000,s126,s126,True
1,0.000000,s126,s126,True
1,0.000000,s126,s126,True
1,0.000000,s126,s126,True
1,0.000000,s126,s126,True
1,0.000000,s126,s126,True
0,0.000000,s526,s256,False
1,0.000000,s526,s526,True
1,0.000000,s526,s526,True
0,0.000000,s526,s450,False
1,0.000000,s526,s526,True
0,0.000000,s526,s256,False
0,0.000000,s526,s450,False
1,0.000000,s526,s526,True
0,0.000000,s526,s512,False
1,0.000000,s517,s517,True
1,0.000000,s517,s517,True
1,0.000000,s517,s517,True
1,0.000000,s517,s517,True
1,0.000000,s517,s517,True
1,0.000000,s517,s517,True
1,0.000000,s517,s517,True
1,0.000000,s123,s123,True
1,0.000000,s123,s123,True
1,0.000000,s123,s123,True
1,0.000000,s123,s123,True
1,0.000000,s123,s123,True
1,0.000000,s123,s123,True
1,0.000000,s123,s123,True
1,0.000000,s123,s123,True
1,0.000000,s123,s123,True
0,0.000000,s403,s477,False
1,0.000000,s403,s403,True
1,0.000000,s403,s403,True
1,0.000000,s403,s403,True
1,0.000000,s403,s403,True
1,0.000000,s403,s403,True
1,0.000000,s403,s403,True
1,0.000000,s403,s403,True
1,0.000000,s241,s241,True
0,0.000000,s241,s191,False
1,0.000000,s241,s241,True
1,0.000000,s241,s241,True
1,0.000000,s241,s241,True
1,0.000000,s241,s241,True
1,0.000000,s241,s241,True
1,0.000000,s241,s241,True
1,0.000000,s241,s241,True
1,0.000000,s11,s11,True
1,0.000000,s11,s11,True
1,0.000000,s11,s11,True
1,0.000000,s11,s11,True
1,0.000000,s11,s11,True
1,0.000000,s11,s11,True
1,0.000000,s11,s11,True
1,0.000000,s11,s11,True
1,0.000000,s207,s207,True
1,0.000000,s207,s207,True
1,0.000000,s207,s207,True
1,0.000000,s207,s207,True
1,0.000000,s207,s207,True
1,0.000000,s207,s207,True
1,0.000000,s207,s207,True
1,0.000000,s207,s207,True
1,0.000000,s379,s379,True
1,0.000000,s379,s379,True
1,0.000000,s379,s379,True
1,0.000000,s379,s379,True
1,0.000000,s379,s379,True
1,0.000000,s379,s379,True
1,0.000000,s379,s379,True
1,0.000000,s379,s379,True
1,0.000000,s379,s379,True
1,0.000000,s348,s348,True
1,0.000000,s348,s348,True
1,0.000000,s120,s120,True
1,0.000000,s120,s120,True
1,0.000000,s120,s120,True
1,0.000000,s120,s120,True
1,0.000000,s120,s120,True
1,0.000000,s277,s277,True
1,0.000000,s277,s277,True
1,0.000000,s277,s277,True
1,0.000000,s277,s277,True
1,0.000000,s277,s277,True
1,0.000000,s277,s277,True
1,0.000000,s277,s277,True
1,0.000000,s277,s277,True
1,0.000000,s277,s277,True
1,0.000000,s10,s10,True
1,0.000000,s10,s10,True
1,0.000000,s10,s10,True
1,0.000000,s10,s10,True
1,0.000000,s10,s10,True
1,0.000000,s10,s10,True
1,0.000000,s10,s10,True
1,0.000000,s10,s10,True
1,0.000000,s10,s10,True
1,0.000000,s225,s225,True
1,0.000000,s225,s225,True
1,0.000000,s225,s225,True
1,0.000000,s225,s225,True
1,0.000000,s225,s225,True
1,0.000000,s225,s225,True
1,0.000000,s225,s225,True
1,0.000000,s225,s225,True
1,0.000000,s225,s225,True
1,0.000000,s577,s577,True
1,0.000000,s577,s577,True
1,0.000000,s577,s577,True
1,0.000000,s577,s577,True
1,0.000000,s229,s229,True
1,0.000000,s229,s229,True
1,0.000000,s229,s229,True
1,0.000000,s229,s229,True
1,0.000000,s229,s229,True
1,0.000000,s229,s229,True
1,0.000000,s229,s229,True
1,0.000000,s229,s229,True
1,0.000000,s229,s229,True
1,0.000000,s588,s588,True
1,0.000000,s588,s588,True
1,0.000000,s588,s588,True
1,0.000000,s588,s588,True
1,0.000000,s588,s588,True
1,0.000000,s588,s588,True
0,0.000000,s588,s242,False
1,0.000000,s588,s588,True
1,0.000000,s588,s588,True
1,0.000000,s540,s540,True
1,0.000000,s540,s540,True
1,0.000000,s540,s540,True
1,0.000000,s540,s540,True
1,0.000000,s540,s540,True
1,0.000000,s540,s540,True
1,0.000000,s540,s540,True
1,0.000000,s540,s540,True
1,0.000000,s163,s163,True
1,0.000000,s163,s163,True
1,0.000000,s163,s163,True
1,0.000000,s163,s163,True
1,0.000000,s163,s163,True
1,0.000000,s163,s163,True
1,0.000000,s161,s161,True
1,0.000000,s161,s161,True
1,0.000000,s161,s161,True
1,0.000000,s161,s161,True
1,0.000000,s161,s161,True
1,0.000000,s161,s161,True
1,0.000000,s161,s161,True
1,0.000000,s161,s161,True
0,0.000000,s161,s130,False
1,0.000000,s59,s59,True
1,0.000000,s59,s59,True
1,0.000000,s59,s59,True
1,0.000000,s59,s59,True
1,0.000000,s59,s59,True
1,0.000000,s59,s59,True
1,0.000000,s59,s59,True
1,0.000000,s59,s59,True
1,0.000000,s59,s59,True
1,0.000000,s581,s581,True
1,0.000000,s581,s581,True
1,0.000000,s581,s581,True
1,0.000000,s372,s372,True
1,0.000000,s372,s372,True
1,0.000000,s372,s372,True
1,0.000000,s372,s372,True
1,0.000000,s372,s372,True
1,0.000000,s372,s372,True
1,0.000000,s372,s372,True
1,0.000000,s210,s210,True
1,0.000000,s210,s210,True
1,0.000000,s210,s210,True
1,0.000000,s210,s210,True
1,0.000000,s210,s210,True
1,0.000000,s210,s210,True
1,0.000000,s210,s210,True
1,0.000000,s210,s210,True
1,0.000000,s210,s210,True
1,0.000000,s547,s547,True
1,0.000000,s547,s547,True
1,0.000000,s547,s547,True
1,0.000000,s547,s547,True
1,0.000000,s547,s547,True
1,0.000000,s547,s547,True
1,0.000000,s547,s547,True
1,0.000000,s547,s547,True
1,0.000000,s547,s547,True
1,0.000000,s360,s360,True
1,0.000000,s360,s360,True
0,0.000000,s360,s397,False
1,0.000000,s56,s56,True
1,0.000000,s56,s56,True
1,0.000000,s56,s56,True
1,0.000000,s56,s56,True
1,0.000000,s437,s437,True
1,0.000000,s437,s437,True
1,0.000000,s437,s437,True
1,0.000000,s437,s437,True
1,0.000000,s437,s437,True
1,0.000000,s437,s437,True
1,0.000000,s437,s437,True
1,0.000000,s437,s437,True
1,0.000000,s437,s437,True
1,0.000000,s212,s212,True
1,0.000000,s212,s212,True
1,0.000000,s212,s212,True
1,0.000000,s212,s212,True
1,0.000000,s212,s212,True
1,0.000000,s212,s212,True
1,0.000000,s212,s212,True
1,0.000000,s212,s212,True
1,0.000000,s212,s212,True
1,0.000000,s185,s185,True
1,0.000000,s185,s185,True
1,0.000000,s185,s185,True
1,0.000000,s185,s185,True
1,0.000000,s185,s185,True
1,0.000000,s185,s185,True
1,0.000000,s185,s185,True
1,0.000000,s185,s185,True
1,0.000000,s185,s185,True
1,0.000000,s435,s435,True
1,0.000000,s435,s435,True
1,0.000000,s435,s435,True
1,0.000000,s435,s435,True
1,0.000000,s435,s435,True
1,0.000000,s435,s435,True
1,0.000000,s435,s435,True
1,0.000000,s435,s435,True
1,0.000000,s435,s435,True
1,0.000000,s15,s15,True
1,0.000000,s15,s15,True
1,0.000000,s15,s15,True
1,0.000000,s15,s15,True
1,0.000000,s15,s15,True
1,0.000000,s15,s15,True
1,0.000000,s15,s15,True
1,0.000000,s15,s15,True
1,0.000000,s103,s103,True
1,0.000000,s103,s103,True
1,0.000000,s103,s103,True
1,0.000000,s103,s103,True
1,0.000000,s103,s103,True
0,0.000000,s103,s552,False
1,0.000000,s103,s103,True
1,0.000000,s103,s103,True
1,0.000000,s103,s103,True
1,0.000000,s351,s351,True
1,0.000000,s351,s351,True
1,0.000000,s351,s351,True
1,0.000000,s351,s351,True
1,0.000000,s351,s351,True
1,0.000000,s351,s351,True
1,0.000000,s351,s351,True
1,0.000000,s351,s351,True
1,0.000000,s351,s351,True
1,0.000000,s596,s596,True
1,0.000000,s596,s596,True
1,0.000000,s596,s596,True
1,0.000000,s596,s596,True
1,0.000000,s596,s596,True
1,0.000000,s6,s6,True
1,0.000000,s6,s6,True
1,0.000000,s6,s6,True
1,0.000000,s6,s6,True
1,0.000000,s6,s6,True
1,0.000000,s6,s6,True
1,0.000000,s6,s6,True
1,0.000000,s6,s6,True
1,0.000000,s6,s6,True
1,0.000000,s42,s42,True
1,0.000000,s42,s42,True
1,0.000000,s42,s42,True
1,0.000000,s42,s42,True
1,0.000000,s42,s42,True
1,0.000000,s42,s42,True
1,0.000000,s42,s42,True
1,0.000000,s434,s434,True
1,0.000000,s434,s434,True
1,0.000000,s434,s434,True
1,0.000000,s434,s434,True
1,0.000000,s434,s434,True
1,0.000000,s434,s434,True
0,0.000000,s434,s179,False
1,0.000000,s365,s365,True
1,0.000000,s365,s365,True
1,0.000000,s365,s365,True
1,0.000000,s365,s365,True
1,0.000000,s365,s365,True
1,0.000000,s365,s365,True
1,0.000000,s365,s365,True
1,0.000000,s365,s365,True
1,0.000000,s365,s365,True
1,0.000000,s455,s455,True
1,0.000000,s455,s455,True
1,0.000000,s455,s455,True
1,0.000000,s455,s455,True
1,0.000000,s455,s455,True
1,0.000000,s455,s455,True
1,0.000000,s455,s455,True
1,0.000000,s187,s187,True
1,0.000000,s187,s187,True
0,0.000000,s187,s537,False
1,0.000000,s187,s187,True
0,0.000000,s187,s197,False
1,0.000000,s44,s44,True
1,0.000000,s44,s44,True
1,0.000000,s44,s44,True
1,0.000000,s44,s44,True
1,0.000000,s44,s44,True
1,0.000000,s44,s44,True
1,0.000000,s44,s44,True
1,0.000000,s44,s44,True
1,0.000000,s44,s44,True
1,0.000000,s324,s324,True
1,0.000000,s324,s324,True
1,0.000000,s324,s324,True
1,0.000000,s324,s324,True
1,0.000000,s324,s324,True
1,0.000000,s324,s324,True
1,0.000000,s80,s80,True
1,0.000000,s80,s80,True
1,0.000000,s80,s80,True
1,0.000000,s80,s80,True
1,0.000000,s80,s80,True
1,0.000000,s289,s289,True
1,0.000000,s289,s289,True
1,0.000000,s289,s289,True
0,0.000000,s289,s275,False
0,0.000000,s289,unknown,False
1,0.000000,s289,s289,True
1,0.000000,s289,s289,True
1,0.000000,s482,s482,True
1,0.000000,s482,s482,True
1,0.000000,s482,s482,True
1,0.000000,s482,s482,True
1,0.000000,s508,s508,True
1,0.000000,s508,s508,True
1,0.000000,s508,s508,True
1,0.000000,s508,s508,True
1,0.000000,s508,s508,True
1,0.000000,s508,s508,True
1,0.000000,s508,s508,True
1,0.000000,s508,s508,True
1,0.000000,s508,s508,True
1,0.000000,s13,s13,True
1,0.000000,s13,s13,True
1,0.000000,s13,s13,True
1,0.000000,s13,s13,True
1,0.000000,s13,s13,True
1,0.000000,s13,s13,True
1,0.000000,s13,s13,True
1,0.000000,s13,s13,True
1,0.000000,s13,s13,True
1,0.000000,s377,s377,True
1,0.000000,s377,s377,True
1,0.000000,s377,s377,True
1,0.000000,s377,s377,True
1,0.000000,s233,s233,True
1,0.000000,s233,s233,True
1,0.000000,s233,s233,True
1,0.000000,s233,s233,True
1,0.000000,s233,s233,True
1,0.000000,s233,s233,True
1,0.000000,s233,s233,True
1,0.000000,s233,s233,True
1,0.000000,s233,s233,True
1,0.000000,s527,s527,True
1,0.000000,s527,s527,True
1,0.000000,s527,s527,True
1,0.000000,s527,s527,True
1,0.000000,s527,s527,True
1,0.000000,s79,s79,True
1,0.000000,s79,s79,True
1,0.000000,s79,s79,True
1,0.000000,s79,s79,True
1,0.000000,s79,s79,True
1,0.000000,s79,s79,True
1,0.000000,s338,s338,True
1,0.000000,s338,s338,True
1,0.000000,s338,s338,True
1,0.000000,s338,s338,True
1,0.000000,s338,s338,True
1,0.000000,s338,s338,True
1,0.000000,s118,s118,True
1,0.000000,s118,s118,True
1,0.000000,s118,s118,True
1,0.000000,s118,s118,True
1,0.000000,s278,s278,True
1,0.000000,s278,s278,True
1,0.000000,s278,s278,True
1,0.000000,s278,s278,True
1,0.000000,s278,s278,True
1,0.000000,s278,s278,True
1,0.000000,s278,s278,True
1,0.000000,s165,s165,True
1,0.000000,s165,s165,True
1,0.000000,s165,s165,True
1,0.000000,s165,s165,True
1,0.000000,s165,s165,True
1,0.000000,s165,s165,True
1,0.000000,s165,s165,True
1,0.000000,s396,s396,True
1,0.000000,s396,s396,True
1,0.000000,s396,s396,True
1,0.000000,s396,s396,True
1,0.000000,s380,s380,True
1,0.000000,s380,s380,True
1,0.000000,s380,s380,True
0,0.000000,s380,s216,False
1,0.000000,s380,s380,True
1,0.000000,s380,s380,True
1,0.000000,s219,s219,True
1,0.000000,s219,s219,True
1,0.000000,s219,s219,True
0,0.000000,s232,s226,False
1,0.000000,s232,s232,True
1,0.000000,s232,s232,True
0,0.000000,s232,s599,False
1,0.000000,s232,s232,True
1,0.000000,s232,s232,True
1,0.000000,s232,s232,True
1,0.000000,s584,s584,True
1,0.000000,s584,s584,True
1,0.000000,s584,s584,True
1,0.000000,s584,s584,True
1,0.000000,s584,s584,True
1,0.000000,s584,s584,True
1,0.000000,s584,s584,True
1,0.000000,s584,s584,True
1,0.000000,s584,s584,True
1,0.000000,s593,s593,True
1,0.000000,s593,s593,True
1,0.000000,s593,s593,True
0,0.000000,s593,s515,False
1,0.000000,s593,s593,True
0,0.000000,s593,s515,False
1,0.000000,s593,s593,True
1,0.000000,s385,s385,True
1,0.000000,s385,s385,True
1,0.000000,s385,s385,True
1,0.000000,s385,s385,True
1,0.000000,s385,s385,True
1,0.000000,s385,s385,True
1,0.000000,s385,s385,True
1,0.000000,s385,s385,True
1,0.000000,s385,s385,True
1,0.000000,s305,s305,True
1,0.000000,s305,s305,True
1,0.000000,s305,s305,True
1,0.000000,s305,s305,True
1,0.000000,s305,s305,True
1,0.000000,s305,s305,True
1,0.000000,s305,s305,True
1,0.000000,s446,s446,True
1,0.000000,s446,s446,True
1,0.000000,s446,s446,True
1,0.000000,s446,s446,True
1,0.000000,s446,s446,True
1,0.000000,s446,s446,True
1,0.000000,s446,s446,True
0,0.000000,s563,s102,False
1,0.000000,s563,s563,True
1,0.000000,s563,s563,True
1,0.000000,s563,s563,True
0,0.000000,s563,s393,False
1,0.000000,s563,s563,True
1,0.000000,s563,s563,True
1,0.000000,s563,s563,True
0,0.000000,s563,s99,False
0,0.000000,s363,s295,False
1,0.000000,s363,s363,True
1,0.000000,s136,s136,True
1,0.000000,s136,s136,True
1,0.000000,s136,s136,True
1,0.000000,s136,s136,True
1,0.000000,s136,s136,True
1,0.000000,s136,s136,True
1,0.000000,s136,s136,True
1,0.000000,s136,s136,True
1,0.000000,s136,s136,True
1,0.000000,s170,s170,True
1,0.000000,s170,s170,True
1,0.000000,s170,s170,True
1,0.000000,s170,s170,True
1,0.000000,s170,s170,True
1,0.000000,s170,s170,True
1,0.000000,s170,s170,True
1,0.000000,s170,s170,True
1,0.000000,s170,s170,True
0,0.000000,s85,s150,False
1,0.000000,s85,s85,True
0,0.000000,s85,s203,False
1,0.000000,s85,s85,True
1,0.000000,s85,s85,True
1,0.000000,s85,s85,True
1,0.000000,s85,s85,True
1,0.000000,s85,s85,True
1,0.000000,s85,s85,True
1,0.000000,s213,s213,True
1,0.000000,s213,s213,True
1,0.000000,s213,s213,True
1,0.000000,s213,s213,True
1,0.000000,s213,s213,True
1,0.000000,s213,s213,True
1,0.000000,s213,s213,True
1,0.000000,s213,s213,True
1,0.000000,s213,s213,True
1,0.000000,s111,s111,True
1,0.000000,s111,s111,True
0,0.000000,s111,s176,False
1,0.000000,s111,s111,True
1,0.000000,s111,s111,True
1,0.000000,s111,s111,True
1,0.000000,s111,s111,True
1,0.000000,s111,s111,True
1,0.000000,s111,s111,True
1,0.000000,s374,s374,True
1,0.000000,s374,s374,True
0,0.000000,s374,s62,False
1,0.000000,s374,s374,True
1,0.000000,s374,s374,True
1,0.000000,s374,s374,True
1,0.000000,s374,s374,True
0,0.000000,s374,s62,False
0,0.000000,s374,s62,False
1,0.000000,s237,s237,True
1,0.000000,s237,s237,True
1,0.000000,s237,s237,True
1,0.000000,s237,s237,True
1,0.000000,s237,s237,True
1,0.000000,s237,s237,True
1,0.000000,s237,s237,True
1,0.000000,s519,s519,True
1,0.000000,s519,s519,True
1,0.000000,s519,s519,True
1,0.000000,s519,s519,True
1,0.000000,s519,s519,True
1,0.000000,s519,s519,True
1,0.000000,s519,s519,True
1,0.000000,s335,s335,True
1,0.000000,s335,s335,True
1,0.000000,s335,s335,True
1,0.000000,s335,s335,True
1,0.000000,s52,s52,True
1,0.000000,s52,s52,True
1,0.000000,s52,s52,True
1,0.000000,s52,s52,True
1,0.000000,s52,s52,True
1,0.000000,s52,s52,True
1,0.000000,s52,s52,True
1,0.000000,s52,s52,True
1,0.000000,s52,s52,True
1,0.000000,s141,s141,True
1,0.000000,s141,s141,True
1,0.000000,s141,s141,True
1,0.000000,s141,s141,True
1,0.000000,s141,s141,True
1,0.000000,s141,s141,True
1,0.000000,s141,s141,True
1,0.000000,s141,s141,True
1,0.000000,s141,s141,True
1,0.000000,s325,s325,True
1,0.000000,s325,s325,True
0,0.000000,s325,s115,False
1,0.000000,s325,s325,True
1,0.000000,s325,s325,True
1,0.000000,s424,s424,True
1,0.000000,s424,s424,True
1,0.000000,s424,s424,True
1,0.000000,s424,s424,True
0,0.000000,s424,s306,False
1,0.000000,s424,s424,True
1,0.000000,s461,s461,True
1,0.000000,s461,s461,True
1,0.000000,s461,s461,True
1,0.000000,s461,s461,True
1,0.000000,s461,s461,True
1,0.000000,s169,s169,True
1,0.000000,s169,s169,True
1,0.000000,s169,s169,True
1,0.000000,s169,s169,True
1,0.000000,s169,s169,True
1,0.000000,s169,s169,True
0,0.000000,s391,s131,False
1,0.000000,s391,s391,True
1,0.000000,s391,s391,True
1,0.000000,s391,s391,True
1,0.000000,s391,s391,True
1,0.000000,s391,s391,True
1,0.000000,s391,s391,True
1,0.000000,s391,s391,True
1,0.000000,s600,s600,True
1,0.000000,s600,s600,True
1,0.000000,s600,s600,True
1,0.000000,s600,s600,True
1,0.000000,s600,s600,True
1,0.000000,s600,s600,True
1,0.000000,s600,s600,True
1,0.000000,s600,s600,True
1,0.000000,s600,s600,True
1,0.000000,s543,s543,True
1,0.000000,s543,s543,True
1,0.000000,s543,s543,True
1,0.000000,s543,s543,True
1,0.000000,s543,s543,True
1,0.000000,s543,s543,True
1,0.000000,s543,s543,True
1,0.000000,s543,s543,True
1,0.000000,s543,s543,True
1,0.000000,s71,s71,True
1,0.000000,s71,s71,True
1,0.000000,s71,s71,True
1,0.000000,s71,s71,True
1,0.000000,s71,s71,True
1,0.000000,s71,s71,True
1,0.000000,s71,s71,True
1,0.000000,s71,s71,True
1,0.000000,s71,s71,True
1,0.000000,s194,s194,True
1,0.000000,s194,s194,True
1,0.000000,s194,s194,True
1,0.000000,s194,s194,True
1,0.000000,s194,s194,True
1,0.000000,s194,s194,True
1,0.000000,s555,s555,True
0,0.000000,s555,s110,False
1,0.000000,s555,s555,True
1,0.000000,s555,s555,True
1,0.000000,s555,s555,True
1,0.000000,s555,s555,True
1,0.000000,s555,s555,True
1,0.000000,s555,s555,True
1,0.000000,s555,s555,True
0,0.000000,s137,s84,False
0,0.000000,s137,s506,False
0,0.000000,s137,s193,False
0,0.000000,s137,s439,False
1,0.000000,s137,s137,True
1,0.000000,s115,s115,True
1,0.000000,s115,s115,True
1,0.000000,s115,s115,True
1,0.000000,s115,s115,True
1,0.000000,s115,s115,True
1,0.000000,s115,s115,True
1,0.000000,s115,s115,True
1,0.000000,s332,s332,True
1,0.000000,s332,s332,True
1,0.000000,s332,s332,True
1,0.000000,s332,s332,True
1,0.000000,s332,s332,True
1,0.000000,s332,s332,True
1,0.000000,s332,s332,True
1,0.000000,s332,s332,True
1,0.000000,s332,s332,True
1,0.000000,s416,s416,True
1,0.000000,s416,s416,True
1,0.000000,s416,s416,True
1,0.000000,s416,s416,True
1,0.000000,s416,s416,True
1,0.000000,s416,s416,True
1,0.000000,s416,s416,True
1,0.000000,s416,s416,True
1,0.000000,s416,s416,True
1,0.000000,s352,s352,True
1,0.000000,s352,s352,True
1,0.000000,s352,s352,True
1,0.000000,s352,s352,True
1,0.000000,s352,s352,True
1,0.000000,s352,s352,True
1,0.000000,s352,s352,True
1,0.000000,s352,s352,True
1,0.000000,s511,s511,True
1,0.000000,s511,s511,True
1,0.000000,s511,s511,True
1,0.000000,s511,s511,True
1,0.000000,s511,s511,True
1,0.000000,s511,s511,True
1,0.000000,s511,s511,True
1,0.000000,s511,s511,True
1,0.000000,s511,s511,True
1,0.000000,s414,s414,True
1,0.000000,s414,s414,True
1,0.000000,s414,s414,True
1,0.000000,s414,s414,True
1,0.000000,s414,s414,True
1,0.000000,s414,s414,True
1,0.000000,s414,s414,True
1,0.000000,s414,s414,True
1,0.000000,s414,s414,True
1,0.000000,s542,s542,True
1,0.000000,s542,s542,True
1,0.000000,s542,s542,True
1,0.000000,s542,s542,True
1,0.000000,s542,s542,True
1,0.000000,s542,s542,True
1,0.000000,s542,s542,True
1,0.000000,s542,s542,True
1,0.000000,s542,s542,True
1,0.000000,s553,s553,True
1,0.000000,s553,s553,True
1,0.000000,s553,s553,True
1,0.000000,s479,s479,True
1,0.000000,s479,s479,True
1,0.000000,s479,s479,True
1,0.000000,s479,s479,True
1,0.000000,s514,s514,True
1,0.000000,s514,s514,True
1,0.000000,s514,s514,True
1,0.000000,s551,s551,True
1,0.000000,s551,s551,True
1,0.000000,s551,s551,True
1,0.000000,s551,s551,True
1,0.000000,s551,s551,True
1,0.000000,s551,s551,True
1,0.000000,s551,s551,True
1,0.000000,s537,s537,True
0,0.000000,s537,s339,False
1,0.000000,s537,s537,True
1,0.000000,s537,s537,True
1,0.000000,s537,s537,True
0,0.000000,s537,s339,False
1,0.000000,s537,s537,True
1,0.000000,s537,s537,True
1,0.000000,s132,s132,True
1,0.000000,s132,s132,True
1,0.000000,s132,s132,True
1,0.000000,s132,s132,True
1,0.000000,s463,s463,True
1,0.000000,s463,s463,True
1,0.000000,s463,s463,True
1,0.000000,s463,s463,True
1,0.000000,s463,s463,True
1,0.000000,s463,s463,True
1,0.000000,s463,s463,True
1,0.000000,s463,s463,True
1,0.000000,s463,s463,True
1,0.000000,s545,s545,True
1,0.000000,s545,s545,True
1,0.000000,s545,s545,True
1,0.000000,s193,s193,True
1,0.000000,s193,s193,True
1,0.000000,s193,s193,True
1,0.000000,s193,s193,True
1,0.000000,s193,s193,True
0,0.000000,s193,s382,False
1,0.000000,s193,s193,True
1,0.000000,s20,s20,True
0,0.000000,s20,unknown,False
1,0.000000,s20,s20,True
0,0.000000,s20,s174,False
1,0.000000,s20,s20,True
1,0.000000,s20,s20,True
1,0.000000,s260,s260,True
1,0.000000,s260,s260,True
1,0.000000,s453,s453,True
1,0.000000,s453,s453,True
1,0.000000,s453,s453,True
1,0.000000,s453,s453,True
1,0.000000,s453,s453,True
1,0.000000,s453,s453,True
1,0.000000,s453,s453,True
1,0.000000,s453,s453,True
1,0.000000,s453,s453,True
1,0.000000,s393,s393,True
1,0.000000,s393,s393,True
1,0.000000,s393,s393,True
1,0.000000,s393,s393,True
1,0.000000,s99,s99,True
1,0.000000,s99,s99,True
1,0.000000,s99,s99,True
1,0.000000,s99,s99,True
1,0.000000,s99,s99,True
1,0.000000,s99,s99,True
1,0.000000,s99,s99,True
1,0.000000,s99,s99,True
1,0.000000,s99,s99,True
1,0.000000,s464,s464,True
1,0.000000,s464,s464,True
1,0.000000,s464,s464,True
1,0.000000,s464,s464,True
1,0.000000,s464,s464,True
1,0.000000,s464,s464,True
1,0.000000,s154,s154,True
1,0.000000,s154,s154,True
1,0.000000,s154,s154,True
1,0.000000,s154,s154,True
1,0.000000,s154,s154,True
1,0.000000,s154,s154,True
1,0.000000,s154,s154,True
1,0.000000,s154,s154,True
1,0.000000,s154,s154,True
1,0.000000,s35,s35,True
1,0.000000,s35,s35,True
1,0.000000,s35,s35,True
1,0.000000,s35,s35,True
1,0.000000,s35,s35,True
1,0.000000,s35,s35,True
1,0.000000,s35,s35,True
1,0.000000,s35,s35,True
1,0.000000,s35,s35,True
1,0.000000,s604,s604,True
1,0.000000,s604,s604,True
1,0.000000,s604,s604,True
1,0.000000,s604,s604,True
1,0.000000,s604,s604,True
1,0.000000,s407,s407,True
1,0.000000,s407,s407,True
1,0.000000,s407,s407,True
1,0.000000,s407,s407,True
1,0.000000,s407,s407,True
0,0.000000,s407,s152,False
1,0.000000,s407,s407,True
1,0.000000,s407,s407,True
1,0.000000,s407,s407,True
1,0.000000,s31,s31,True
1,0.000000,s31,s31,True
1,0.000000,s31,s31,True
1,0.000000,s31,s31,True
1,0.000000,s31,s31,True
1,0.000000,s31,s31,True
1,0.000000,s31,s31,True
1,0.000000,s31,s31,True
1,0.000000,s31,s31,True
1,0.000000,s342,s342,True
1,0.000000,s342,s342,True
1,0.000000,s342,s342,True
1,0.000000,s342,s342,True
1,0.000000,s342,s342,True
1,0.000000,s342,s342,True
1,0.000000,s342,s342,True
1,0.000000,s342,s342,True
1,0.000000,s598,s598,True
1,0.000000,s598,s598,True
1,0.000000,s598,s598,True
1,0.000000,s598,s598,True
1,0.000000,s598,s598,True
1,0.000000,s598,s598,True
1,0.000000,s598,s598,True
0,0.000000,s598,s26,False
1,0.000000,s598,s598,True
1,0.000000,s51,s51,True
1,0.000000,s51,s51,True
1,0.000000,s51,s51,True
1,0.000000,s51,s51,True
1,0.000000,s51,s51,True
1,0.000000,s51,s51,True
1,0.000000,s51,s51,True
1,0.000000,s51,s51,True
1,0.000000,s51,s51,True
1,0.000000,s189,s189,True
1,0.000000,s189,s189,True
0,0.000000,s189,s299,False
1,0.000000,s189,s189,True
0,0.000000,s189,s161,False
1,0.000000,s189,s189,True
1,0.000000,s189,s189,True
1,0.000000,s189,s189,True
1,0.000000,s189,s189,True
1,0.000000,s595,s595,True
1,0.000000,s595,s595,True
1,0.000000,s595,s595,True
1,0.000000,s595,s595,True
1,0.000000,s502,s502,True
0,0.000000,s502,s521,False
1,0.000000,s502,s502,True
1,0.000000,s502,s502,True
0,0.000000,s502,s446,False
