0,0.00019420529177244377,njmoor,9326871
0,0.00017700297902023765,cjcarr,9326871
0,0.00018640476043466504,cjcarr,9326871
0,0.00018807256557239652,cjcarr,9326871
0,0.00018952419050469074,cjcarr,9326871
0,0.00018759246564894097,cjcarr,9326871
0,0.00019046864332094597,cjcarr,9326871
0,0.00019377269531407302,njmoor,9326871
0,0.0001875766710978098,cjcarr,9326871
0,0.00018952493513259126,cjcarr,9326871
0,0.00018587496943838443,cjcarr,9326871
0,0.00018806851372764653,njmoor,9326871
0,0.00018957992151099053,njmoor,9326871
0,0.00018776184591709865,cjcarr,9326871
0,0.00018757514172614101,cjcarr,9326871
0,0.00018776778675079717,cjcarr,9326871
0,0.00018781151051016717,cjcarr,9326871
0,0.0001910344991781738,cjcarr,9326871
0,0.00019677777682495221,njmoor,9326871
0,0.00015976816635472873,mberdo,9332898
0,0.00016215523386036291,mberdo,9332898
0,0.00015841631254457766,pspliu,9332898
0,0.00015884074924495573,9414649,9332898
0,0.00016197596729568915,mberdo,9332898
0,0.00015765137044448715,9414649,9332898
0,0.0001584402829589471,cjcarr,9332898
0,0.00016836584628671447,mberdo,9332898
0,0.00016146845110576129,mberdo,9332898
0,0.00016052139876056963,pspliu,9332898
0,0.0001632741293769707,pspliu,9332898
0,0.00015836485585597968,mberdo,9332898
0,0.00015743698334388774,cjcarr,9332898
0,0.00015827430553267218,cjcarr,9332898
0,0.0001610674543030099,khchan,9332898
0,0.00016014664034418692,mberdo,9332898
0,0.0001573178247954198,mberdo,9332898
0,0.00015878193821340235,mberdo,9332898
0,0.00016145618542026295,mberdo,9332898
0,0.00016126983326470427,khughe,9338446
0,0.00016604105186274106,rgharr,9338446
0,0.00017072544189523743,rgharr,9338446
0,0.00016896178908470009,rgharr,9338446
0,0.00016020520526876676,rgharr,9338446
0,0.00014983424274404289,gjnorm,9338446
0,0.00014946050571778115,rjlabr,9338446
0,0.00015488960889993708,khughe,9338446
0,0.00015959668996385,gjnorm,9338446
0,0.00016069132164349927,khughe,9338446
0,0.00015719706840577497,khughe,9338446
0,0.00015086820476244161,khughe,9338446
0,0.00015002127390406538,khughe,9338446
0,0.00015009684817757628,khughe,9338446
0,0.00014754681435239403,gjnorm,9338446
0,0.00014734747982394185,khughe,9338446
0,0.00015026806004772981,khughe,9338446
0,0.00015411911200997406,khughe,9338446
0,0.0001546155591078876,khughe,9338446
0,0.00019845134587368274,asheal,9338454
0,0.00018387859829196643,asheal,9338454
0,0.00019609862232112746,bplyce,9338454
0,0.0001930235035389354,bplyce,9338454
0,0.00019880223854154645,asheal,9338454
0,0.00019711563927135112,asheal,9338454
0,0.00019776600314914174,bplyce,9338454
0,0.00019664092657537124,bplyce,9338454
0,0.00019699226589637623,asheal,9338454
0,0.00019724820995826745,bplyce,9338454
0,0.00020708383789226802,bplyce,9338454
0,0.00018240326408648354,asheal,9338454
0,0.00018522655299771455,asheal,9338454
0,0.0001880461729231628,asheal,9338454
0,0.0001849838679481823,asheal,9338454
0,0.0001859189305788268,asheal,9338454
0,0.00018911579057085252,bplyce,9338454
0,0.00019358364796621114,asheal,9338454
0,0.00019688557539414915,asheal,9338454
0,0.00024940658831152003,gjhero,9338462
0,0.00023685621050274552,nrclar,9338462
0,0.00024863355008238167,rlocke,9338462
0,0.000243989875249503,gjhero,9338462
0,0.00024413105093316637,rnpwil,9338462
0,0.00024998736827508503,gjhero,9338462
0,0.0002535308311901228,gjhero,9338462
0,0.0002500499813947263,gjhero,9338462
0,0.0002596424016177399,gjhero,9338462
0,0.0002655830109059686,gjhero,9338462
0,0.00025542602910796447,gjhero,9338462
0,0.00024943297234404996,asheal,9338462
0,0.00024938675853766664,gjhero,9338462
0,0.00025665499437647443,gjhero,9338462
0,0.0002711565672817936,gjhero,9338462
0,0.00025588378703418803,gjhero,9338462
0,0.0002549524607394794,gjhero,9338462
0,0.000246820516553892,asheal,9338462
0,0.0002481441974201665,gjhero,9338462
0,0.00016149005545435788,khughe,9338489
0,0.00015866865417991414,khughe,9338489
0,0.0001593988033237722,khughe,9338489
0,0.00016235541584566022,gjnorm,9338489
0,0.00015658172105683602,gjnorm,9338489
0,0.0001522332189876945,rsanti,9338489
0,0.00014572915230923718,rsanti,9338489
0,0.00015023238436731706,rrowle,9338489
0,0.0001573674026451234,pspliu,9338489
0,0.0001497946590590345,pspliu,9338489
0,0.000145886997710296,rrowle,9338489
0,0.00016129102794572113,gjnorm,9338489
0,0.00016255097857171926,gjnorm,9338489
0,0.00015932004140505504,gjnorm,9338489
0,0.0001628776770271866,gjnorm,9338489
0,0.0001653883941540307,gjnorm,9338489
0,0.00016524869701647042,gjnorm,9338489
0,0.00016267489359613136,khughe,9338489
0,0.00016013907622787347,gjnorm,9338489
0,0.00016453354929514663,gjnorm,9338497
0,0.00016584756033515054,gjnorm,9338497
0,0.00017204450513267318,gjnorm,9338497
0,0.0001660737939298721,gjnorm,9338497
0,0.00016640835974108007,gjnorm,9338497
0,0.0001679753719128854,gjnorm,9338497
0,0.00016812986137415136,gjnorm,9338497
0,0.00016589546899474402,gjnorm,9338497
0,0.00016785538587029607,gjnorm,9338497
0,0.00017176918702585997,gjnorm,9338497
0,0.0001708975503583735,gjnorm,9338497
0,0.00016138533853049885,gjnorm,9338497
0,0.00016864036143680576,gjnorm,9338497
0,0.00016719838169953883,gjnorm,9338497
0,0.00016535597742922068,gjnorm,9338497
0,0.0001732969201116706,gjnorm,9338497
0,0.000169429119379797,gjnorm,9338497
0,0.00016785527226450232,gjnorm,9338497
0,0.00016956130594121747,gjnorm,9338497
0,0.0002004001581958406,cjcarr,9338519
0,0.00020081877672146328,cjcarr,9338519
0,0.00020055942039941418,cjcarr,9338519
0,0.00019847778848374123,cjcarr,9338519
0,0.00019855287867328797,cjcarr,9338519
0,0.0001996864140956165,cjcarr,9338519
0,0.00019944453019779288,cjcarr,9338519
0,0.00019850917369937512,cjcarr,9338519
0,0.00019850186265482514,cjcarr,9338519
0,0.00019874710353818024,cjcarr,9338519
0,0.00019719452780056593,cjcarr,9338519
0,0.00019635228622240852,cjcarr,9338519
0,0.00019911621088290358,cjcarr,9338519
0,0.00019661227012834895,cjcarr,9338519
0,0.0001980778608253017,cjcarr,9338519
0,0.00020074342529751926,cjcarr,9338519
0,0.00019824205649755138,cjcarr,9338519
0,0.00019990147090819506,cjcarr,9338519
0,0.00019947051068114924,cjcarr,9338519
0,0.00018829597451386798,rlocke,9338527
0,0.00018663488867712744,rlocke,9338527
0,0.00018774612256882117,rlocke,9338527
0,0.00019537432075385,rlocke,9338527
0,0.00019691737527064733,rlocke,9338527
0,0.0001923388084314676,rlocke,9338527
0,0.0001978671481641694,rlocke,9338527
0,0.00018894243601350825,rlocke,9338527
0,0.00019235263782747683,rlocke,9338527
0,0.00019138064476789617,rlocke,9338527
0,0.00018988619285763498,rlocke,9338527
0,0.00018829864812330396,rlocke,9338527
0,0.00019236565002232953,rlocke,9338527
0,0.00018990659560436964,rlocke,9338527
0,0.00018902634243033646,rlocke,9338527
0,0.00019078023513653363,rlocke,9338527
0,0.00019296092665793696,rlocke,9338527
0,0.0001913371241926456,rlocke,9338527
0,0.00018944472541934353,rlocke,9338527
0,0.0002365847119689886,gjhero,9338543
0,0.00024647033622409174,gjhero,9338543
0,0.0002468849338381225,gjhero,9338543
0,0,unknown,9338543
0,0.00023468210612369344,gjhero,9338543
0,0,unknown,9338543
0,0.00022138846629505857,asheal,9338543
0,0.0002233636731652159,asheal,9338543
0,0.00022108973397573872,asheal,9338543
0,0.00022827225206090344,asheal,9338543
0,0.00023554317203028195,asheal,9338543
0,0.00024815793531081615,gjhero,9338543
0,0.0002552599725468075,gjhero,9338543
0,0.00024513587926556303,gjhero,9338543
0,0.00025057591991498854,gjhero,9338543
0,0.00024435446577351184,gjhero,9338543
0,0.0002540879498778193,gjhero,9338543
0,0.0002461267785464235,gjhero,9338543
0,0.00024028949067687183,gjhero,9338543
1,0.00018919825152494043,9414649,9414649
1,0.0001850417791286247,9414649,9414649
1,0.0001843136060463056,9414649,9414649
1,0.0001876392809962146,9414649,9414649
1,0.00018573736268225386,9414649,9414649
1,0.00018220975909905593,9414649,9414649
1,0.0001931924576030981,9414649,9414649
1,0.00018369853849244352,9414649,9414649
1,0.0001868440140411829,9414649,9414649
1,0.0001940644695490994,9414649,9414649
1,0.00018688871084560532,9414649,9414649
1,0.00018362553306723877,9414649,9414649
1,0.00018226266038978424,9414649,9414649
1,0.00018471851493289223,9414649,9414649
1,0.0001843604311295132,9414649,9414649
1,0.00018465414239940317,9414649,9414649
1,0.0001856740921472812,9414649,9414649
1,0.00018356779733737726,9414649,9414649
1,0.00018630127268285974,9414649,9414649
0,0.00023022031599393374,nrclar,9416994
0,0.0002064363842310458,nrclar,9416994
0,0.00021412934481026652,nrclar,9416994
0,0.00021768520379504154,nrclar,9416994
0,0.0002133179304834096,nrclar,9416994
0,0.00022991814609640344,nrclar,9416994
0,0.00022665101756231542,nrclar,9416994
0,0.00024616110424914974,gjhero,9416994
0,0.0002381802936080091,gjhero,9416994
0,0.0002617585917967601,gjhero,9416994
0,0.00022517324657950397,gjhero,9416994
0,0.00022977190701658744,nrclar,9416994
0,0.00022778552452675072,nrclar,9416994
0,0.00022991204960996618,nrclar,9416994
0,0.00022931067019003298,nrclar,9416994
0,0.00022860494118556656,nrclar,9416994
0,0.0002314222529893815,nrclar,9416994
0,0.0002296586409741221,nrclar,9416994
0,0.00022933778652545282,nrclar,9416994
0,0.00021050033127591536,gjhero,admars
1,0.0002093673900950658,admars,admars
0,0.00020986224194906406,gjhero,admars
1,0.000210961098737526,admars,admars
0,0.0002097102667972312,gjhero,admars
0,0.00020805786820651833,gjhero,admars
0,0.00020881615464149694,gjhero,admars
0,0.00020913640025537318,gjhero,admars
0,0.0002118978791377269,gjhero,admars
0,0.00021067506548314417,gjhero,admars
0,0.0002104883550160233,gjhero,admars
0,0.0002122782772497134,gjhero,admars
0,0.00021290952922466317,gjhero,admars
0,0.0002145470297264691,gjhero,admars
0,0.00021358313144286223,gjhero,admars
0,0.00021423744688094,gjhero,admars
0,0.00021265263563205981,gjhero,admars
0,0.0002133786727584447,gjhero,admars
0,0.0002095300696059295,gjhero,admars
1,0.0003519691339990987,ahodki,ahodki
1,0.00035767284686437096,ahodki,ahodki
1,0.00034756842064700917,ahodki,ahodki
1,0.0003517579203467982,ahodki,ahodki
1,0.00036006650133824894,ahodki,ahodki
1,0.0003487026505300691,ahodki,ahodki
1,0.0003713200275153597,ahodki,ahodki
1,0.00036330864569845815,ahodki,ahodki
1,0.000342729499427887,ahodki,ahodki
1,0.0003440085153659178,ahodki,ahodki
1,0.0003518451261081022,ahodki,ahodki
1,0.0003688710526016245,ahodki,ahodki
1,0.0003649352375183775,ahodki,ahodki
1,0.000368491529688085,ahodki,ahodki
1,0.0003642934207524032,ahodki,ahodki
1,0.00037074089754864315,ahodki,ahodki
1,0.0003601945979988419,ahodki,ahodki
1,0.0003649990132992717,ahodki,ahodki
1,0.00033942100283338773,ahodki,ahodki
0,0.0001509357791558291,gpsmit,ajflem
0,0.0001633828610300497,gpsmit,ajflem
0,0.00015850025289871074,gpsmit,ajflem
0,0.00015527150439142173,gpsmit,ajflem
0,0.00016523353572861935,gpsmit,ajflem
0,0.0001559844422556782,gpsmit,ajflem
0,0.00015645195774451824,gpsmit,ajflem
0,0.00015908384675476978,pspliu,ajflem
0,0.00015745149215560896,gpsmit,ajflem
0,0.0001700185505779635,gpsmit,ajflem
0,0.00016095015977630022,gpsmit,ajflem
0,0.00015949412728010138,gpsmit,ajflem
0,0.00015715953282806935,gpsmit,ajflem
0,0.00015415397074662008,pspliu,ajflem
0,0.0001564765826911663,gpsmit,ajflem
0,0.00015386663819836707,gpsmit,ajflem
0,0.00015295786047751656,gpsmit,ajflem
0,0.0001505061334790468,pspliu,ajflem
0,0.00016193238126689473,gpsmit,ajflem
0,0.00025032313331273644,rlocke,ajones
0,0.00025903965540704924,rlocke,ajones
0,0.00025178279470733063,rlocke,ajones
0,0.00025901170654425064,rlocke,ajones
0,0.00025785392627506647,rlocke,ajones
0,0.00025944630075599333,rlocke,ajones
0,0.0002556122151501382,rlocke,ajones
0,0.00026068566141755845,rlocke,ajones
0,0.00025449181371096696,rlocke,ajones
0,0.000258087435122689,rlocke,ajones
0,0.00025669203383938706,rlocke,ajones
0,0.00025184552543386916,rlocke,ajones
0,0.00026205366632014933,rlocke,ajones
0,0.0002589838957188774,rlocke,ajones
0,0.0002560726534084687,rlocke,ajones
0,0.00024968395970266803,rlocke,ajones
0,0.00025288259427069516,rlocke,ajones
0,0.0002582707469501883,rlocke,ajones
0,0.00024587387100077944,rlocke,ajones
0,0.00019219075922679947,gjnorm,ajsega
0,0.000190420142495925,gjnorm,ajsega
0,0.00019089219194479425,gjnorm,ajsega
0,0.0001872116920411328,gjnorm,ajsega
0,0.00018719838421864027,gjnorm,ajsega
0,0.00018761198948393927,gjnorm,ajsega
0,0.00018487746046896435,gjnorm,ajsega
0,0.00018740499633411486,gjnorm,ajsega
0,0.00018506144788824793,gjnorm,ajsega
0,0.00018886832745184572,gjnorm,ajsega
0,0.0001851131377748301,gjnorm,ajsega
0,0.0001844033454944163,gjnorm,ajsega
0,0.00018455881869455874,gjnorm,ajsega
0,0.00018474278419547806,gjnorm,ajsega
0,0.00018787935523340916,gjnorm,ajsega
0,0.00018480133301586262,gjnorm,ajsega
0,0.00018754779761191774,gjnorm,ajsega
0,0.00018847013571691589,gjnorm,ajsega
0,0.0001853846790940398,gjnorm,ajsega
0,0.0001907091321346354,9416994,akatsi
0,0.00019228455283161358,9416994,akatsi
0,0.0001947643470827177,9416994,akatsi
0,0.00019001010212425177,9416994,akatsi
0,0.00019202187097907438,9416994,akatsi
0,0.00018549831929849225,9416994,akatsi
0,0.00018669726281892365,9416994,akatsi
0,0.0001988750504817772,9416994,akatsi
0,0.00018920613861249312,9416994,akatsi
0,0.00018527974108255556,9416994,akatsi
0,0.0001846191574381434,9416994,akatsi
0,0.00018701714509848226,9416994,akatsi
0,0.0001914333927370762,9416994,akatsi
0,0.00018911314192856236,9416994,akatsi
0,0.00018877552245165873,9416994,akatsi
0,0.00019017533670699684,9416994,akatsi
0,0.00018787792708897412,9416994,akatsi
0,0.00018525559875106232,9416994,akatsi
0,0.0001931373389104876,9416994,akatsi
0,0.00016210006502560487,cshubb,ambarw
0,0.0001851926225994111,cshubb,ambarw
0,0.00017896242136966923,cshubb,ambarw
0,0.00018150699300044075,cshubb,ambarw
0,0.00017854079010650833,cshubb,ambarw
0,0.0001704882644797736,cshubb,ambarw
0,0.0001699688375579163,cshubb,ambarw
0,0.00017732995297963083,cshubb,ambarw
0,0.0001853622255427628,cshubb,ambarw
0,0.00018092547760413045,cshubb,ambarw
0,0.00017065423635144691,cshubb,ambarw
0,0.00018767536079195978,cshubb,ambarw
0,0.0001797066370219612,cshubb,ambarw
0,0.00018333568003155065,cshubb,ambarw
0,0.000183885524719716,cshubb,ambarw
0,0.00017329597170800482,cshubb,ambarw
0,0.000189793186892456,cshubb,ambarw
0,0.0001753373909622021,cshubb,ambarw
0,0.00017374505033315073,cshubb,ambarw
0,0.00029615905603740973,gjhero,asheal
0,0.00030790949861750935,gjhero,asheal
0,0.0003018135579864337,gjhero,asheal
0,0.0002907908131666857,gjhero,asheal
0,0.000295341124809089,gjhero,asheal
0,0.000298171858266124,gjhero,asheal
0,0.0003033667549228221,gjhero,asheal
0,0.0003011676634049705,gjhero,asheal
0,0.00029798215917399063,gjhero,asheal
0,0.0002857738166320562,gjhero,asheal
0,0.0002905697448122677,gjhero,asheal
0,0.00030992590739576493,gjhero,asheal
0,0.00030785682241364984,gjhero,asheal
0,0.00030160897774701804,gjhero,asheal
0,0.00030327203372509357,gjhero,asheal
0,0.0003031557638284813,gjhero,asheal
0,0.0002932796699588098,gjhero,asheal
0,0.0002914640178444388,gjhero,asheal
0,0.00029553419235033436,gjhero,asheal
0,0.00029854385869492893,gjhero,bplyce
0,0.0002969545178931521,gjhero,bplyce
0,0.0002910818923150294,gjhero,bplyce
0,0.000288982390720686,gjhero,bplyce
0,0.0002993076358715,gjhero,bplyce
0,0.0003002959587372353,gjhero,bplyce
0,0.00030262141634171527,gjhero,bplyce
0,0.000299911147135959,gjhero,bplyce
0,0.0002815768498961771,gjhero,bplyce
0,0.0002944214585826361,gjhero,bplyce
0,0.0002974871565581095,gjhero,bplyce
0,0.0002957217988260293,gjhero,bplyce
0,0.0002931900557504149,gjhero,bplyce
0,0.00029156560039712886,gjhero,bplyce
0,0.0002929416391569138,gjhero,bplyce
0,0.0002933968178851431,gjhero,bplyce
0,0.00029219941653908885,gjhero,bplyce
0,0.00028727335902015583,gjhero,bplyce
0,0.0002931523657088571,gjhero,bplyce
0,0.0002328401346918681,dioann,cchris
0,0.000222817007707796,dioann,cchris
0,0.0002246298319180797,dioann,cchris
0,0.000230205174695502,dioann,cchris
0,0.0002249601301321813,dioann,cchris
0,0.0002221251650730602,dioann,cchris
0,0.00022552459041443276,dioann,cchris
0,0.00023088821055222008,dioann,cchris
0,0.0002242325759006488,dioann,cchris
0,0.00022715371113509624,dioann,cchris
0,0.00022534000187627134,dioann,cchris
0,0.00023240268661224182,dioann,cchris
0,0.00023152842582526028,dioann,cchris
0,0.00023039115109875448,dioann,cchris
0,0.00022638281984821215,dioann,cchris
0,0.00022878731888970914,dioann,cchris
0,0.00023249804404712858,dioann,cchris
0,0.0002325446970395814,dioann,cchris
0,0.000235655320636755,dioann,cchris
0,0.0001602180009382707,gjnorm,ccjame
0,0.00016469479275901951,gjnorm,ccjame
0,0.00016849126828888825,gjnorm,ccjame
0,0.00016516991188479332,gjnorm,ccjame
0,0.0001682560218878686,gjnorm,ccjame
0,0.00016527492487771657,gjnorm,ccjame
0,0.00016064788228809437,gjnorm,ccjame
0,0.0001629090341992534,gjnorm,ccjame
0,0.00015589806479643774,gjnorm,ccjame
0,0.00016029508746897767,swewin,ccjame
0,0.0001607453153089101,swewin,ccjame
0,0.00016132472581887897,swewin,ccjame
0,0.00016390015175461568,swewin,ccjame
0,0.00016296218148285452,swewin,ccjame
0,0.00016237067541382757,swewin,ccjame
0,0.0001627961656088917,swewin,ccjame
0,0.0001588023373104143,swewin,ccjame
0,0.00016268575475082738,swewin,ccjame
0,0.00016112187704802822,swewin,ccjame
1,0.0003111821700281882,cferdo,cferdo
1,0.00031120493054539647,cferdo,cferdo
1,0.00030277069200939917,cferdo,cferdo
1,0.0002930350734058714,cferdo,cferdo
1,0.0002943264957107698,cferdo,cferdo
1,0.0003081565446340965,cferdo,cferdo
0,0.00029425589400264426,cshubb,cferdo
0,0.00029373504455879024,cshubb,cferdo
0,0.0002954496305466324,cshubb,cferdo
0,0.0002964846478508314,cshubb,cferdo
1,0.00029771952861503364,cferdo,cferdo
1,0.0003105922213507572,cferdo,cferdo
1,0.0003147979250712515,cferdo,cferdo
1,0.00031754355057623027,cferdo,cferdo
1,0.00031786899447469797,cferdo,cferdo
1,0.0003090519198159816,cferdo,cferdo
1,0.00031011523076737805,cferdo,cferdo
1,0.0003121905018751407,cferdo,cferdo
1,0.00030403468792506295,cferdo,cferdo
0,0.00018583242074162075,gjnorm,cgboyc
0,0.00018443834123940176,gjnorm,cgboyc
0,0.00018468652898960132,gjnorm,cgboyc
0,0.00018176270408383285,gjnorm,cgboyc
0,0.00018549999187125502,gjnorm,cgboyc
0,0.00018608282677739954,gjnorm,cgboyc
0,0.00018469053498590835,gjnorm,cgboyc
0,0.0001850561017447118,gjnorm,cgboyc
0,0.00018520333486485025,gjnorm,cgboyc
0,0.00018737974292870436,gjnorm,cgboyc
0,0.00018849011613190125,gjnorm,cgboyc
0,0.00018878520155293617,gjnorm,cgboyc
0,0.00018824077049817449,gjnorm,cgboyc
0,0.00019014176884962286,gjnorm,cgboyc
0,0.00019266041853235064,gjnorm,cgboyc
0,0.0001928303234096042,gjnorm,cgboyc
0,0.0001902398646884053,gjnorm,cgboyc
0,0.0001929915457750371,gjnorm,cgboyc
0,0.00018989400388750425,gjnorm,cgboyc
1,0.00019399894131758662,cjcarr,cjcarr
1,0.00019529883300730178,cjcarr,cjcarr
1,0.00019734396767283395,cjcarr,cjcarr
1,0.0001917892742618047,cjcarr,cjcarr
1,0.0001915732670448367,cjcarr,cjcarr
1,0.0001888438329565483,cjcarr,cjcarr
1,0.0001919540211532826,cjcarr,cjcarr
1,0.0001969771815781366,cjcarr,cjcarr
1,0.0001970447891304644,cjcarr,cjcarr
1,0.0001949375491305302,cjcarr,cjcarr
1,0.00019403654950882356,cjcarr,cjcarr
1,0.0002042876370447396,cjcarr,cjcarr
1,0.00020250216630529643,cjcarr,cjcarr
1,0.00020380425276046347,cjcarr,cjcarr
1,0.0002033145108817355,cjcarr,cjcarr
1,0.0002045363868338024,cjcarr,cjcarr
1,0.00020267998982563112,cjcarr,cjcarr
1,0.00020217225805299247,cjcarr,cjcarr
1,0.00019633850434571908,cjcarr,cjcarr
0,0.0001793706802866786,gjnorm,cjdenn
0,0.00018239566288587934,gjnorm,cjdenn
0,0.0001774004698578766,gjnorm,cjdenn
0,0.0001678650815502655,gjnorm,cjdenn
0,0.00017640725102259828,gjnorm,cjdenn
0,0.00018140208650524353,gjnorm,cjdenn
0,0.00018854092410104127,gjnorm,cjdenn
0,0.00018918809087660655,gjnorm,cjdenn
0,0.00018108580122606986,gjnorm,cjdenn
0,0.00018241409889329876,gjnorm,cjdenn
0,0.00017086971756547306,gjnorm,cjdenn
0,0.00018349927690315584,gjnorm,cjdenn
0,0.00018000207553355143,gjnorm,cjdenn
0,0.00018196131201180887,gjnorm,cjdenn
0,0.0001798548308413521,gjnorm,cjdenn
0,0.0001801176702888356,gjnorm,cjdenn
0,0.0001799323253828732,gjnorm,cjdenn
0,0.00017803955615470362,gjnorm,cjdenn
0,0.00017324384355971146,gjnorm,cjdenn
0,0.0001939625317642857,miaduc,cjsake
0,0.00018390210957286063,miaduc,cjsake
0,0.00019593441392255794,miaduc,cjsake
0,0.00019169233212366305,rlocke,cjsake
0,0.0001859046307249413,miaduc,cjsake
0,0.00018707528488524065,miaduc,cjsake
0,0.00018648936853255037,rlocke,cjsake
0,0.00018695997417820186,miaduc,cjsake
0,0.0001863813800502983,miaduc,cjsake
0,0.000183908512089348,miaduc,cjsake
0,0.00018569169752641093,miaduc,cjsake
0,0.00019096289168953664,miaduc,cjsake
0,0.00019072162004372327,miaduc,cjsake
0,0.00018768780382033494,miaduc,cjsake
0,0.0001892865540874862,miaduc,cjsake
0,0.00018112264458524955,miaduc,cjsake
0,0.000178191360666191,miaduc,cjsake
0,0.00018329635116742066,miaduc,cjsake
0,0.00018268318117873328,miaduc,cjsake
0,0.00017255910246503624,kjwith,cmkirk
0,0.00017147120155250548,kjwith,cmkirk
0,0.00017748407517121671,kjwith,cmkirk
0,0.00017586250967897772,kjwith,cmkirk
0,0.0001772585326749552,kjwith,cmkirk
0,0.00017677950795180243,kjwith,cmkirk
0,0.00017264510277192183,kjwith,cmkirk
0,0.0001745395483152097,kjwith,cmkirk
0,0.00017589142138666248,kjwith,cmkirk
0,0.00017279380288439108,kjwith,cmkirk
0,0.00017165933644017458,kjwith,cmkirk
0,0.0001760319777479822,cjcarr,cmkirk
0,0.00017594417432558094,kjwith,cmkirk
0,0.00017347234485055857,cjcarr,cmkirk
0,0.00017530161723908135,kjwith,cmkirk
0,0.00017422633978266805,kjwith,cmkirk
0,0.00017787512653378814,kjwith,cmkirk
0,0.00017289010190708315,kjwith,cmkirk
0,0.0001734547576616096,kjwith,cmkirk
0,0.0002952435249524457,nwilli,csanch
0,0.00028927025568758737,nwilli,csanch
0,0.0002973218421139513,nwilli,csanch
0,0.0002993561353269719,nwilli,csanch
0,0.00030409178108765743,nwilli,csanch
0,0.0003013902671407479,nwilli,csanch
0,0.0003009932084060333,nwilli,csanch
0,0.0003015584530588957,nwilli,csanch
0,0.00030033116595195355,nwilli,csanch
0,0.0003060051768343402,nwilli,csanch
0,0.00029942963963001175,nwilli,csanch
0,0.00030604296772484527,nwilli,csanch
0,0.0003072162890324946,nwilli,csanch
0,0.0003028494427795878,nwilli,csanch
0,0.00030313445329807994,nwilli,csanch
0,0.0002963691600535194,nwilli,csanch
0,0.00030095239282297494,nwilli,csanch
0,0.00030497727662598785,nwilli,csanch
0,0.00030476221567175165,nwilli,csanch
1,0.0003855608038836732,cshubb,cshubb
1,0.00038148264324942523,cshubb,cshubb
1,0.0003904215098983434,cshubb,cshubb
1,0.0003812627485943995,cshubb,cshubb
1,0.00038372273858529185,cshubb,cshubb
1,0.0003813089384566205,cshubb,cshubb
1,0.00038074363346166264,cshubb,cshubb
1,0.000377635348966074,cshubb,cshubb
1,0.000381768458002072,cshubb,cshubb
1,0.00037642791612624044,cshubb,cshubb
1,0.00038190817332236837,cshubb,cshubb
1,0.00038172101891491777,cshubb,cshubb
1,0.00038043518568393745,cshubb,cshubb
1,0.00037832979337647856,cshubb,cshubb
1,0.0003790316228239431,cshubb,cshubb
1,0.0003777825870206069,cshubb,cshubb
1,0.0003821682928191707,cshubb,cshubb
1,0.0003815576487032418,cshubb,cshubb
1,0.0003790625039920259,cshubb,cshubb
1,0.0001716563166531745,cwchoi,cwchoi
0,0.00017259654844334777,pspliu,cwchoi
1,0.0001679838293989966,cwchoi,cwchoi
1,0.00017430864170039703,cwchoi,cwchoi
1,0.0001738370343766872,cwchoi,cwchoi
1,0.00017475916302850337,cwchoi,cwchoi
1,0.00017290250571450527,cwchoi,cwchoi
1,0.00017681015209294204,cwchoi,cwchoi
1,0.00017657361728072582,cwchoi,cwchoi
1,0.00017550255730991007,cwchoi,cwchoi
1,0.0001760740943205355,cwchoi,cwchoi
1,0.00017540501716371322,cwchoi,cwchoi
1,0.00017247815134908005,cwchoi,cwchoi
1,0.00017255806006268007,cwchoi,cwchoi
1,0.00017407811708687154,cwchoi,cwchoi
1,0.0001709328334709462,cwchoi,cwchoi
1,0.00017405071612529185,cwchoi,cwchoi
1,0.0001725646223590685,cwchoi,cwchoi
1,0.00017358569110942378,cwchoi,cwchoi
1,0.00036039777043165325,dagran,dagran
1,0.0003736647235933315,dagran,dagran
1,0.00035080407955828257,dagran,dagran
1,0.0003499251957272897,dagran,dagran
1,0.00035664689553832526,dagran,dagran
1,0.00035521272448305687,dagran,dagran
1,0.0003518730870493724,dagran,dagran
1,0.00034891642210125955,dagran,dagran
1,0.0003786637075250414,dagran,dagran
1,0.00035238735684556976,dagran,dagran
1,0.0003419979618415452,dagran,dagran
1,0.0003746926891882658,dagran,dagran
1,0.00037384807576206153,dagran,dagran
1,0.00036157330192911275,dagran,dagran
1,0.00036808582174411913,dagran,dagran
1,0.00036668995148147603,dagran,dagran
1,0.00037225617918091024,dagran,dagran
1,0.00037603706583182276,dagran,dagran
1,0.0003604862619969566,dagran,dagran
0,0.0001830384577245902,pmives,dakram
0,0.0001878597176618597,jrtobi,dakram
0,0.00019006605315600945,pmives,dakram
0,0.00018686205482600814,pmives,dakram
0,0.00018774878164149424,jrtobi,dakram
0,0.0001926593298096827,pmives,dakram
0,0.00018502019545470265,pmives,dakram
0,0.00018783823640324603,jrtobi,dakram
0,0.00017786058074228603,jrtobi,dakram
0,0.00018245967672566042,pmives,dakram
0,0.0001855721356190123,mjhans,dakram
0,0.00018481609116628825,jrtobi,dakram
0,0.00018261409374690734,jrtobi,dakram
0,0.0001842824943642441,jrtobi,dakram
0,0.0001845110475622674,jrtobi,dakram
0,0.0001821311827049974,jrtobi,dakram
0,0.00018597461935407504,jrtobi,dakram
0,0.0001856307909801421,jrtobi,dakram
0,0.00019136548329266436,pmives,dakram
0,0.0001896625021167821,gjnorm,dcbowe
0,0.00018586806167181832,gjnorm,dcbowe
0,0.00018108106533789084,gjnorm,dcbowe
0,0.00019168499061789264,gjnorm,dcbowe
0,0.0001907723242137772,gjnorm,dcbowe
0,0.00018324907345423615,gjnorm,dcbowe
0,0.00018983918438310313,gjnorm,dcbowe
0,0.00019221389485914837,gjnorm,dcbowe
0,0.00018891136987709498,gjnorm,dcbowe
0,0.00019088302437732726,gjnorm,dcbowe
0,0.00019738606696323045,gjnorm,dcbowe
0,0.0001903005761813034,gjnorm,dcbowe
0,0.00018978502064935087,gjnorm,dcbowe
0,0.00018829872030427328,gjnorm,dcbowe
0,0.0001847574681353321,gjnorm,dcbowe
0,0.00018531929154221895,gjnorm,dcbowe
0,0.00018153542227545327,gjnorm,dcbowe
0,0.00018417947553553478,gjnorm,dcbowe
0,0.00018551250690326636,gjnorm,dcbowe
1,0.0002585072529984457,dioann,dioann
1,0.0002549213248284052,dioann,dioann
1,0.00026321325909781903,dioann,dioann
1,0.00024840166133015246,dioann,dioann
1,0.00023357770080208802,dioann,dioann
1,0.00023145466173075588,dioann,dioann
1,0.0002386401484975941,dioann,dioann
1,0.00023241733160887527,dioann,dioann
1,0.00024974669173123476,dioann,dioann
1,0.0002627081907424738,dioann,dioann
1,0.000252800543834246,dioann,dioann
1,0.00026728027279579534,dioann,dioann
1,0.00026584114489624594,dioann,dioann
1,0.0002643518155503163,dioann,dioann
1,0.0002658459599829627,dioann,dioann
1,0.000263951722305759,dioann,dioann
1,0.00026511527372057286,dioann,dioann
1,0.00026628060998397786,dioann,dioann
1,0.0002632340371200159,dioann,dioann
1,0.00018030859231372293,djbirc,djbirc
1,0.00017835351762992709,djbirc,djbirc
1,0.00018261248208627028,djbirc,djbirc
1,0.00017864733948960875,djbirc,djbirc
1,0.00017764502023601928,djbirc,djbirc
1,0.00017675360929323154,djbirc,djbirc
1,0.00017704469712338813,djbirc,djbirc
1,0.00018091229592668128,djbirc,djbirc
1,0.00018012602000309235,djbirc,djbirc
1,0.0001758965640928336,djbirc,djbirc
1,0.0001801333129781792,djbirc,djbirc
1,0.00017941308931786393,djbirc,djbirc
1,0.00018027506402272506,djbirc,djbirc
1,0.00018136448125271682,djbirc,djbirc
1,0.00017963462480925625,djbirc,djbirc
1,0.00018010377162448694,djbirc,djbirc
1,0.00018112277974346327,djbirc,djbirc
1,0.00017979754675216683,djbirc,djbirc
1,0.0001769816342747311,djbirc,djbirc
0,0.00018173680641853177,cjcarr,djhugh
0,0.00017683065074943272,cjcarr,djhugh
0,0.0001813995943753648,cjcarr,djhugh
0,0.00017663735944142223,cjcarr,djhugh
0,0.0001810205155048296,cjcarr,djhugh
0,0.0001793183579047285,cjcarr,djhugh
0,0.00018152646272820948,cjcarr,djhugh
0,0.00018006572285063455,cjcarr,djhugh
0,0.0001802246607391301,cjcarr,djhugh
0,0.00017661977296028024,cjcarr,djhugh
0,0.00017487059589959853,cjcarr,djhugh
0,0.0001843592666742452,cjcarr,djhugh
0,0.00018453017371087354,cjcarr,djhugh
0,0.00018385819439896555,cjcarr,djhugh
0,0.00018414224832558434,cjcarr,djhugh
0,0.000185364147197953,cjcarr,djhugh
0,0.00018355987003014458,cjcarr,djhugh
0,0.00018370439736325897,cjcarr,djhugh
0,0.00018043321813363057,cjcarr,djhugh
0,0.00016681276189276067,ajsega,djmart
0,0.00016558002120381496,rrowle,djmart
0,0.00017272631470304162,rrowle,djmart
0,0.00017632964517678022,rrowle,djmart
0,0.00017257912346215127,rrowle,djmart
0,0.00017179477370544473,rrowle,djmart
0,0.00016660825465419595,rrowle,djmart
0,0.00017453950087921308,rrowle,djmart
0,0.00017562008253664256,ccjame,djmart
0,0.00017551568721292226,rrowle,djmart
0,0.0001733854571214881,ccjame,djmart
0,0,unknown,djmart
0,0.00017708555016842896,ccjame,djmart
0,0.0001829723048908781,ccjame,djmart
0,0,unknown,djmart
0,0.0001747704090544732,ccjame,djmart
0,0,unknown,djmart
0,0.00018758620482055117,ccjame,djmart
0,0.0001792613446408615,ccjame,djmart
0,0.00016092234814798337,gjnorm,dmwest
0,0.00015953335836953113,khughe,dmwest
0,0.00015285778272750453,khughe,dmwest
0,0.00015576586994232275,khughe,dmwest
0,0.0001614236022911824,khughe,dmwest
0,0.00016047687543544275,khughe,dmwest
0,0.0001589786325282532,khughe,dmwest
0,0.00015621839131416332,khughe,dmwest
0,0.0001590016271550358,khughe,dmwest
0,0.00016189479360580967,khughe,dmwest
0,0.00016290837668694083,khughe,dmwest
0,0.00015762154662469555,khughe,dmwest
0,0.00015913637239229524,khughe,dmwest
0,0.00015888935277515203,gjnorm,dmwest
0,0.00016094412810495874,khughe,dmwest
0,0.00015965276359939065,khughe,dmwest
0,0.00015836643953858156,khughe,dmwest
0,0.0001612565881866342,khughe,dmwest
0,0.00015339801572638895,gjnorm,dmwest
0,0.0001893111612996739,pspliu,gdhatc
0,0.0001895241905085552,pspliu,gdhatc
0,0.00019010369858157587,pspliu,gdhatc
0,0.00018649149513650924,pspliu,gdhatc
0,0.00018919864038428313,pspliu,gdhatc
0,0.0001880147048235455,pspliu,gdhatc
0,0.0001892453633037684,pspliu,gdhatc
0,0.00018914356405771963,pspliu,gdhatc
0,0.0001892672152282655,pspliu,gdhatc
0,0.0001902562492840281,pspliu,gdhatc
0,0.00019262845727270587,pspliu,gdhatc
0,0.00019287864250577423,pspliu,gdhatc
0,0.00019200745937731373,pspliu,gdhatc
0,0.00019078661556969957,pspliu,gdhatc
0,0.0001855380602663148,pspliu,gdhatc
0,0.00018911004631899796,pspliu,gdhatc
0,0.0001911911776037431,pspliu,gdhatc
0,0.00019185802823178607,pspliu,gdhatc
0,0.00018632949461680774,pspliu,gdhatc
0,0.0001973707671887432,rlocke,ggeorg
0,0.00019870587177870213,rlocke,ggeorg
0,0.00019757084450124326,9416994,ggeorg
0,0.0002019061892330465,rlocke,ggeorg
0,0.00020212460774968614,rlocke,ggeorg
0,0.00019742596205494034,rlocke,ggeorg
0,0.00019811939102368643,rlocke,ggeorg
0,0.0002040891878721669,rlocke,ggeorg
0,0.00020784805811881445,rlocke,ggeorg
0,0.00020233697378470552,rlocke,ggeorg
0,0.00020417734299335124,rlocke,ggeorg
0,0.0001912250148951839,rlocke,ggeorg
0,0.00019540502490730083,rlocke,ggeorg
0,0.00019231326196583062,rlocke,ggeorg
0,0.00019443899550842904,rlocke,ggeorg
0,0.0001944935792079784,rlocke,ggeorg
0,0.00019508139548899642,rlocke,ggeorg
0,0.00019715957321743494,rlocke,ggeorg
0,0.00019947585667653872,rlocke,ggeorg
0,0.0002337966676173589,rlocke,ggrego
0,0.00023631240759291474,rlocke,ggrego
0,0.00023919346463741466,rlocke,ggrego
0,0.0002348353012649983,rlocke,ggrego
0,0.0002351986208156848,rlocke,ggrego
0,0.00023942405203511948,rlocke,ggrego
0,0.00023621734293431665,rlocke,ggrego
0,0.00022981928835806098,rlocke,ggrego
0,0.0002328255358958318,rlocke,ggrego
0,0.00021333895662230173,rlocke,ggrego
0,0.00022768618766025209,rlocke,ggrego
0,0.0002481866450239187,rlocke,ggrego
0,0.0002468059902486068,rlocke,ggrego
0,0.00025863423999419264,rlocke,ggrego
0,0.00024455492920358757,rlocke,ggrego
0,0.00024748680466936575,rlocke,ggrego
0,0.00025308463590038226,gjhero,ggrego
0,0.0002429711528099121,gjhero,ggrego
0,0.0002411843263207523,rlocke,ggrego
1,0.00031206042561535526,gjhero,gjhero
1,0.00029348545938296343,gjhero,gjhero
1,0.00030468737928385795,gjhero,gjhero
1,0.00031278808698689033,gjhero,gjhero
1,0.00031457416173523927,gjhero,gjhero
1,0.00032029160502967935,gjhero,gjhero
1,0.00031926281406488506,gjhero,gjhero
1,0.00031031336884415514,gjhero,gjhero
1,0.00031028329924501013,gjhero,gjhero
1,0.0003116191142243203,gjhero,gjhero
1,0.0003135363830158958,gjhero,gjhero
1,0.0003179212330939141,gjhero,gjhero
1,0.00031773364016070326,gjhero,gjhero
1,0.0003196041500442637,gjhero,gjhero
1,0.00031314694787099154,gjhero,gjhero
1,0.000311154645885518,gjhero,gjhero
1,0.0003078898869563455,gjhero,gjhero
1,0.0003088993083567895,gjhero,gjhero
1,0.00031545849979664863,gjhero,gjhero
1,0.0002040199587889945,gjnorm,gjnorm
1,0.0001979001935021029,gjnorm,gjnorm
1,0.00019709098177977559,gjnorm,gjnorm
1,0.0001974313845224507,gjnorm,gjnorm
1,0.0001958695435888037,gjnorm,gjnorm
1,0.00019994870278234255,gjnorm,gjnorm
1,0.00019655538765295325,gjnorm,gjnorm
1,0.00019243893255199788,gjnorm,gjnorm
1,0.0001959960896703747,gjnorm,gjnorm
1,0.0001953903577241793,gjnorm,gjnorm
1,0.00019725709536656837,gjnorm,gjnorm
1,0.00020701836389834413,gjnorm,gjnorm
1,0.00020685109750594296,gjnorm,gjnorm
1,0.0002061814409578539,gjnorm,gjnorm
1,0.00020848340718407102,gjnorm,gjnorm
1,0.0002072768151392508,gjnorm,gjnorm
1,0.00020756642132105577,gjnorm,gjnorm
1,0.00020392442063334133,gjnorm,gjnorm
1,0.0002086036580881897,gjnorm,gjnorm
0,0.00018867022283106222,khughe,gmwate
0,0.00018591879445395166,khughe,gmwate
0,0.00018053900088461022,cjcarr,gmwate
0,0.00018476288498149614,cjcarr,gmwate
0,0.00018362919828545513,cjcarr,gmwate
0,0.000184002015185252,cjcarr,gmwate
0,0.00018460441552677317,cjcarr,gmwate
0,0.0001868694142925056,cjcarr,gmwate
0,0.0001834959302600698,cjcarr,gmwate
0,0.00018019037185909836,cjcarr,gmwate
0,0.00018497507841600037,cjcarr,gmwate
0,0.00018425013407352077,khughe,gmwate
0,0.00018444798736464557,khughe,gmwate
0,0.00018490697411760384,khughe,gmwate
0,0.00018399233612439772,cjcarr,gmwate
0,0.00018244257233748776,khughe,gmwate
0,0.0001844217086225019,cjcarr,gmwate
0,0.00018323876083521876,cjcarr,gmwate
0,0.00018421564989982297,cjcarr,gmwate
0,0.00025703509424687725,gjhero,gpapaz
0,0.0002602833836848948,gjhero,gpapaz
0,0.00026835120304527174,gjhero,gpapaz
0,0.00026523086029382357,gjhero,gpapaz
0,0.0002639098739142033,gjhero,gpapaz
0,0.0002619541164765958,gjhero,gpapaz
0,0.0002640139506817573,gjhero,gpapaz
0,0.00025737237723360917,gjhero,gpapaz
0,0.00026605903451947503,gjhero,gpapaz
0,0.000259821755046298,gjhero,gpapaz
0,0.0002644951749742503,gjhero,gpapaz
0,0.00026436466557428054,gjhero,gpapaz
0,0.0002715940591333164,gjhero,gpapaz
0,0.00026435861800001213,gjhero,gpapaz
0,0.0002722947583727987,gjhero,gpapaz
0,0.00026401815519668366,gjhero,gpapaz
0,0.00026309685068845825,gjhero,gpapaz
0,0.0002730047913252266,gjhero,gpapaz
0,0.00024355565828336134,gjhero,gpapaz
1,0.00021482816873935408,gpsmit,gpsmit
1,0.00021508957708981662,gpsmit,gpsmit
1,0.0002097848400095087,gpsmit,gpsmit
1,0.00021325826061786154,gpsmit,gpsmit
1,0.00021618533886009407,gpsmit,gpsmit
1,0.00021050339276419873,gpsmit,gpsmit
1,0.00021236557637493162,gpsmit,gpsmit
1,0.00020971851264298146,gpsmit,gpsmit
1,0.0002134424123569769,gpsmit,gpsmit
1,0.00021207843357888431,gpsmit,gpsmit
1,0.00021629227344007653,gpsmit,gpsmit
1,0.00021345658680701918,gpsmit,gpsmit
1,0.00021377635523448448,gpsmit,gpsmit
1,0.00021976584168041018,gpsmit,gpsmit
1,0.00021637750735752388,gpsmit,gpsmit
1,0.0002172904925406012,gpsmit,gpsmit
1,0.00021512495663811843,gpsmit,gpsmit
1,0.00021428654409736065,gpsmit,gpsmit
1,0.0002052273364844937,gpsmit,gpsmit
0,0.00017827344129547394,cjcarr,gsreas
0,0.00018448890416380138,cjcarr,gsreas
0,0.00018398458489475526,cjcarr,gsreas
0,0.00018638455419959737,cjcarr,gsreas
0,0.0001816803018487546,cjcarr,gsreas
0,0.00017972785286232676,cjcarr,gsreas
0,0.0001812517409286116,cjcarr,gsreas
0,0.00017541935023756967,cjcarr,gsreas
0,0.00018517040775092988,cjcarr,gsreas
0,0.00017879110137403355,cjcarr,gsreas
0,0.0001822918464860545,cjcarr,gsreas
0,0.00018449052128759828,cjcarr,gsreas
0,0.00019016226694890456,cjcarr,gsreas
0,0.00018005595160947642,cjcarr,gsreas
0,0.00018223479078216447,cjcarr,gsreas
0,0.00018344469679220933,cjcarr,gsreas
0,0.0001807649331657741,cjcarr,gsreas
0,0.00018249593550853015,cjcarr,gsreas
0,0.0001800142741992306,cjcarr,gsreas
0,0.00021170931127512504,9416994,irdrew
0,0.00020278932743739362,9416994,irdrew
0,0.00020252985822456288,9416994,irdrew
0,0.0002055266986760865,9416994,irdrew
0,0.00020156088870082323,9416994,irdrew
0,0.0002046600880964268,9416994,irdrew
0,0.00020968271801307414,9416994,irdrew
0,0.00019404938299255313,9416994,irdrew
0,0.00020973070098691648,9416994,irdrew
0,0.0001969209483376398,9416994,irdrew
0,0.0002066546740769969,9416994,irdrew
0,0.000216003783786423,9416994,irdrew
0,0.00021656810650502316,9416994,irdrew
0,0.00021688007851534247,9416994,irdrew
0,0.0002124871570160463,9416994,irdrew
0,0.00020853382721362776,9416994,irdrew
0,0.000206961602461414,9416994,irdrew
0,0.00021046836405199998,9416994,irdrew
0,0.0002129587016704451,9416994,irdrew
0,0.00018078529294920438,gjnorm,jabins
0,0.00017391070466572027,gjnorm,jabins
0,0.0001792483984824729,gjnorm,jabins
0,0.00018075826251278185,gjnorm,jabins
0,0.00018132365178075423,gjnorm,jabins
0,0.00017766073324453107,gjnorm,jabins
0,0.00017566977865173642,khughe,jabins
0,0.00018278107425132218,gjnorm,jabins
0,0.00018309693284511953,gjnorm,jabins
0,0.00018700732143792654,gjnorm,jabins
0,0.00017153227734118798,gjnorm,jabins
0,0.00018144873380067307,gjnorm,jabins
0,0.00017700909478603799,gjnorm,jabins
0,0.00017586801417195916,gjnorm,jabins
0,0.00017684244559438875,gjnorm,jabins
0,0.0001754023172536171,gjnorm,jabins
0,0.0001762591207868286,gjnorm,jabins
0,0.0001769075098231417,gjnorm,jabins
0,0.00017326554871778646,gjnorm,jabins
0,0.00017674730075749627,gjnorm,jagrif
0,0.00017077299346580682,gjnorm,jagrif
0,0.00017689321060653055,gjnorm,jagrif
0,0.0001753179661712973,gjnorm,jagrif
0,0.00017837204027086186,gjnorm,jagrif
0,0.00017402186291757768,gjnorm,jagrif
0,0.00017819154433907193,gjnorm,jagrif
0,0.00017538111894141025,gjnorm,jagrif
0,0.0001758419052845842,gjnorm,jagrif
0,0.00015958478779779794,gjnorm,jagrif
0,0.00016921704941919258,gjnorm,jagrif
0,0.0001837828369246406,gjnorm,jagrif
0,0.00017895746869869941,gjnorm,jagrif
0,0.00018847683424936203,gjnorm,jagrif
0,0.00018616882267912083,gjnorm,jagrif
0,0.0001864168919796385,gjnorm,jagrif
0,0.0001839209901084737,gjnorm,jagrif
0,0.00018796029000538723,gjnorm,jagrif
0,0.00018275260179310783,gjnorm,jagrif
1,0.00031574795332628083,jcarte,jcarte
1,0.0003192701203601747,jcarte,jcarte
1,0.0003149278794857686,jcarte,jcarte
1,0.0003165623883824903,jcarte,jcarte
1,0.0003166107472685791,jcarte,jcarte
1,0.0003262843449767034,jcarte,jcarte
1,0.0003348594422137396,jcarte,jcarte
1,0.0003127195523459915,jcarte,jcarte
1,0.0003124629929517734,jcarte,jcarte
1,0.0003092221279002681,jcarte,jcarte
1,0.0003075722738394323,jcarte,jcarte
1,0.0003171015291010834,jcarte,jcarte
1,0.00032812623137190914,jcarte,jcarte
1,0.00033349170160116605,jcarte,jcarte
1,0.00031393427570274544,jcarte,jcarte
1,0.00031762402433159405,jcarte,jcarte
1,0.00030764600775362664,jcarte,jcarte
1,0.00032070132640442763,jcarte,jcarte
1,0.0003181958240177107,jcarte,jcarte
0,0.0001666747290374477,gpsmit,jdbenm
0,0.0001700932573325587,gpsmit,jdbenm
0,0.00016405109711716112,gpsmit,jdbenm
0,0.0001689506728786826,gpsmit,jdbenm
0,0.00016962433505808244,gpsmit,jdbenm
0,0.00016841987607757572,gpsmit,jdbenm
0,0.00016883337689687093,gpsmit,jdbenm
0,0.00016426305714623064,gpsmit,jdbenm
0,0.00016869792116237388,gpsmit,jdbenm
0,0.0001675120134891226,gpsmit,jdbenm
0,0.0001721552446268026,gpsmit,jdbenm
0,0.00017074930812231812,gpsmit,jdbenm
0,0.00017287828839957606,gpsmit,jdbenm
0,0.00016677991238843792,gpsmit,jdbenm
0,0.00016462631259371002,gpsmit,jdbenm
0,0.00016500875117686527,gpsmit,jdbenm
0,0.00016563406807779162,gpsmit,jdbenm
0,0.0001631440686304703,gpsmit,jdbenm
0,0.0001678116381975833,gpsmit,jdbenm
0,0.00019477729558060053,gjnorm,jgloma
0,0.0002005498141278156,gjnorm,jgloma
0,0.00019822351113283498,gjnorm,jgloma
0,0.00019935431660311422,gjnorm,jgloma
0,0.00020067278206755077,gjnorm,jgloma
0,0.00020242556860518786,gjnorm,jgloma
0,0.0002020609854359584,gjnorm,jgloma
0,0.0002013142024904878,gjnorm,jgloma
0,0.00020065271728741764,gjnorm,jgloma
0,0.0001987982124164663,gjnorm,jgloma
0,0.00020326882557784767,gjnorm,jgloma
0,0.00019451486300684135,gjnorm,jgloma
0,0.00019718258494540508,gjnorm,jgloma
0,0.00019744401413038554,gjnorm,jgloma
0,0.00019841281674356218,gjnorm,jgloma
0,0.0001978829237521319,gjnorm,jgloma
0,0.00019526559851956043,gjnorm,jgloma
0,0.0001988233777133503,gjnorm,jgloma
0,0.00020013774220620207,gjnorm,jgloma
0,0.00028267673527800985,gjhero,jlemon
0,0.00027479154478724963,gjhero,jlemon
0,0.0002741045546307207,gjhero,jlemon
0,0.0002762355613800393,gjhero,jlemon
0,0.00027346042455397547,gjhero,jlemon
0,0.0002665088950228402,gjhero,jlemon
0,0.00026956109871086785,gjhero,jlemon
0,0.000270863558862719,gjhero,jlemon
0,0.00026768333953346466,gjhero,jlemon
0,0.0002750331137829681,gjhero,jlemon
0,0.00027554043114014405,gjhero,jlemon
0,0.0002715781989538968,gjhero,jlemon
0,0.00027287793372947,gjhero,jlemon
0,0.0002605241642078315,gjhero,jlemon
0,0.00025807407784698115,gjhero,jlemon
0,0.0002595303247929758,gjhero,jlemon
0,0.00027466809186439765,gjhero,jlemon
0,0.00027663797172883,gjhero,jlemon
0,0.00028303520569397954,gjhero,jlemon
0,0.00022468708850417746,asheal,jmedin
0,0.00023223196866950033,asheal,jmedin
0,0.0002349455935792512,asheal,jmedin
0,0.0002328870246217704,asheal,jmedin
0,0.00023154047322463013,asheal,jmedin
0,0.00023371001060292344,asheal,jmedin
0,0.0002344958053708686,asheal,jmedin
0,0.00023284851084117957,asheal,jmedin
0,0.00023201843760708245,asheal,jmedin
0,0.00023101345948897564,asheal,jmedin
0,0.00023415457392477796,asheal,jmedin
0,0.00023378334001899277,asheal,jmedin
0,0.0002356680490052005,asheal,jmedin
0,0.0002371099499455743,asheal,jmedin
0,0.00023960431393481898,asheal,jmedin
0,0.000239495229363188,asheal,jmedin
0,0.0002395682233878996,asheal,jmedin
0,0.00024003376530522272,asheal,jmedin
0,0.00023496189605019138,asheal,jmedin
0,0.00014669733899504424,rrowle,jrtobi
0,0.0001426566716899296,swewin,jrtobi
0,0.0001435405808519005,swewin,jrtobi
0,0.00014397252873408724,swewin,jrtobi
0,0.00014652550779357964,swewin,jrtobi
0,0.00014357351793857978,swewin,jrtobi
0,0.00014631069211806108,rrowle,jrtobi
0,0.00014612326983345718,gjnorm,jrtobi
0,0.00015035771119193268,gjnorm,jrtobi
0,0.00014690022909629125,gjnorm,jrtobi
0,0.00014826955334485404,swewin,jrtobi
0,0.00014638306061040115,swewin,jrtobi
0,0.00014805431200478773,swewin,jrtobi
0,0.0001458830793642769,swewin,jrtobi
0,0.0001474024156700338,swewin,jrtobi
0,0.0001486449698582086,swewin,jrtobi
0,0.00014317510629240502,swewin,jrtobi
0,0.00014403189539248195,swewin,jrtobi
0,0.0001459880250869409,swewin,jrtobi
0,0.00021990701976935296,njmoor,kaatki
0,0.0002126796839081943,njmoor,kaatki
0,0.00022506010598413823,njmoor,kaatki
0,0.00021635631379707273,njmoor,kaatki
0,0.00022339542545744094,njmoor,kaatki
0,0.00021911284236045964,njmoor,kaatki
0,0.00022447738435070884,njmoor,kaatki
0,0.00022041101183105597,njmoor,kaatki
0,0.00022169554767166862,njmoor,kaatki
0,0.00021314852432526628,njmoor,kaatki
0,0.0002216029360860931,njmoor,kaatki
0,0.00021731562829508855,njmoor,kaatki
0,0.00022457334211474958,njmoor,kaatki
0,0.00022159472314090155,njmoor,kaatki
0,0.00022046595966392462,njmoor,kaatki
0,0.00021781290819438773,njmoor,kaatki
0,0.00022257712351482983,njmoor,kaatki
0,0.0002260873929774198,njmoor,kaatki
0,0.0002319719613833847,njmoor,kaatki
0,0.0001726180749288938,njmoor,kdjone
0,0.0001737638216481142,njmoor,kdjone
0,0.00016819782940904877,njmoor,kdjone
0,0.0001712289477496691,njmoor,kdjone
0,0.0001713345546365831,njmoor,kdjone
0,0.00017195199895083505,njmoor,kdjone
0,0.00017076748695482474,njmoor,kdjone
0,0.00017549368063974423,njmoor,kdjone
0,0.00016744885371388588,njmoor,kdjone
0,0.00016814617271861262,njmoor,kdjone
0,0.00016308019513054507,njmoor,kdjone
0,0.0001687534065913205,njmoor,kdjone
0,0.00017377531614545913,njmoor,kdjone
0,0.00017217117192082723,njmoor,kdjone
0,0.00017744812873092064,njmoor,kdjone
0,0.00017515937005135,njmoor,kdjone
0,0.00017265439481054423,njmoor,kdjone
0,0.00017152228500567646,njmoor,kdjone
0,0.00017566810198067168,njmoor,kdjone
0,0.00016461684051921702,swewin,khchan
0,0.00016916817630559692,pspliu,khchan
0,0.00016484709234361399,pspliu,khchan
0,0.00016707630253428273,swewin,khchan
0,0.00016932345656059874,swewin,khchan
0,0.00017134450148569832,cjcarr,khchan
0,0.000168310901355713,cjcarr,khchan
0,0.00017289874826881938,cjcarr,khchan
0,0.00016892707792466737,cjcarr,khchan
0,0.0001679949334827084,swewin,khchan
0,0.0001697234875582576,cjcarr,khchan
0,0.00016895193822665175,pspliu,khchan
0,0.00016434545637016625,pspliu,khchan
0,0.00016459725374234105,pspliu,khchan
0,0.00016371832745139923,pspliu,khchan
0,0.00016313032079897608,pspliu,khchan
0,0.00016520043497136736,khughe,khchan
0,0.00016557009278646916,swewin,khchan
0,0.00016366086955176196,khughe,khchan
0,0.0002059717901519737,gjnorm,khughe
0,0.0002096362137631531,gjnorm,khughe
0,0.00021181799629529235,gjnorm,khughe
0,0.00020892771089084156,gjnorm,khughe
0,0.00021722963741217948,gjnorm,khughe
0,0.00019905010719128716,gjnorm,khughe
0,0.00020703908400288506,gjnorm,khughe
0,0.00020740688015494425,gjnorm,khughe
0,0.00021993239960127307,gjnorm,khughe
0,0.00021619492272631553,gjnorm,khughe
0,0.00020828797809412154,gjnorm,khughe
1,0.00021279147381171774,khughe,khughe
0,0.00020626867358084156,gjnorm,khughe
1,0.00020570175685501987,khughe,khughe
1,0.00020195060439734126,khughe,khughe
1,0.00020540301660751763,khughe,khughe
1,0.0002043809293285357,khughe,khughe
0,0.0002100698870719438,gjnorm,khughe
0,0.000204582707907169,gjnorm,khughe
1,0.00017442031737585436,kjwith,kjwith
1,0.00017063895746389704,kjwith,kjwith
1,0.00017232116104101745,kjwith,kjwith
1,0.00017236549591430494,kjwith,kjwith
1,0.00017565768937685802,kjwith,kjwith
1,0.00017308000855453326,kjwith,kjwith
1,0.000177385893766498,kjwith,kjwith
1,0.0001700508293403273,kjwith,kjwith
1,0.00017084734380892188,kjwith,kjwith
1,0.00016692397689401406,kjwith,kjwith
1,0.00016953744399602719,kjwith,kjwith
1,0.00017558511841919109,kjwith,kjwith
1,0.00017980803131970244,kjwith,kjwith
1,0.00017632502121152363,kjwith,kjwith
1,0.0001769135069252398,kjwith,kjwith
1,0.00017671882261137444,kjwith,kjwith
1,0.000173335812656854,kjwith,kjwith
1,0.00017850121451090794,kjwith,kjwith
1,0.00017526902323690551,kjwith,kjwith
0,0.00018184561052542848,khughe,lejnno
0,0.00018286982933094618,khughe,lejnno
0,0.000182740636440492,khughe,lejnno
0,0.00017989441250578048,khughe,lejnno
0,0.0001795883496173871,khughe,lejnno
0,0.00018961778448614537,khughe,lejnno
0,0.0001875898677504047,khughe,lejnno
0,0.00018160242839060354,khughe,lejnno
0,0.00017058187802666236,khughe,lejnno
0,0.0001719512265855339,khughe,lejnno
0,0.00017281926883214762,khughe,lejnno
0,0.00018414775916352944,khughe,lejnno
0,0.00018440423771333444,khughe,lejnno
0,0.00018700842571207102,khughe,lejnno
0,0.00018891677820876454,khughe,lejnno
0,0.00018433315648086297,khughe,lejnno
0,0.00018308037485015836,khughe,lejnno
0,0.00018405670853650978,khughe,lejnno
0,0.0001807494810183169,khughe,lejnno
0,0.00017085820563077426,pmives,maasht
0,0.00016855315571495552,pmives,maasht
0,0.00016796548100990376,pmives,maasht
0,0.00017040652158911436,pmives,maasht
0,0.00017104356820701156,pmives,maasht
0,0.00017061020110959823,pmives,maasht
0,0.00017689139886439806,pmives,maasht
0,0.00016796850706451755,pmives,maasht
0,0.0001669700637017058,pmives,maasht
0,0.00016739057483212223,pmives,maasht
0,0.00016758910207571734,pmives,maasht
0,0.00016921567429022097,ajsega,maasht
0,0.00016531249168654766,ajsega,maasht
0,0.00017250146850478486,ajsega,maasht
0,0.0001641098380115357,pmives,maasht
0,0.00017059215211180312,pmives,maasht
0,0.00016989764082614306,ajsega,maasht
0,0.0001732246314918629,ajsega,maasht
0,0.00016765330777574906,ajsega,maasht
0,0.0001883681154530649,gjnorm,mberdo
0,0.00018601043542099664,gjnorm,mberdo
0,0.00018368911989326796,gjnorm,mberdo
0,0.0001807337968310286,gjnorm,mberdo
0,0.00017393769377839136,gjnorm,mberdo
0,0.00017888209550184965,gjnorm,mberdo
0,0.0001753412618959287,gjnorm,mberdo
0,0.0001772876390406937,gjnorm,mberdo
0,0.00018151503126392622,gjnorm,mberdo
0,0.00017413736089357475,gjnorm,mberdo
0,0.00017983759506938542,gjnorm,mberdo
0,0.00017412587702749183,gjnorm,mberdo
0,0.00017569292589849473,gjnorm,mberdo
0,0.00017777765525062595,gjnorm,mberdo
0,0.00017809562285114687,gjnorm,mberdo
0,0.000173275567183256,gjnorm,mberdo
0,0.00017940718229360813,gjnorm,mberdo
0,0.0001769578550927105,gjnorm,mberdo
0,0.00017616483786979083,gjnorm,mberdo
0,0.00017551165654133185,mjhans,mdpove
0,0.00017166826972497235,ajsega,mdpove
0,0.00017841935279530455,pmives,mdpove
0,0.0001811508010588759,pmives,mdpove
0,0.00017052723484214642,pmives,mdpove
0,0.00017256002494651834,dcbowe,mdpove
0,0.00017745180508658227,pmives,mdpove
0,0.00017263186932547626,pmives,mdpove
0,0.00018147639901816892,pmives,mdpove
0,0.00017404911113013609,dcbowe,mdpove
0,0.0001736589896957613,dcbowe,mdpove
0,0.00017063112104622396,mjhans,mdpove
0,0.00017113737102083317,pmives,mdpove
0,0.00017600719448553412,pmives,mdpove
0,0.00017214953743975226,pmives,mdpove
0,0.00017416826355853908,pmives,mdpove
0,0.00016799862980390018,pmives,mdpove
0,0.00018033385493452462,pmives,mdpove
0,0.000173442938097918,mberdo,mdpove
0,0.00024242367307474827,nrclar,mefait
0,0.000240592800931126,nrclar,mefait
0,0.00023053259081382528,nrclar,mefait
0,0.0002362862397142098,nrclar,mefait
0,0.00023635133095394037,nrclar,mefait
0,0.00023898402686027274,nrclar,mefait
0,0.00022950276771115848,nrclar,mefait
0,0.0002246699700245382,nrclar,mefait
0,0.0002328931218043288,nrclar,mefait
0,0.0002287801515704634,nrclar,mefait
0,0.00022836338226465446,nrclar,mefait
0,0.00023422616602356933,gjhero,mefait
0,0.0002396198363292061,gjhero,mefait
0,0.000240198674858548,gjhero,mefait
0,0.00023870158667887222,gjhero,mefait
0,0.00023484930837454183,gjhero,mefait
0,0.00023291176098771642,gjhero,mefait
0,0.00023799060675084942,nrclar,mefait
0,0.00023698248031014339,nrclar,mefait
0,0.0001775382144163706,rlocke,mhwill
1,0.00018210727584311642,mhwill,mhwill
1,0.00018015941335379818,mhwill,mhwill
1,0.00018252557126989606,mhwill,mhwill
1,0.0001792159800160118,mhwill,mhwill
1,0.00017844982529111313,mhwill,mhwill
1,0.0001757665663452973,mhwill,mhwill
1,0.00017250589503229878,mhwill,mhwill
1,0.00017374036225679018,mhwill,mhwill
1,0.00017381338070669163,mhwill,mhwill
1,0.00017880455778038773,mhwill,mhwill
0,0.00018031269377975027,rlocke,mhwill
1,0.00017998279648346848,mhwill,mhwill
1,0.0001803840052144272,mhwill,mhwill
0,0.00018006815974711357,rlocke,mhwill
0,0.0001803199474735434,rlocke,mhwill
0,0.00018157679144701984,rlocke,mhwill
0,0.0001793584447720909,rlocke,mhwill
0,0.00017529473588713472,rlocke,mhwill
1,0.00021213086101008136,miaduc,miaduc
1,0.00021209548269156414,miaduc,miaduc
1,0.00021024587979687055,miaduc,miaduc
1,0.00020889821722456584,miaduc,miaduc
1,0.0002128725389834039,miaduc,miaduc
1,0.00020950020686577226,miaduc,miaduc
1,0.00020628935197314696,miaduc,miaduc
1,0.00021563841923389587,miaduc,miaduc
1,0.00020943555543098837,miaduc,miaduc
1,0.0002128981602295907,miaduc,miaduc
1,0.00021078938256094868,miaduc,miaduc
1,0.00021758341713572045,miaduc,miaduc
1,0.00021614298917889939,miaduc,miaduc
1,0.00021849269384654986,miaduc,miaduc
1,0.0002142630989852147,miaduc,miaduc
1,0.00021475052531409034,miaduc,miaduc
1,0.00022006397959366768,miaduc,miaduc
1,0.00021689828245673143,miaduc,miaduc
1,0.00021370717676650437,miaduc,miaduc
1,0.00016852522339850753,mjhans,mjhans
0,0.00017761954911693018,gjnorm,mjhans
1,0.00017350278873951374,mjhans,mjhans
0,0.00017547262699555417,gjnorm,mjhans
0,0.00018037403353731048,gjnorm,mjhans
0,0.00018100479760079484,gjnorm,mjhans
0,0.00017655580302443168,gjnorm,mjhans
0,0.00018113353544826807,gjnorm,mjhans
0,0.00017913733431426082,gjnorm,mjhans
0,0.00017991342441505225,gjnorm,mjhans
0,0.00017395880272986247,gjnorm,mjhans
0,0.00017729806839285713,gjnorm,mjhans
0,0.00017611781615337526,gjnorm,mjhans
0,0.00017812227795461775,gjnorm,mjhans
0,0.00018041779426266507,gjnorm,mjhans
0,0.00017835486589638138,gjnorm,mjhans
0,0.00017330183521698813,gjnorm,mjhans
0,0.0001760596832194766,gjnorm,mjhans
0,0.00017145036297177654,gjnorm,mjhans
0,0.00018663991337685587,dioann,mpetti
0,0.00018632739955563342,dioann,mpetti
0,0.00019217947675769499,dioann,mpetti
0,0.00019013110781303306,dioann,mpetti
0,0.0001847443116806658,dioann,mpetti
0,0.00018464257028633663,dioann,mpetti
0,0.00019080276238905578,dioann,mpetti
0,0.00018884718653675402,dioann,mpetti
0,0.0001876050093084547,dioann,mpetti
0,0.00018657227814880556,dioann,mpetti
0,0.00018869525847882516,dioann,mpetti
0,0.0001968999532490711,dioann,mpetti
0,0.00019252404019462908,dioann,mpetti
0,0.00019340270419158015,dioann,mpetti
0,0.00019172938379338815,dioann,mpetti
0,0.00019199951071333018,dioann,mpetti
0,0.00019324329962884372,dioann,mpetti
0,0.00018546432893886276,dioann,mpetti
0,0.0001950705952135486,dioann,mpetti
1,0.00027528035118082507,muthay,muthay
1,0.0002779219949234533,muthay,muthay
1,0.0002927702849100845,muthay,muthay
1,0.000290855938428139,muthay,muthay
1,0.000282091976512259,muthay,muthay
1,0.00027992227617280397,muthay,muthay
1,0.0002792659710263701,muthay,muthay
1,0.00027683950957333364,muthay,muthay
1,0.00027451967286216494,muthay,muthay
1,0.00027146177404026984,muthay,muthay
1,0.0002835240961352406,muthay,muthay
1,0.0002662521457061108,muthay,muthay
1,0.0002688246887020391,muthay,muthay
1,0.0002649287721413524,muthay,muthay
1,0.00027562388382262973,muthay,muthay
1,0.0002712409861803942,muthay,muthay
1,0.00026485467928594327,muthay,muthay
1,0.00026405692059592933,muthay,muthay
1,0.0002602303002701082,muthay,muthay
0,0.00017947757837340032,rlocke,nahaig
0,0.000176246594556751,rlocke,nahaig
0,0.0001774650404816237,rlocke,nahaig
0,0.00017349467627918532,rlocke,nahaig
0,0.00018016462188561128,rlocke,nahaig
0,0.00018057560765523774,rlocke,nahaig
0,0.000172290301041671,rlocke,nahaig
0,0.00017508672403357176,rlocke,nahaig
0,0.0001775502256631728,rlocke,nahaig
0,0.00017829371586677444,rlocke,nahaig
0,0.00018702400095190955,gjhero,nahaig
0,0.00017854350544712732,rlocke,nahaig
0,0.0001776341262908427,rlocke,nahaig
0,0.0001780321993777289,rlocke,nahaig
0,0.00017967548809198742,rlocke,nahaig
0,0.00018115291033458198,rlocke,nahaig
0,0.000181703328826197,rlocke,nahaig
0,0.0001804968236780365,rlocke,nahaig
0,0.00018021054574736002,rlocke,nahaig
0,0.0002510607885901936,gjhero,namull
0,0.0002501508314321792,gjhero,namull
0,0.0002507088947039082,gjhero,namull
0,0.00025069306471723967,gjhero,namull
0,0.00025296994028143726,gjhero,namull
0,0.0002501538871101081,gjhero,namull
0,0.0002467151938995933,gjhero,namull
0,0.0002452059779232033,gjhero,namull
0,0.0002476160228917681,gjhero,namull
0,0.0002485886096879105,gjhero,namull
0,0.00025674384585106864,gjhero,namull
0,0.0002508716422303841,gjhero,namull
0,0.0002569590113181054,gjhero,namull
0,0.00025671706349920335,gjhero,namull
0,0.00026019098122078636,gjhero,namull
0,0.00026665253522232244,gjhero,namull
0,0.00026300383121794716,gjhero,namull
0,0.00026031769596399974,gjhero,namull
0,0.0002554068607568045,gjhero,namull
0,0.00018971185820873242,cjcarr,ndbank
0,0.00019243457608094465,cjcarr,ndbank
0,0.00019103179577890597,cjcarr,ndbank
0,0.00019158239644982472,cjcarr,ndbank
0,0.000175253606371941,cjcarr,ndbank
1,0.0001848127397660098,ndbank,ndbank
1,0.0001740809236065351,ndbank,ndbank
1,0.00017750697036950864,ndbank,ndbank
1,0.00018065924195887048,ndbank,ndbank
1,0.0001861270246846944,ndbank,ndbank
1,0.00017616784026538345,ndbank,ndbank
1,0.00017912866063316799,ndbank,ndbank
1,0.0001787569642030984,ndbank,ndbank
0,0.0001819972477691488,cjcarr,ndbank
0,0.00018622892316493955,cjcarr,ndbank
1,0.00019139387419999081,ndbank,ndbank
0,0.00018848445488348016,cjcarr,ndbank
0,0.00018652836863676067,cjcarr,ndbank
0,0.00018929373231113875,cjcarr,ndbank
0,0.00017047498862923771,khughe,ndhagu
0,0.0001711834750199715,khughe,ndhagu
0,0.0001727471030222226,khughe,ndhagu
0,0.0001733481893396101,khughe,ndhagu
0,0.00017316310654780004,khughe,ndhagu
0,0.0001722303490711762,khughe,ndhagu
0,0.00017421763241761502,khughe,ndhagu
0,0.00017364062797052513,cjcarr,ndhagu
0,0.00016987710675898932,khughe,ndhagu
0,0.0001739528163703748,khughe,ndhagu
0,0.00017494214365001761,khughe,ndhagu
0,0.00017256150896184484,khughe,ndhagu
0,0.00017080914125123994,khughe,ndhagu
0,0.00017051912136693966,khughe,ndhagu
0,0.00017288747030404835,khughe,ndhagu
0,0.0001721630533674717,khughe,ndhagu
0,0.00017076087870701698,khughe,ndhagu
0,0.00016997577974176215,khughe,ndhagu
0,0.0001746951707461604,khughe,ndhagu
0,0.00018603393899339535,mjhans,nhrams
0,0.00017743979231898965,mjhans,nhrams
0,0.00017548428331255346,gjnorm,nhrams
0,0.0001783299912472086,mjhans,nhrams
0,0.00017732866177750368,mjhans,nhrams
0,0.0001789863482004378,mjhans,nhrams
0,0.00018047570742849681,mjhans,nhrams
0,0.00017893217306484503,mjhans,nhrams
0,0.00017925077914627077,mjhans,nhrams
0,0.00017607268324960036,mjhans,nhrams
0,0.00018239739801713715,mjhans,nhrams
0,0.00018073643450193142,mjhans,nhrams
0,0.00017566963323527204,mjhans,nhrams
0,0.00017934413481054596,mjhans,nhrams
0,0.00018569259588100583,mjhans,nhrams
0,0.00018582362825777756,mjhans,nhrams
0,0.00018578171817146074,mjhans,nhrams
0,0.00018784321934754234,mjhans,nhrams
0,0.00018445456952390898,mjhans,nhrams
1,0.000186293704548296,njmoor,njmoor
1,0.00018314915188848727,njmoor,njmoor
1,0.00018331986033346488,njmoor,njmoor
1,0.00018180290760011562,njmoor,njmoor
1,0.00018682874365342792,njmoor,njmoor
1,0.00018048553362214607,njmoor,njmoor
1,0.0001830449499254436,njmoor,njmoor
1,0.00017931130419383451,njmoor,njmoor
1,0.00018956596566886125,njmoor,njmoor
1,0.00018471419329751303,njmoor,njmoor
1,0.0001891994986435156,njmoor,njmoor
1,0.00018399938661219295,njmoor,njmoor
1,0.0001811986712958875,njmoor,njmoor
1,0.00018145747580264413,njmoor,njmoor
1,0.00018399373970746067,njmoor,njmoor
1,0.00017908696699579375,njmoor,njmoor
1,0.00018266067978394828,njmoor,njmoor
1,0.0001806253179522278,njmoor,njmoor
1,0.00018290787854304317,njmoor,njmoor
0,0.00022608240036906162,rlocke,npbour
0,0.00022427922235616402,rlocke,npbour
0,0.00022356527020734332,rlocke,npbour
0,0.0002253133437401329,rlocke,npbour
0,0.00022560258613762947,rlocke,npbour
0,0.00022089273609152864,rlocke,npbour
0,0.00022477792251260069,rlocke,npbour
0,0.00022287421243521,rlocke,npbour
0,0.0002194028452416905,rlocke,npbour
0,0.0002213693310405179,rlocke,npbour
0,0.00022744377714266142,rlocke,npbour
0,0.00023073563904394637,rlocke,npbour
0,0.0002301119288344172,rlocke,npbour
0,0.00023847087596656367,rlocke,npbour
0,0.00023727557882065605,rlocke,npbour
0,0.00023560362702711025,rlocke,npbour
0,0.00023143856202343735,rlocke,npbour
0,0.00024344191279901457,rlocke,npbour
0,0.0002347651881443526,rlocke,npbour
0,0.00016676268532583112,njmoor,npmitc
0,0.00016152699750812742,gjnorm,npmitc
0,0.00016793260883794,njmoor,npmitc
0,0.00017253118093325893,njmoor,npmitc
0,0.00016511607892592188,gjnorm,npmitc
0,0.00017284967224244233,gjnorm,npmitc
0,0.00016619037115239905,gjnorm,npmitc
0,0.00017046120469158728,gjnorm,npmitc
0,0.000168762474493666,gjnorm,npmitc
0,0.00016397826068249236,gjnorm,npmitc
0,0.00016720112581729982,njmoor,npmitc
0,0.00016145962832992073,gjnorm,npmitc
0,0.00015575426196417689,gjnorm,npmitc
0,0.00015953284455480084,kdjone,npmitc
0,0.00015446448870838264,jrtobi,npmitc
0,0.0001541491123687831,kdjone,npmitc
0,0.0001627914053548633,kdjone,npmitc
0,0.00017191623900877508,njmoor,npmitc
0,0.00016876394511080355,kdjone,npmitc
0,0.0002493746501236023,rnpwil,nrclar
0,0.0002550089938947509,rnpwil,nrclar
0,0.0002550303271514943,rnpwil,nrclar
0,0.0002472878546501957,rnpwil,nrclar
0,0.0002490819674200626,rnpwil,nrclar
0,0.0002486549694026336,rnpwil,nrclar
0,0.0002493200932684859,rnpwil,nrclar
0,0.00025770793044805544,rnpwil,nrclar
0,0.0002544828777944232,rnpwil,nrclar
0,0.0002466977900011833,rnpwil,nrclar
0,0.0002452974447453756,rnpwil,nrclar
0,0.0002392772764774704,rnpwil,nrclar
0,0.0002464483374492716,rnpwil,nrclar
0,0.0002485506149587209,rnpwil,nrclar
0,0.0002458461057006448,rnpwil,nrclar
0,0.0002503830164276193,rnpwil,nrclar
0,0.0002525174539937061,rnpwil,nrclar
0,0.00024300385420112923,rnpwil,nrclar
0,0.0002502823876379924,rnpwil,nrclar
0,0.0002482870568145379,gjhero,nrrbar
0,0.00025273579377981247,gjhero,nrrbar
0,0.00025044904289657873,gjhero,nrrbar
0,0.00024983336190463775,gjhero,nrrbar
0,0.00024894131425954067,gjhero,nrrbar
0,0.0002525074116292017,gjhero,nrrbar
0,0.00024511796919141386,gjhero,nrrbar
0,0.0002522212772562009,gjhero,nrrbar
0,0.0002548183327127162,gjhero,nrrbar
0,0.0002562839445734918,gjhero,nrrbar
0,0.0002583897460632597,gjhero,nrrbar
0,0.00023918658006204132,gjhero,nrrbar
0,0.00024268692893106102,gjhero,nrrbar
0,0.0002465885910608931,gjhero,nrrbar
0,0.0002391206549656801,gjhero,nrrbar
0,0.00024391356803427604,gjhero,nrrbar
0,0.0002384279425682666,gjhero,nrrbar
0,0.00024588967486937225,gjhero,nrrbar
0,0.0002454360825089439,gjhero,nrrbar
0,0.0003008518004301452,gjhero,nwilli
0,0.0003127573358666605,gjhero,nwilli
0,0.0003168354538648771,gjhero,nwilli
0,0.00029865276802002274,gjhero,nwilli
0,0.0003198339781646702,gjhero,nwilli
0,0.0003143095547015946,gjhero,nwilli
0,0.0003120345253650079,gjhero,nwilli
0,0.0003189040140019276,gjhero,nwilli
0,0.00031900102934858917,gjhero,nwilli
0,0.0003204123692967212,gjhero,nwilli
0,0.0003279708302981495,gjhero,nwilli
0,0.0003274217237525526,gjhero,nwilli
0,0.00032618755557865293,gjhero,nwilli
0,0.00032030551802237343,gjhero,nwilli
0,0.00032036950622853303,gjhero,nwilli
0,0.0003209654507667667,gjhero,nwilli
0,0.00032999267238279097,gjhero,nwilli
0,0.00032368628888543213,gjhero,nwilli
1,0.0002987402169773709,nwilli,nwilli
0,0.00018448690026114475,cjcarr,ohpark
0,0.00018440706558788577,cjcarr,ohpark
0,0.00018582800446817382,cjcarr,ohpark
0,0.00018779264897797045,cjcarr,ohpark
0,0.000185938309246231,cjcarr,ohpark
0,0.00018370480753387067,cjcarr,ohpark
0,0.00018648733327327925,cjcarr,ohpark
0,0.00018601501223421292,cjcarr,ohpark
0,0.00018632538995731765,cjcarr,ohpark
0,0.0001855376018342811,cjcarr,ohpark
0,0.00018713169933796798,cjcarr,ohpark
0,0.00018366855088573588,cjcarr,ohpark
0,0.00018341604280626636,cjcarr,ohpark
0,0.0001814419351105269,cjcarr,ohpark
0,0.0001819310796159338,cjcarr,ohpark
0,0.00018137590001843093,cjcarr,ohpark
0,0.00018144920516758068,cjcarr,ohpark
0,0.00018106500317639272,cjcarr,ohpark
0,0.00018013470780787764,cjcarr,ohpark
0,0.0003376721129773643,ahodki,pacole
0,0.0003462013401155464,ahodki,pacole
0,0.00035205275190203857,ahodki,pacole
0,0.000352357417829997,ahodki,pacole
0,0.0003364402081026603,ahodki,pacole
0,0.00034597045677983685,ahodki,pacole
0,0.000349523323592538,ahodki,pacole
0,0.00034704158587589297,ahodki,pacole
0,0.000337930325311948,ahodki,pacole
0,0.000352823981161754,ahodki,pacole
0,0.0003332091964520973,ahodki,pacole
0,0.0003429072030309217,ahodki,pacole
0,0.00035118937270993997,ahodki,pacole
0,0.00035214906011003105,ahodki,pacole
0,0.0003504981968121004,ahodki,pacole
0,0.00034400379202007816,ahodki,pacole
0,0.0003411900309794305,ahodki,pacole
0,0.000357985730721304,ahodki,pacole
0,0.0003424759078253357,ahodki,pacole
0,0.00016776215540331902,gjnorm,pmives
0,0.00017388603359326721,gjnorm,pmives
0,0.00018052821542864406,gjnorm,pmives
0,0.00017108220722574348,gjnorm,pmives
0,0.00016944348968335213,gjnorm,pmives
0,0.0001703194273764743,gjnorm,pmives
0,0.00016972395604800684,gjnorm,pmives
0,0.00017318377071584483,gjnorm,pmives
0,0.0001664512363421603,gjnorm,pmives
0,0.00017502787679627457,gjnorm,pmives
0,0.00017492747602351898,gjnorm,pmives
0,0.00018108267911752556,gjnorm,pmives
0,0.0001772499942547543,gjnorm,pmives
0,0.00017543471602789068,gjnorm,pmives
0,0.00017769325121021808,gjnorm,pmives
0,0.00017935112393771213,gjnorm,pmives
0,0.00017834147994045995,gjnorm,pmives
0,0.0001748602415351962,gjnorm,pmives
0,0.0001702311101595548,gjnorm,pmives
0,0.00020716733048198308,gjhero,pshurr
0,0.00020525982198579096,gjhero,pshurr
1,0.0002064958750164057,pshurr,pshurr
1,0.00020363080775445214,pshurr,pshurr
1,0.00020991042805130686,pshurr,pshurr
1,0.00020506136071001433,pshurr,pshurr
1,0.00021644235918926772,pshurr,pshurr
1,0.00021836497188631058,pshurr,pshurr
1,0.00021362885044573556,pshurr,pshurr
1,0.00021429736557311235,pshurr,pshurr
1,0.00021254100102289798,pshurr,pshurr
1,0.0002090461776079053,pshurr,pshurr
0,0.00020243344471025922,gjhero,pshurr
0,0.00020511365994603986,gjhero,pshurr
0,0.00020534141038332842,gjhero,pshurr
0,0.0002055428696880448,gjhero,pshurr
0,0.00020596934307469164,gjhero,pshurr
0,0.00020420505265738266,gjhero,pshurr
0,0.00020510759481062952,gjhero,pshurr
1,0.00018128569194326996,pspliu,pspliu
1,0.0001745823587649831,pspliu,pspliu
1,0.00017669720569011676,pspliu,pspliu
1,0.0001775711273412722,pspliu,pspliu
1,0.0001816590128504491,pspliu,pspliu
0,0.00017671257095081783,swewin,pspliu
0,0.00017651970756953227,swewin,pspliu
0,0.000179846669549889,swewin,pspliu
0,0.00017904818314744858,swewin,pspliu
0,0.0001782046785561015,swewin,pspliu
1,0.00017919308402354262,pspliu,pspliu
1,0.000178818719697861,pspliu,pspliu
1,0.000182442961337312,pspliu,pspliu
0,0.0001772625714627124,swewin,pspliu
1,0.00017812164279746236,pspliu,pspliu
0,0.00017806157558493925,swewin,pspliu
1,0.0001823893738418093,pspliu,pspliu
1,0.00018356915187480387,pspliu,pspliu
1,0.00017894267110206576,pspliu,pspliu
0,0.0001818197499162506,gjnorm,ptnich
0,0.00019466270690436248,gjnorm,ptnich
0,0.0001919122620092268,cjcarr,ptnich
0,0.00019236444018931871,cjcarr,ptnich
0,0.00019534060559496343,cjcarr,ptnich
0,0.00019027769369591645,cjcarr,ptnich
0,0.0001933028373621197,cjcarr,ptnich
0,0.00019288951553148305,cjcarr,ptnich
0,0.0001902488008400937,cjcarr,ptnich
0,0.00019285456476398892,cjcarr,ptnich
0,0.00018950097806779003,cjcarr,ptnich
0,0.0001937421621588473,cjcarr,ptnich
0,0.00019128255964778276,cjcarr,ptnich
0,0.00019123526523661733,cjcarr,ptnich
0,0.00018821804342815057,cjcarr,ptnich
0,0.00019496658833233245,cjcarr,ptnich
0,0.00019149034000140555,cjcarr,ptnich
0,0.00018936635914998357,cjcarr,ptnich
0,0.0001901049625089189,cjcarr,ptnich
0,0.00017177301253342721,gjnorm,rarobi
0,0.0001753797892319016,gjnorm,rarobi
0,0.00016941895192123616,gjnorm,rarobi
0,0.00017864517910068072,gjnorm,rarobi
0,0.00017786975085004424,gjnorm,rarobi
0,0.0001712153580079696,gjnorm,rarobi
0,0.00017534351190988767,gjnorm,rarobi
0,0.00017783972269470936,gjnorm,rarobi
0,0.0001747955061028464,gjnorm,rarobi
0,0.00017050151516725452,gjnorm,rarobi
0,0.00016778019904902888,gjnorm,rarobi
0,0.00017096493386264432,gjnorm,rarobi
0,0.00017354514152948428,gjnorm,rarobi
0,0.0001728817152983014,gjnorm,rarobi
0,0.00017668026922382858,gjnorm,rarobi
0,0.0001796818490700784,gjnorm,rarobi
0,0.00017355583773466933,gjnorm,rarobi
0,0.00017860940162535345,gjnorm,rarobi
0,0.00018063013163429278,gjnorm,rarobi
0,0.0001550901185617863,gjnorm,rgharr
0,0.0001573546909840107,gjnorm,rgharr
0,0.00015786738765883807,gjnorm,rgharr
0,0.00015633139021102086,swewin,rgharr
0,0.00015670111923507375,cjcarr,rgharr
0,0.00015679103973247765,cjcarr,rgharr
0,0.0001563691123014075,swewin,rgharr
0,0.00015752301332278313,cjcarr,rgharr
0,0.0001574035731237193,cjcarr,rgharr
0,0.0001566652016275904,cjcarr,rgharr
0,0.00015706411863107951,cjcarr,rgharr
0,0.00015965529298300198,gjnorm,rgharr
0,0.00016171006237967493,gjnorm,rgharr
0,0.00015734079709334197,gjnorm,rgharr
0,0.000157305516365447,gjnorm,rgharr
0,0.0001586258629276559,gjnorm,rgharr
0,0.00016084883661175072,gjnorm,rgharr
0,0.0001595772985669689,gjnorm,rgharr
0,0.00015957006818824148,cjcarr,rgharr
0,0.00015324402793926077,gjnorm,rgspru
0,0.00015085352333211948,gjnorm,rgspru
0,0.00014845357529950817,gjnorm,rgspru
0,0.0001492473444770523,gjnorm,rgspru
0,0.00015083565006170085,gjnorm,rgspru
0,0.00015003637539380674,gjnorm,rgspru
0,0.00014923249129115027,swewin,rgspru
0,0.00015146213687248028,gjnorm,rgspru
0,0.00014963271783301194,gjnorm,rgspru
0,0.00015148771769180844,ajsega,rgspru
0,0.00014835522088290856,gpsmit,rgspru
0,0.00015030857566734258,gjnorm,rgspru
0,0.00015115118179572564,gjnorm,rgspru
0,0.00014841748780443866,gjnorm,rgspru
0,0.00014891020192491153,ajsega,rgspru
0,0.0001490657924722875,gjnorm,rgspru
0,0.0001513918604274848,gjnorm,rgspru
0,0.0001512508246218239,gjnorm,rgspru
0,0.00014894214016253132,gpsmit,rgspru
0,0.0001752642076140883,9414649,rjlabr
1,0.00017390168067072344,rjlabr,rjlabr
1,0.00017185487390970142,rjlabr,rjlabr
1,0.0001746121728245155,rjlabr,rjlabr
1,0.00017014081660121226,rjlabr,rjlabr
1,0.00017389803385822427,rjlabr,rjlabr
1,0.00017303983959781393,rjlabr,rjlabr
0,0.00017443586547801965,gjnorm,rjlabr
1,0.00017564354588028866,rjlabr,rjlabr
1,0.00017510769573077643,rjlabr,rjlabr
1,0.00017260869971874726,rjlabr,rjlabr
1,0.00017669957462469206,rjlabr,rjlabr
1,0.0001743726088807705,rjlabr,rjlabr
1,0.00017468998060117893,rjlabr,rjlabr
1,0.00017594062155378118,rjlabr,rjlabr
1,0.00017512418741885875,rjlabr,rjlabr
1,0.00017516984471750637,rjlabr,rjlabr
1,0.000175797309677037,rjlabr,rjlabr
1,0.00017260824266482713,rjlabr,rjlabr
1,0.0002823304148067568,rlocke,rlocke
1,0.0002750997488432509,rlocke,rlocke
1,0.0002792480582617973,rlocke,rlocke
1,0.00029033388635615117,rlocke,rlocke
1,0.0002818556689816963,rlocke,rlocke
1,0.0003008239957691829,rlocke,rlocke
1,0.0002876416213582186,rlocke,rlocke
1,0.0002974469165180601,rlocke,rlocke
1,0.000301416707911268,rlocke,rlocke
1,0.00029917203801149044,rlocke,rlocke
1,0.00029886128273713767,rlocke,rlocke
1,0.0002951492985824858,rlocke,rlocke
1,0.0002842805032406157,rlocke,rlocke
0,0.00029628348999184267,gjhero,rlocke
1,0.00029071723908589514,rlocke,rlocke
1,0.0002884606591969147,rlocke,rlocke
1,0.0002904501447106005,rlocke,rlocke
1,0.0002179382464678947,rlocke,rlocke
1,0.00019487440866107315,rlocke,rlocke
0,0.00028534607344500807,gjhero,rmcoll
0,0.00026691379058941,gjhero,rmcoll
0,0.0002699950106458608,gjhero,rmcoll
0,0.0002705239708130781,gjhero,rmcoll
0,0.00026643224069106586,gjhero,rmcoll
0,0.00027988327262930767,gjhero,rmcoll
0,0.0002806499611843439,gjhero,rmcoll
0,0.0002756778520210584,gjhero,rmcoll
0,0.00028506213136450135,gjhero,rmcoll
0,0.0002787766385381547,gjhero,rmcoll
0,0.000277738027851938,gjhero,rmcoll
0,0.00029306853604762963,gjhero,rmcoll
0,0.0002944837548420876,gjhero,rmcoll
0,0.0002813174234161633,gjhero,rmcoll
0,0.00029193335260200534,gjhero,rmcoll
0,0.00028657451387301234,gjhero,rmcoll
0,0.0002839699363652924,gjhero,rmcoll
0,0.0002902881853446062,gjhero,rmcoll
0,0.0002771716233613359,gjhero,rmcoll
0,0.00017095263871269752,mjhans,rmpugh
0,0.0001682308523227827,mjhans,rmpugh
0,0.0001687357712213141,mjhans,rmpugh
0,0.000168498957609216,mjhans,rmpugh
0,0.00016993063833538064,mjhans,rmpugh
0,0.00016643033780021867,mjhans,rmpugh
0,0.00016873432811417426,mjhans,rmpugh
0,0.00016932108847595947,mjhans,rmpugh
0,0.00016886659477060749,mjhans,rmpugh
0,0.0001672678116135994,mjhans,rmpugh
0,0.00016828784857328378,mjhans,rmpugh
0,0.00016431346550441791,mjhans,rmpugh
1,0.00016481481375056546,rmpugh,rmpugh
0,0.00016410677668144511,mjhans,rmpugh
1,0.00016513732330657274,rmpugh,rmpugh
0,0.0001639018427040169,mjhans,rmpugh
0,0.00016462860172294577,mjhans,rmpugh
0,0.00016511722474499141,mjhans,rmpugh
0,0.00016838563702754314,mjhans,rmpugh
0,0.000267688905454086,gjhero,rnpwil
0,0.0002514886868127522,gjhero,rnpwil
0,0.0002487959516796939,gjhero,rnpwil
0,0.0002601627557110924,gjhero,rnpwil
0,0.00026031375717518586,gjhero,rnpwil
0,0.0002460440459968785,gjhero,rnpwil
0,0.0002534040337148904,gjhero,rnpwil
1,0.00023689113161039563,rnpwil,rnpwil
1,0.00024087985563835284,rnpwil,rnpwil
1,0.00024036370966025328,rnpwil,rnpwil
1,0.0002455731306495159,rnpwil,rnpwil
0,0.00024546722336208943,gjhero,rnpwil
0,0.0002466945106537913,gjhero,rnpwil
1,0.00024283497871553753,rnpwil,rnpwil
1,0.000240978190007363,rnpwil,rnpwil
0,0.00023972911104805153,gjhero,rnpwil
0,0.00024292811728277835,gjhero,rnpwil
0,0.00025038567729422276,gjhero,rnpwil
0,0.000255229950706972,gjhero,rnpwil
0,0.00017706638810765303,rlocke,rrowle
0,0.00017978515306520397,rlocke,rrowle
0,0.00017695926915228905,rlocke,rrowle
0,0.0001795634924720877,rlocke,rrowle
0,0.00018137679765828696,rlocke,rrowle
0,0.00017459996445537591,rlocke,rrowle
0,0.00017457368678141225,rlocke,rrowle
0,0.00018034099017973256,rlocke,rrowle
0,0.00018184915245347792,rlocke,rrowle
0,0.00017897857122104255,rlocke,rrowle
0,0.00018401487486369609,rlocke,rrowle
0,0.0001805167361252533,rlocke,rrowle
0,0.00018191210509188108,rlocke,rrowle
0,0.00017637857841468964,rlocke,rrowle
0,0.00017428575080247744,rlocke,rrowle
0,0.0001759502360144732,rlocke,rrowle
0,0.0001735631509049664,rlocke,rrowle
0,0.00017865384051811488,rlocke,rrowle
0,0.00017305490465264797,rlocke,rrowle
0,0.00016720125267332623,gpsmit,rsanti
0,0.00016753150431174612,gpsmit,rsanti
0,0.00016104115001238007,gpsmit,rsanti
0,0.00016564980137262058,gpsmit,rsanti
0,0.00016383490897203484,gpsmit,rsanti
0,0.00016952473919086002,gpsmit,rsanti
0,0.0001665069595179539,gpsmit,rsanti
0,0.00016794152649617162,gpsmit,rsanti
0,0.00016513691225478183,gpsmit,rsanti
0,0.00016421216311225388,gpsmit,rsanti
0,0.00016389376898717333,gpsmit,rsanti
0,0.00016004693058819174,gpsmit,rsanti
0,0.00016245547228774563,gpsmit,rsanti
0,0.00016608402751321362,gpsmit,rsanti
0,0.00016125646479181815,djbirc,rsanti
0,0.00016412330777201676,rjlabr,rsanti
0,0.00016444533523253554,gpsmit,rsanti
0,0.0001618978060255445,rjlabr,rsanti
0,0.00016741310395771618,gpsmit,rsanti
1,0.00016662598931707143,saduah,saduah
1,0.00016428042902874294,saduah,saduah
1,0.0001675843379674322,saduah,saduah
1,0.00016881811306231387,saduah,saduah
1,0.00016070636247890186,saduah,saduah
1,0.00016835094101433804,saduah,saduah
1,0.00018085464160242048,saduah,saduah
1,0.0001717993743271356,saduah,saduah
1,0.0001682280433662947,saduah,saduah
1,0.0001787809765786218,saduah,saduah
0,0.00016579746515025243,cshubb,saduah
1,0.00015938303530664812,saduah,saduah
1,0.00015694981433722616,saduah,saduah
1,0.00016012290330299136,saduah,saduah
1,0.00016744357170978713,saduah,saduah
1,0.00016907530677640604,saduah,saduah
1,0.00016685547869531826,saduah,saduah
1,0.00018210233690395337,saduah,saduah
1,0.0001718589338583265,saduah,saduah
0,0.0002583978094091165,cshubb,saedwa
0,0.0002569075058729186,cshubb,saedwa
0,0.0002567316782692232,cshubb,saedwa
0,0.00025827348928909893,cshubb,saedwa
0,0.0002623123493907065,cshubb,saedwa
0,0.00026327135897070335,cshubb,saedwa
0,0.0002547274279747427,cshubb,saedwa
0,0.000261195680204446,cshubb,saedwa
0,0.00026169615878670596,cshubb,saedwa
0,0.0002585121318989385,cshubb,saedwa
0,0.00026068953742396545,cshubb,saedwa
0,0.00026394768297011297,cshubb,saedwa
0,0.0002648580625287771,cshubb,saedwa
0,0.0002573708126711404,cshubb,saedwa
0,0.00025112297456908705,cshubb,saedwa
0,0.0002532870955042236,cshubb,saedwa
0,0.00024934569741996476,cshubb,saedwa
0,0.0002563269809619011,cshubb,saedwa
0,0.0002492549328959195,cshubb,saedwa
0,0.00016830062230931833,cjcarr,sidick
0,0.00016815505331486692,cjcarr,sidick
0,0.00016790111500561043,cjcarr,sidick
0,0.00016890341952849078,cjcarr,sidick
0,0.00016847480842122132,cjcarr,sidick
0,0.00016870777326721462,rlocke,sidick
0,0.00016844885040251885,cjcarr,sidick
0,0.0001674435590985277,cjcarr,sidick
0,0.0001682950815140081,cjcarr,sidick
0,0.0001698161271573097,cjcarr,sidick
0,0.00016944047154380184,cjcarr,sidick
0,0.00017116176835676585,rlocke,sidick
0,0.0001741224589379685,rlocke,sidick
0,0.00016772901565576854,rlocke,sidick
0,0.00016915278898278643,rlocke,sidick
0,0.0001685747493069806,cjcarr,sidick
0,0.00016763424301913566,cjcarr,sidick
0,0.00016764939743112238,cjcarr,sidick
0,0.00016832028759814863,cjcarr,sidick
0,0.00017805248396622104,cjcarr,sjbeck
0,0.00018677823857550345,cjcarr,sjbeck
0,0.0001840817523545172,cjcarr,sjbeck
0,0.00018613237833906023,cjcarr,sjbeck
0,0.0001814950581690923,cjcarr,sjbeck
0,0.0001841968252830285,cjcarr,sjbeck
0,0.00018253102765548033,cjcarr,sjbeck
0,0.00018159467976671079,cjcarr,sjbeck
0,0.00018359084366296379,cjcarr,sjbeck
0,0.00018432267783637655,cjcarr,sjbeck
0,0.00018244940314321567,cjcarr,sjbeck
0,0.00018215909922295395,cjcarr,sjbeck
0,0.00018040164464741649,cjcarr,sjbeck
0,0.00018227055583934428,cjcarr,sjbeck
0,0.00017845485024815076,cjcarr,sjbeck
0,0.00017821033119011574,cjcarr,sjbeck
0,0.00017858603353859532,cjcarr,sjbeck
0,0.00018289252049259025,cjcarr,sjbeck
0,0.00018133409028403988,cjcarr,sjbeck
0,0.00024274918843967156,gjhero,skumar
0,0.00023839168460444815,gjhero,skumar
0,0.0002434139235854784,gjhero,skumar
0,0.00022657083844091882,gjhero,skumar
0,0.00024514592927001386,gjhero,skumar
0,0.0002467868745152989,gjhero,skumar
0,0.00023032968918973356,gjhero,skumar
0,0.00024382266558453024,gjhero,skumar
0,0.0002450409167344432,gjhero,skumar
0,0.000241401099051865,gjhero,skumar
0,0.00023838171371161126,gjhero,skumar
0,0.00025524101785468785,gjhero,skumar
0,0.000257660768198203,gjhero,skumar
0,0.0002483654806801851,gjhero,skumar
0,0.00022469802977247426,gjhero,skumar
0,0.00025257686247956885,gjhero,skumar
0,0.0002368432347088732,gjhero,skumar
0,0.00023857640589053375,gjhero,skumar
0,0.00023425023777685162,gjhero,skumar
0,0.00017380250222523335,cjcarr,smrobb
0,0.00017072391830881266,cjcarr,smrobb
0,0.00017369397605627974,gjnorm,smrobb
0,0.00017202194424187153,cjcarr,smrobb
0,0.00017177491372059227,cjcarr,smrobb
0,0.00017119580104050296,cjcarr,smrobb
0,0.00018153922187957522,cjcarr,smrobb
0,0.00017778276014907452,cjcarr,smrobb
0,0.00017962726293469617,cjcarr,smrobb
0,0.00017570571641140357,cjcarr,smrobb
0,0.00017989729932718233,cjcarr,smrobb
0,0.00018206458169887037,cjcarr,smrobb
0,0.00018267364870585428,cjcarr,smrobb
0,0.00018046382960861833,cjcarr,smrobb
0,0.00018278661392796106,cjcarr,smrobb
0,0.0001808131148488864,cjcarr,smrobb
0,0.00018365705554221088,cjcarr,smrobb
0,0.00017936129661140363,cjcarr,smrobb
0,0.00017156925366719006,gjnorm,smrobb
0,0.00017902339398453008,gjnorm,spletc
0,0.00017813196488430987,gjnorm,spletc
0,0.00017258106465990752,gjnorm,spletc
0,0.00017756019443571338,gjnorm,spletc
0,0.00017575186793638228,gjnorm,spletc
0,0.00017616811781671573,gjnorm,spletc
0,0.00017481420307430886,gjnorm,spletc
0,0.00017158998957440345,gjnorm,spletc
0,0.00017252316860963185,gjnorm,spletc
0,0.00017830416184687803,gjnorm,spletc
0,0.00018288318565892097,gjnorm,spletc
0,0.00018307884483858067,gjnorm,spletc
0,0.00018266839715732743,gjnorm,spletc
0,0.00017803937755839905,gjnorm,spletc
0,0.00018022543550273162,gjnorm,spletc
0,0.00017710615788671987,gjnorm,spletc
0,0.00017851352698248848,gjnorm,spletc
0,0.00017540981563064943,gjnorm,spletc
0,0.00017589040921993476,gjnorm,spletc
0,0.00018877872718352717,gjnorm,svkriz
0,0.000191196017300574,gjnorm,svkriz
0,0.00018929875620549516,gjnorm,svkriz
0,0.00018642701232243005,gjnorm,svkriz
0,0.00019027676350922128,gjnorm,svkriz
0,0.0001898051075760423,gjnorm,svkriz
0,0.0001817548750126079,gjnorm,svkriz
0,0.0001842026222719211,gjnorm,svkriz
0,0.00018237960435726707,rjlabr,svkriz
0,0.0001928719696722117,gjnorm,svkriz
0,0.00018849440842242496,gjnorm,svkriz
0,0.00019502312983109965,gjnorm,svkriz
0,0.00020003215207028022,gjnorm,svkriz
0,0.00018868638905879948,gjnorm,svkriz
0,0.00018227490213623774,gjnorm,svkriz
0,0.00019370208755040673,gjnorm,svkriz
0,0.00019098449577208433,gjnorm,svkriz
0,0.00018365649489416214,gjnorm,svkriz
0,0.00018664687802238383,gjnorm,svkriz
0,0.0001868284476148343,gpsmit,swewin
0,0.00018821357964984885,gpsmit,swewin
0,0.0001890667621047763,gpsmit,swewin
0,0.00018774460347220442,gpsmit,swewin
0,0.00019100888817977135,gpsmit,swewin
0,0.00018688343328302604,gpsmit,swewin
0,0.00018335752554830882,gpsmit,swewin
0,0.00018692191310824518,gpsmit,swewin
0,0.0001884894050075702,gpsmit,swewin
0,0.0001815890991451525,gpsmit,swewin
0,0.0001888649383469631,gpsmit,swewin
0,0.00019142963422143894,gpsmit,swewin
0,0.0001890278953386007,gpsmit,swewin
0,0.0001858342860809675,gpsmit,swewin
0,0.00018793040764111327,gpsmit,swewin
0,0.00018764899081571626,gpsmit,swewin
0,0.00018550469470066791,gpsmit,swewin
0,0.00018238955776339431,gpsmit,swewin
0,0.00018569020074331698,gpsmit,swewin
1,0.00015143980636573296,swsmit,swsmit
1,0.00015096542451800758,swsmit,swsmit
1,0.00015133518321302814,swsmit,swsmit
1,0.00015206891122737887,swsmit,swsmit
1,0.00015167477156114969,swsmit,swsmit
1,0.0001502858864716823,swsmit,swsmit
0,0.00014701698084532716,kdjone,swsmit
0,0.00015055646924973983,gjnorm,swsmit
1,0.0001492023873558484,swsmit,swsmit
0,0.00014853167271910422,gjnorm,swsmit
1,0.00014838790901922362,swsmit,swsmit
1,0.00015477367591233278,swsmit,swsmit
0,0.00015566684558268522,khchan,swsmit
0,0.00015747793895141445,khchan,swsmit
1,0.00015366014653633262,swsmit,swsmit
1,0.0001543716963465291,swsmit,swsmit
1,0.00015600119781865307,swsmit,swsmit
1,0.00015544008309632446,swsmit,swsmit
1,0.00014936830434099325,swsmit,swsmit
0,0.00017747252520954537,khughe,vpsavo
0,0.00017446645667786156,khughe,vpsavo
1,0.00017721080478379336,vpsavo,vpsavo
1,0.00017489774367648617,vpsavo,vpsavo
1,0.0001763799462269238,vpsavo,vpsavo
1,0.00017639939286424644,vpsavo,vpsavo
1,0.0001748256444518343,vpsavo,vpsavo
1,0.00017621974830845944,vpsavo,vpsavo
1,0.0001708508397604807,vpsavo,vpsavo
1,0.00017286424734854765,vpsavo,vpsavo
1,0.00017270835311490202,vpsavo,vpsavo
0,0.00017228849370577818,khughe,vpsavo
0,0.00017259667084251165,khughe,vpsavo
0,0.00017132900639347135,khughe,vpsavo
0,0.00017128688695143557,khughe,vpsavo
0,0.00017090200347537977,khughe,vpsavo
0,0.00017092464583624283,khughe,vpsavo
0,0.0001734666304182977,khughe,vpsavo
0,0.000175055712891578,khughe,vpsavo
0,0.00023950353785418191,gjhero,whussa
0,0.00024386433386122748,gjhero,whussa
0,0,unknown,whussa
0,0.00024222019725330703,gjhero,whussa
0,0.00024185373010911918,gjhero,whussa
0,0.00023539895951646457,gjhero,whussa
0,0.00022704354077314234,gjhero,whussa
0,0.00022563654865118593,gjhero,whussa
0,0.0002352925522332093,gjhero,whussa
0,0.00024218572838930386,gjhero,whussa
0,0.00022632239977243195,gjhero,whussa
0,0.0002306615076212313,gjhero,whussa
0,0.00023337763615497294,gjhero,whussa
0,0.00023706417730506843,gjhero,whussa
0,0.0002342910754504726,gjhero,whussa
0,0.00023655285456848174,gjhero,whussa
0,0.00023535371022305723,gjhero,whussa
0,0.00023446662733310017,gjhero,whussa
0,0.0002345650585559182,gjhero,whussa
0,0.0003708895265090568,cshubb,wjalbe
0,0.0003726676990516055,cshubb,wjalbe
0,0.0003663597373670637,cshubb,wjalbe
0,0.0003655360038485428,cshubb,wjalbe
0,0.0003620308838370862,cshubb,wjalbe
0,0.00036558970579956786,cshubb,wjalbe
0,0.00036615196541539763,cshubb,wjalbe
0,0.0003667911811067751,cshubb,wjalbe
0,0.00036595286084341224,cshubb,wjalbe
0,0.0003578209532501318,cshubb,wjalbe
0,0.00035653913672957017,cshubb,wjalbe
0,0.0003827852052088239,cshubb,wjalbe
0,0.00038282187087809315,cshubb,wjalbe
0,0.00038756954629631227,cshubb,wjalbe
0,0.00038465936126569984,cshubb,wjalbe
0,0.0003801765661389794,cshubb,wjalbe
0,0.0003790872395446833,cshubb,wjalbe
0,0.00036602316673028674,cshubb,wjalbe
0,0.00036238354985052316,cshubb,wjalbe
