1,0.0008075365754813876,9326871,9326871
1,0.00032375877445090954,9326871,9326871
1,0.0004169448853482274,9326871,9326871
1,0.0004489273357213458,9326871,9326871
1,0.0005111913468408753,9326871,9326871
1,0.0005018006927589995,9326871,9326871
1,0.00048057553811005636,9326871,9326871
1,0.0004994744126217128,9326871,9326871
1,0.0004389826720294666,9326871,9326871
1,0.000540928541482336,9326871,9326871
1,0.0005730922482090686,9326871,9326871
1,0.0006793901561798502,9326871,9326871
1,0.0007017242734705536,9326871,9326871
1,0.0004971894201778169,9326871,9326871
1,0.00045340462126305497,9326871,9326871
1,0.0005256746881620352,9326871,9326871
1,0.0005178332402394155,9326871,9326871
1,0.0005550277031910422,9326871,9326871
1,0.0004724107872303307,9326871,9326871
1,0.00044874253323845694,9332898,9332898
1,0.0005070811698225697,9332898,9332898
1,0.0005073790170961561,9332898,9332898
1,0.0004953543939499659,9332898,9332898
1,0.0004354875126836708,9332898,9332898
1,0.0004981389415191625,9332898,9332898
1,0.0005654774381709781,9332898,9332898
1,0.00047814883305132277,9332898,9332898
1,0.000439220131804529,9332898,9332898
1,0.00040831780409916334,9332898,9332898
1,0.0004268737821035631,9332898,9332898
1,0.0010355302024272952,9332898,9332898
1,0.001757454581016183,9332898,9332898
1,0.002120796143856848,9332898,9332898
1,0.0005513684605325653,9332898,9332898
1,0.0007340103732648857,9332898,9332898
1,0.001056988569440024,9332898,9332898
1,0.000838121975340766,9332898,9332898
1,0.0007467603885708488,9332898,9332898
1,0.0003781125353004784,9338446,9338446
1,0.0001946574144470784,9338446,9338446
1,0.0001831330582364047,9338446,9338446
1,0.0001887404196106493,9338446,9338446
1,0.00022246996207465867,9338446,9338446
1,0.0002679353266402468,9338446,9338446
1,0.00028694440504901524,9338446,9338446
1,0.0003327802398178812,9338446,9338446
1,0.0003249897412165912,9338446,9338446
1,0.00039484950313199116,9338446,9338446
1,0.00035526384730514486,9338446,9338446
1,0.0015627220665690607,9338446,9338446
1,0.0007177836866479196,9338446,9338446
1,0.0007921601914542175,9338446,9338446
1,0.0004446914590914939,9338446,9338446
1,0.00045287149979393983,9338446,9338446
1,0.0005683876406540004,9338446,9338446
1,0.0006161818285663264,9338446,9338446
1,0.0005018475084572379,9338446,9338446
1,0.000414345034142998,9338454,9338454
1,0.00047524360335141026,9338454,9338454
1,0.0005007720682073508,9338454,9338454
1,0.0005902896865991161,9338454,9338454
1,0.0004186982280141979,9338454,9338454
1,0.0004316915723895392,9338454,9338454
1,0.00046153124472526793,9338454,9338454
1,0.0004242925533434275,9338454,9338454
1,0.0004313290050974841,9338454,9338454
1,0.0005483774578263203,9338454,9338454
1,0.0003692291225745079,9338454,9338454
1,0.001629809176004157,9338454,9338454
1,0.0008291103555995935,9338454,9338454
1,0.0006619269302266772,9338454,9338454
1,0.0008813727330305151,9338454,9338454
1,0.0011503623399361103,9338454,9338454
1,0.0006973117675674612,9338454,9338454
1,0.00040537690026241067,9338454,9338454
1,0.00047636752023628564,9338454,9338454
1,0.0007924422067041944,9338462,9338462
1,0.0007673738073955264,9338462,9338462
1,0.0010266009456180278,9338462,9338462
1,0.0009767109307824825,9338462,9338462
1,0.0010622010888452552,9338462,9338462
1,0.0008817480901820085,9338462,9338462
1,0.0009256713729828325,9338462,9338462
1,0.0006671947528315395,9338462,9338462
1,0.0007009611600014116,9338462,9338462
1,0.0005870403352603751,9338462,9338462
1,0.000816826850847142,9338462,9338462
1,0.0015284261887022223,9338462,9338462
1,0.0015534217265597112,9338462,9338462
1,0.001183079578378536,9338462,9338462
1,0.0007338125725327174,9338462,9338462
1,0.0012967344042055888,9338462,9338462
1,0.0010083055866338068,9338462,9338462
1,0.002369061996532234,9338462,9338462
1,0.0014680803056895616,9338462,9338462
1,0.000287233482709838,9338489,9338489
1,0.0002653478069044749,9338489,9338489
1,0.0002696352793676014,9338489,9338489
1,0.0003288552104637092,9338489,9338489
1,0.0002746806633640033,9338489,9338489
1,0.00020790248891912978,9338489,9338489
0,0.00019634098518314644,vpsavo,9338489
1,0.00019506486238407764,9338489,9338489
1,0.00020926095160692391,9338489,9338489
1,0.00018581425137914338,9338489,9338489
0,0.00018543532295545173,vpsavo,9338489
1,0.000400592934643709,9338489,9338489
1,0.0002691155105376601,9338489,9338489
1,0.0002825364097124344,9338489,9338489
1,0.00038947905069985634,9338489,9338489
1,0.0006968272869831519,9338489,9338489
1,0.0005709738130969265,9338489,9338489
1,0.0003291867760649795,9338489,9338489
1,0.0002604942527887558,9338489,9338489
1,0.0008821729657297126,9338497,9338497
1,0.0010949698326653662,9338497,9338497
1,0.0006384545059620275,9338497,9338497
1,0.0008103891753457942,9338497,9338497
1,0.0009870609779227834,9338497,9338497
1,0.000442236933032237,9338497,9338497
1,0.0007229929863059389,9338497,9338497
1,0.0005599678406878009,9338497,9338497
1,0.0006975806811980646,9338497,9338497
1,0.0006135230225818866,9338497,9338497
1,0.0007321557633527356,9338497,9338497
1,0.0016984462776266443,9338497,9338497
1,0.0006619602855254318,9338497,9338497
1,0.0008562650070017856,9338497,9338497
1,0.0005638839560766617,9338497,9338497
1,0.00035701494267848335,9338497,9338497
1,0.0005264453266468382,9338497,9338497
1,0.0004592210954352206,9338497,9338497
1,0.0005417272449679193,9338497,9338497
1,0.0005792899191463556,9338519,9338519
1,0.0005203840417908056,9338519,9338519
1,0.0004933339541812929,9338519,9338519
1,0.0004846513750405609,9338519,9338519
1,0.00046496096146695764,9338519,9338519
1,0.000408968692422561,9338519,9338519
1,0.0004457352562127451,9338519,9338519
1,0.0004355466021888931,9338519,9338519
1,0.0003917301056709258,9338519,9338519
1,0.0004603332890192769,9338519,9338519
1,0.0004100179284782569,9338519,9338519
1,0.0008486832751070748,9338519,9338519
1,0.0012053882290602766,9338519,9338519
1,0.0013715638639650465,9338519,9338519
1,0.0009980896356842368,9338519,9338519
1,0.0007545493061442978,9338519,9338519
1,0.00076004352243765,9338519,9338519
1,0.0006214813999794106,9338519,9338519
1,0.0005727599808959548,9338519,9338519
1,0.00040188187953763173,9338527,9338527
1,0.00047566369350881665,9338527,9338527
1,0.0003537559189611503,9338527,9338527
1,0.00041045466700021676,9338527,9338527
1,0.00035148706235943033,9338527,9338527
1,0.0003493762801473106,9338527,9338527
1,0.00040189695341481054,9338527,9338527
1,0.0003835259507255609,9338527,9338527
1,0.00045559271865491655,9338527,9338527
1,0.00040551802849036496,9338527,9338527
1,0.0004335764568380114,9338527,9338527
1,0.0008945961001645219,9338527,9338527
1,0.0035856662987982612,9338527,9338527
1,0.0010424224707270603,9338527,9338527
1,0.0005346104037008837,9338527,9338527
1,0.0016325215498738475,9338527,9338527
1,0.00040220901917135813,9338527,9338527
1,0.0007605746835845414,9338527,9338527
1,0.0005957312108360932,9338527,9338527
1,0.0008130227433832097,9338543,9338543
1,0.0005971292024966612,9338543,9338543
0,0.00028079889414686665,jlemon,9338543
0,0,unknown,9338543
1,0.00031452732904848404,9338543,9338543
0,0,unknown,9338543
1,0.0005328835675765028,9338543,9338543
1,0.0006112598275480332,9338543,9338543
1,0.0003829211623436358,9338543,9338543
1,0.0003159393941457003,9338543,9338543
1,0.000423375259770388,9338543,9338543
1,0.0008580039439689144,9338543,9338543
1,0.000721223986358791,9338543,9338543
1,0.0010877653292652052,9338543,9338543
1,0.0007412503843745796,9338543,9338543
1,0.0009881136198207332,9338543,9338543
1,0.0006666068620637012,9338543,9338543
1,0.0007135967042182794,9338543,9338543
1,0.0010298501337387385,9338543,9338543
1,0.0006304606881014708,9414649,9414649
1,0.0011178415511781965,9414649,9414649
1,0.0007051667270801615,9414649,9414649
1,0.0006538935029478815,9414649,9414649
1,0.0008685184447182482,9414649,9414649
1,0.0007517604487815783,9414649,9414649
1,0.00042035737391296017,9414649,9414649
1,0.0009336537708182854,9414649,9414649
1,0.0005829155908354229,9414649,9414649
1,0.0003643715576521317,9414649,9414649
1,0.0005253070552222224,9414649,9414649
1,0.003617260334794519,9414649,9414649
1,0.00141147775083655,9414649,9414649
1,0.0013800717310218221,9414649,9414649
1,0.002119208403085712,9414649,9414649
1,0.0010674396853265645,9414649,9414649
1,0.0007541790313800443,9414649,9414649
1,0.0007094540779817375,9414649,9414649
1,0.000642989765657135,9414649,9414649
1,0.0005426580559107287,9416994,9416994
1,0.00026565363714415777,9416994,9416994
1,0.0004566989114213529,9416994,9416994
1,0.0005576558907989323,9416994,9416994
1,0.0007813930398515159,9416994,9416994
1,0.0005582659498748233,9416994,9416994
1,0.0006905694320086077,9416994,9416994
1,0.00036104348234609115,9416994,9416994
1,0.00047504876176689934,9416994,9416994
1,0.00027702754583130247,9416994,9416994
1,0.00042224861306693463,9416994,9416994
1,0.0014996326530268816,9416994,9416994
1,0.003289521996039924,9416994,9416994
1,0.001264343553943683,9416994,9416994
1,0.0012097886670488106,9416994,9416994
1,0.00156156456365651,9416994,9416994
1,0.0007949683415921857,9416994,9416994
1,0.0007112305609584276,9416994,9416994
1,0.0004819001300376032,9416994,9416994
1,0.0007852499140303294,admars,admars
1,0.0009536113226848953,admars,admars
1,0.0006906289722492651,admars,admars
1,0.0006278984217887466,admars,admars
1,0.0005517156437760366,admars,admars
1,0.0005046475106154499,admars,admars
1,0.0004111664959215374,admars,admars
1,0.00043323842020245585,admars,admars
1,0.0006135157552815458,admars,admars
1,0.0007367151367937732,admars,admars
1,0.0009859954927299013,admars,admars
1,0.000553756397283369,admars,admars
1,0.0009382933235934707,admars,admars
1,0.0008608671997230675,admars,admars
1,0.0010213401694901007,admars,admars
1,0.0014857904714064432,admars,admars
1,0.0013638007745995916,admars,admars
1,0.0005832969541201666,admars,admars
1,0.00044340853423306936,admars,admars
1,0.0007236415042173793,ahodki,ahodki
1,0.0007807869765649251,ahodki,ahodki
1,0.0006516243418121672,ahodki,ahodki
1,0.0006636002312467722,ahodki,ahodki
1,0.0006449393919695895,ahodki,ahodki
1,0.0008185993520346464,ahodki,ahodki
1,0.0006037056986539857,ahodki,ahodki
1,0.0007161835114569422,ahodki,ahodki
1,0.0005785788314214167,ahodki,ahodki
1,0.0006052189138174802,ahodki,ahodki
1,0.0005890866609845263,ahodki,ahodki
1,0.0013771945121251227,ahodki,ahodki
1,0.002933673205939251,ahodki,ahodki
1,0.0016190961037816707,ahodki,ahodki
1,0.0031648919167592735,ahodki,ahodki
1,0.001485640323887604,ahodki,ahodki
1,0.0011356125867207968,ahodki,ahodki
1,0.0013606220867819578,ahodki,ahodki
1,0.0006074283294863877,ahodki,ahodki
1,0.000679524031112993,ajflem,ajflem
1,0.000468578019195263,ajflem,ajflem
1,0.0006215376737113002,ajflem,ajflem
1,0.0004645900272139836,ajflem,ajflem
1,0.00046792523015036405,ajflem,ajflem
1,0.0005916696720039097,ajflem,ajflem
1,0.0007834174483816777,ajflem,ajflem
1,0.0006209204536278429,ajflem,ajflem
1,0.0005519238816731141,ajflem,ajflem
1,0.00043224166811199345,ajflem,ajflem
1,0.0008421410801458764,ajflem,ajflem
1,0.001098724280725717,ajflem,ajflem
1,0.0009860274758291183,ajflem,ajflem
1,0.0009126590380250918,ajflem,ajflem
1,0.0008496279865529983,ajflem,ajflem
1,0.0013027710887461058,ajflem,ajflem
1,0.0008025026874534822,ajflem,ajflem
1,0.0012044764800965304,ajflem,ajflem
1,0.0005258522170733908,ajflem,ajflem
1,0.000665142176734836,ajones,ajones
1,0.0007811314191446875,ajones,ajones
1,0.0007123581794926311,ajones,ajones
1,0.0010578538352917115,ajones,ajones
1,0.0008767583059793305,ajones,ajones
1,0.0009263743084142592,ajones,ajones
1,0.0007647153939950795,ajones,ajones
1,0.0010018106759927365,ajones,ajones
1,0.0010747038221859111,ajones,ajones
1,0.00116101162084521,ajones,ajones
1,0.0012608580349120866,ajones,ajones
1,0.0013519332360783854,ajones,ajones
1,0.0010184118985376105,ajones,ajones
1,0.0011473491412226937,ajones,ajones
1,0.0012849139768128359,ajones,ajones
1,0.0010402966109115802,ajones,ajones
1,0.0013196552297986496,ajones,ajones
1,0.00212064170946911,ajones,ajones
1,0.0006449265799715794,ajones,ajones
1,0.0007632541060037854,ajsega,ajsega
1,0.0005247053451464179,ajsega,ajsega
1,0.0005939258247515689,ajsega,ajsega
1,0.0010744956947646128,ajsega,ajsega
1,0.0006123741077418379,ajsega,ajsega
1,0.000700529126585812,ajsega,ajsega
1,0.0007838684587002067,ajsega,ajsega
1,0.0005734758891330778,ajsega,ajsega
1,0.0005276135110754455,ajsega,ajsega
1,0.0005743942663751289,ajsega,ajsega
1,0.0007794853632152224,ajsega,ajsega
1,0.0012565858107591278,ajsega,ajsega
1,0.0009859734890919807,ajsega,ajsega
1,0.0009544322327278316,ajsega,ajsega
1,0.0007361487963013856,ajsega,ajsega
1,0.0008684886288655138,ajsega,ajsega
1,0.0009225876292629803,ajsega,ajsega
1,0.0008155444673361685,ajsega,ajsega
1,0.0007945534185267898,ajsega,ajsega
1,0.0002612544217727908,akatsi,akatsi
1,0.00025832068321710125,akatsi,akatsi
1,0.0002552182715154864,akatsi,akatsi
1,0.0002656261700872813,akatsi,akatsi
1,0.00024116448339079867,akatsi,akatsi
1,0.0002660458265199688,akatsi,akatsi
1,0.0002613286989539946,akatsi,akatsi
1,0.0002411297789494107,akatsi,akatsi
1,0.0002576886600690667,akatsi,akatsi
1,0.0002633933116630774,akatsi,akatsi
1,0.00027417476011067803,akatsi,akatsi
1,0.0002408469287199431,akatsi,akatsi
1,0.00024103632643466692,akatsi,akatsi
1,0.0002696551343304072,akatsi,akatsi
1,0.00027137717562207255,akatsi,akatsi
1,0.0002690218980573066,akatsi,akatsi
1,0.0002720073873808875,akatsi,akatsi
1,0.0002678597398339676,akatsi,akatsi
1,0.0002627976313532268,akatsi,akatsi
1,0.0004721003802553436,ambarw,ambarw
1,0.0004386009545506361,ambarw,ambarw
1,0.0004781783850324825,ambarw,ambarw
1,0.0005098061642679052,ambarw,ambarw
1,0.0005114825446603503,ambarw,ambarw
1,0.0005713033333597417,ambarw,ambarw
1,0.000651524945167506,ambarw,ambarw
1,0.000567752885391,ambarw,ambarw
1,0.0004622411365825995,ambarw,ambarw
1,0.0005226538883241352,ambarw,ambarw
1,0.0006260953398824483,ambarw,ambarw
1,0.0010375909740436677,ambarw,ambarw
1,0.00107413652369182,ambarw,ambarw
1,0.0007562850100703265,ambarw,ambarw
1,0.0008676581598676398,ambarw,ambarw
1,0.0007623571617434275,ambarw,ambarw
1,0.0007306339329932848,ambarw,ambarw
1,0.001764047057469628,ambarw,ambarw
1,0.0008227390300759907,ambarw,ambarw
1,0.0011045849854628728,asheal,asheal
1,0.0007850895614106156,asheal,asheal
1,0.0008169829211042748,asheal,asheal
1,0.001382397686728633,asheal,asheal
1,0.0009733735573436498,asheal,asheal
1,0.0009514277580618131,asheal,asheal
1,0.0006610573095081839,asheal,asheal
1,0.0011492509940075268,asheal,asheal
1,0.0008268293480607451,asheal,asheal
1,0.00105778415090603,asheal,asheal
1,0.0008531433262442992,asheal,asheal
1,0.001252918551983533,asheal,asheal
1,0.00169952713448444,asheal,asheal
1,0.0027460340615490055,asheal,asheal
1,0.0008270897497550023,asheal,asheal
1,0.0006958849018443414,asheal,asheal
1,0.0009112357514736477,asheal,asheal
1,0.0006355276524566143,asheal,asheal
1,0.0009595817543005251,asheal,asheal
1,0.0010425297481761605,bplyce,bplyce
1,0.0013168385179516248,bplyce,bplyce
1,0.0017284295390572937,bplyce,bplyce
1,0.001800907510282866,bplyce,bplyce
1,0.0008531884555041132,bplyce,bplyce
1,0.0009893773729478894,bplyce,bplyce
1,0.0008048940230681769,bplyce,bplyce
1,0.0012284130553959045,bplyce,bplyce
1,0.0009771324125939166,bplyce,bplyce
1,0.0010760819129867376,bplyce,bplyce
1,0.0010770849035767118,bplyce,bplyce
1,0.0008672353586942229,bplyce,bplyce
1,0.0008321647505582287,bplyce,bplyce
1,0.0008485783283487212,bplyce,bplyce
1,0.0009148900373366634,bplyce,bplyce
1,0.0007572130030337376,bplyce,bplyce
1,0.0008917962144733141,bplyce,bplyce
1,0.0010088107396535651,bplyce,bplyce
1,0.0009423248846561841,bplyce,bplyce
1,0.0007087103259460306,cchris,cchris
1,0.0005723774862739735,cchris,cchris
1,0.0005225571597803551,cchris,cchris
1,0.0005938112257314141,cchris,cchris
1,0.0006601469102747818,cchris,cchris
1,0.000511316738248452,cchris,cchris
1,0.0006590695472563376,cchris,cchris
1,0.0007571709420974374,cchris,cchris
1,0.0006920857463291869,cchris,cchris
1,0.0010883996436444625,cchris,cchris
1,0.0007364876116879236,cchris,cchris
1,0.0011595406755041163,cchris,cchris
1,0.0010856857156140332,cchris,cchris
1,0.0009563559081631107,cchris,cchris
1,0.0011246467268874526,cchris,cchris
1,0.0012260078017865485,cchris,cchris
1,0.0005093359190106491,cchris,cchris
1,0.0007733069017473916,cchris,cchris
1,0.0006788079995214573,cchris,cchris
1,0.0003206840599453279,ccjame,ccjame
1,0.00024903262052634954,ccjame,ccjame
1,0.00027129758711510527,ccjame,ccjame
1,0.0002758477839088445,ccjame,ccjame
1,0.00027233624762679486,ccjame,ccjame
1,0.0002714398202994922,ccjame,ccjame
1,0.00028657902400844114,ccjame,ccjame
1,0.0002911338559352548,ccjame,ccjame
1,0.00028975712358705473,ccjame,ccjame
1,0.00030668152246533337,ccjame,ccjame
1,0.00029263472785048583,ccjame,ccjame
1,0.0007490940622798584,ccjame,ccjame
1,0.0008007867721819328,ccjame,ccjame
1,0.0006721670319526343,ccjame,ccjame
1,0.0006210324303657249,ccjame,ccjame
1,0.0007570783048884405,ccjame,ccjame
1,0.0003761241922264238,ccjame,ccjame
1,0.0005071743839183097,ccjame,ccjame
1,0.0005334324018867334,ccjame,ccjame
1,0.0012062901891017976,cferdo,cferdo
1,0.0008784550857514076,cferdo,cferdo
1,0.0009901309249451579,cferdo,cferdo
1,0.0008518271147795834,cferdo,cferdo
1,0.0005724419375800516,cferdo,cferdo
1,0.0009362635895790688,cferdo,cferdo
1,0.0005934834348510755,cferdo,cferdo
1,0.0005566458610026008,cferdo,cferdo
1,0.0005841870161617309,cferdo,cferdo
1,0.0007379213965425027,cferdo,cferdo
1,0.0006485573383309573,cferdo,cferdo
1,0.002097635488305685,cferdo,cferdo
1,0.0014931240756923217,cferdo,cferdo
1,0.001356419694040995,cferdo,cferdo
1,0.0015620667008142122,cferdo,cferdo
1,0.0010063214608044104,cferdo,cferdo
1,0.0019674449833384155,cferdo,cferdo
1,0.0012426607059890602,cferdo,cferdo
1,0.0013730814813290673,cferdo,cferdo
1,0.0003938634431281667,cgboyc,cgboyc
1,0.00047961020235252953,cgboyc,cgboyc
1,0.000603350765252972,cgboyc,cgboyc
1,0.0005812329342468693,cgboyc,cgboyc
1,0.0003838537789822792,cgboyc,cgboyc
1,0.0005141021126483081,cgboyc,cgboyc
1,0.00043567198413652997,cgboyc,cgboyc
1,0.0004032989076056697,cgboyc,cgboyc
1,0.0004195790143021113,cgboyc,cgboyc
1,0.00041907558986810736,cgboyc,cgboyc
1,0.0006544074782508717,cgboyc,cgboyc
1,0.0011471336601276455,cgboyc,cgboyc
1,0.001284745873054823,cgboyc,cgboyc
1,0.0008146315900693605,cgboyc,cgboyc
1,0.0011132076660771467,cgboyc,cgboyc
1,0.0010392509059597983,cgboyc,cgboyc
1,0.0010154654588006324,cgboyc,cgboyc
1,0.0006959068805399744,cgboyc,cgboyc
1,0.0012226487543711333,cgboyc,cgboyc
1,0.0008624893083228565,cjcarr,cjcarr
1,0.0005214896841846714,cjcarr,cjcarr
1,0.0003301390616080086,cjcarr,cjcarr
1,0.0005426983617062485,cjcarr,cjcarr
1,0.0003267939900102146,cjcarr,cjcarr
1,0.0004024596000330786,cjcarr,cjcarr
1,0.00039060192967241373,cjcarr,cjcarr
1,0.0002943416364848379,cjcarr,cjcarr
1,0.0004499321602187441,cjcarr,cjcarr
1,0.00039889596513099213,cjcarr,cjcarr
1,0.00035678785407442084,cjcarr,cjcarr
1,0.0006758464521564668,cjcarr,cjcarr
1,0.0010591493595953777,cjcarr,cjcarr
1,0.0008536709205884587,cjcarr,cjcarr
1,0.0007173901740390288,cjcarr,cjcarr
1,0.0009114721303670404,cjcarr,cjcarr
1,0.0009973593548250992,cjcarr,cjcarr
1,0.0013179457285945008,cjcarr,cjcarr
1,0.0008581990089652729,cjcarr,cjcarr
1,0.00031344087052283313,cjdenn,cjdenn
1,0.0003125728730952145,cjdenn,cjdenn
1,0.00028146200920828866,cjdenn,cjdenn
1,0.0002532320322115115,cjdenn,cjdenn
1,0.00025852038053477837,cjdenn,cjdenn
1,0.00030877600960063184,cjdenn,cjdenn
1,0.00032916458861015433,cjdenn,cjdenn
1,0.0005839001371317485,cjdenn,cjdenn
1,0.0003344708622162396,cjdenn,cjdenn
1,0.0003205521365176764,cjdenn,cjdenn
1,0.00024029928623420013,cjdenn,cjdenn
1,0.0010875079584433175,cjdenn,cjdenn
1,0.0005208974878683717,cjdenn,cjdenn
1,0.00046913038787104117,cjdenn,cjdenn
1,0.0006081055756681016,cjdenn,cjdenn
1,0.0003639342880547947,cjdenn,cjdenn
1,0.0005519931054682229,cjdenn,cjdenn
1,0.00034393136105010497,cjdenn,cjdenn
1,0.0002612983251712422,cjdenn,cjdenn
1,0.0006099364234109291,cjsake,cjsake
1,0.0009307934272476952,cjsake,cjsake
1,0.0006266545995826276,cjsake,cjsake
1,0.0004876465662721979,cjsake,cjsake
1,0.000796853625973696,cjsake,cjsake
1,0.0005632370573470453,cjsake,cjsake
1,0.0004985655271667772,cjsake,cjsake
1,0.000629917663713265,cjsake,cjsake
1,0.00077032815948422,cjsake,cjsake
1,0.0005327831161672585,cjsake,cjsake
1,0.0006800602431542711,cjsake,cjsake
1,0.0018812429680007121,cjsake,cjsake
1,0.0012183851992788703,cjsake,cjsake
1,0.0009119969542468754,cjsake,cjsake
1,0.0010279984411337387,cjsake,cjsake
1,0.0009097372891591996,cjsake,cjsake
1,0.000700609870656001,cjsake,cjsake
1,0.0006094749351955816,cjsake,cjsake
1,0.0006152918383601136,cjsake,cjsake
1,0.0007191461858720488,cmkirk,cmkirk
1,0.0005193534214995544,cmkirk,cmkirk
1,0.0007568450954617953,cmkirk,cmkirk
1,0.0007670910061488651,cmkirk,cmkirk
1,0.0007251165781530529,cmkirk,cmkirk
1,0.0006305108769800011,cmkirk,cmkirk
1,0.0005939683486869886,cmkirk,cmkirk
1,0.0005277475597212572,cmkirk,cmkirk
1,0.0004739125794980252,cmkirk,cmkirk
1,0.00045143027785373796,cmkirk,cmkirk
1,0.0005434121974821865,cmkirk,cmkirk
1,0.0006371538261232079,cmkirk,cmkirk
1,0.001177826062098846,cmkirk,cmkirk
1,0.000594859000079272,cmkirk,cmkirk
1,0.0009851433941332384,cmkirk,cmkirk
1,0.0006529771143528574,cmkirk,cmkirk
1,0.0013575654184791426,cmkirk,cmkirk
1,0.0006473965020415883,cmkirk,cmkirk
1,0.0008755309632206057,cmkirk,cmkirk
1,0.0008825065991138583,csanch,csanch
1,0.0005958715015269105,csanch,csanch
1,0.001015849847026318,csanch,csanch
1,0.0007685517009725874,csanch,csanch
1,0.0013039454773350842,csanch,csanch
1,0.0010007735477917763,csanch,csanch
1,0.0008908768231192923,csanch,csanch
1,0.0007702349571847292,csanch,csanch
1,0.00119075409786384,csanch,csanch
1,0.0010030893164597204,csanch,csanch
1,0.0008475606356660308,csanch,csanch
1,0.0032635913209792347,csanch,csanch
1,0.0027494090670327513,csanch,csanch
1,0.0010851101209812613,csanch,csanch
1,0.0015204665616119922,csanch,csanch
1,0.0008968622260284821,csanch,csanch
1,0.0016001798576025111,csanch,csanch
1,0.0008545964560523333,csanch,csanch
1,0.0010199310159993862,csanch,csanch
1,0.0023076038492756664,cshubb,cshubb
1,0.0016380385328174628,cshubb,cshubb
1,0.0020617417601775227,cshubb,cshubb
1,0.0019836273566046724,cshubb,cshubb
1,0.0016982271976403746,cshubb,cshubb
1,0.0012712795563807665,cshubb,cshubb
1,0.0012850015389972392,cshubb,cshubb
1,0.0011540731148714093,cshubb,cshubb
1,0.0016584747636652255,cshubb,cshubb
1,0.0010923789619007019,cshubb,cshubb
1,0.0013755788211125574,cshubb,cshubb
1,0.0010112415345225746,cshubb,cshubb
1,0.0009388134256624377,cshubb,cshubb
1,0.0009599916841742637,cshubb,cshubb
1,0.0009368303036792418,cshubb,cshubb
1,0.0007813113768134828,cshubb,cshubb
1,0.001198139585088785,cshubb,cshubb
1,0.0012233931003592898,cshubb,cshubb
1,0.001157218401925267,cshubb,cshubb
1,0.00043028514344572793,cwchoi,cwchoi
1,0.00032187066513848545,cwchoi,cwchoi
1,0.00033467639976592897,cwchoi,cwchoi
1,0.0005294484179523646,cwchoi,cwchoi
1,0.0004266269642576657,cwchoi,cwchoi
1,0.00039964580500071866,cwchoi,cwchoi
1,0.00045274548027857635,cwchoi,cwchoi
1,0.0003807632302279596,cwchoi,cwchoi
1,0.0007857122998222571,cwchoi,cwchoi
1,0.0004946918926934156,cwchoi,cwchoi
1,0.00047917531029085413,cwchoi,cwchoi
1,0.0007826699348876905,cwchoi,cwchoi
1,0.0004773256828546936,cwchoi,cwchoi
1,0.00040762755263651254,cwchoi,cwchoi
1,0.0006260098609177654,cwchoi,cwchoi
1,0.00039442464271948526,cwchoi,cwchoi
1,0.00043266251050318063,cwchoi,cwchoi
1,0.0004504902016359473,cwchoi,cwchoi
1,0.0005191940893557607,cwchoi,cwchoi
1,0.0029176037795214382,dagran,dagran
1,0.0018562345985823471,dagran,dagran
1,0.0010682386191311704,dagran,dagran
1,0.0019670688285947408,dagran,dagran
1,0.0016812484891980714,dagran,dagran
1,0.0019396552041319,dagran,dagran
1,0.002024253782825324,dagran,dagran
1,0.0014901628552618006,dagran,dagran
1,0.0009793956964827396,dagran,dagran
1,0.001430007221226842,dagran,dagran
1,0.0011065138364139107,dagran,dagran
1,0.0028082580158143374,dagran,dagran
1,0.00430149036731811,dagran,dagran
1,0.003594121389215029,dagran,dagran
1,0.002401595787489125,dagran,dagran
1,0.00518180405468316,dagran,dagran
1,0.0013331981101099633,dagran,dagran
1,0.0022420695033592637,dagran,dagran
1,0.0011919064585848467,dagran,dagran
1,0.0003950731932209368,dakram,dakram
1,0.000353633082506783,dakram,dakram
1,0.00032605082783680115,dakram,dakram
1,0.0004127726429472664,dakram,dakram
1,0.00038657857974959116,dakram,dakram
1,0.00031576893355375954,dakram,dakram
1,0.0003900710467595234,dakram,dakram
1,0.0006619920422361546,dakram,dakram
1,0.00042455828236712036,dakram,dakram
1,0.0006199067749460837,dakram,dakram
1,0.0007453519838288589,dakram,dakram
1,0.0006960514027619994,dakram,dakram
1,0.0005363136711382107,dakram,dakram
1,0.0008288714134685205,dakram,dakram
1,0.000761292317287815,dakram,dakram
1,0.000783406697386727,dakram,dakram
1,0.0005740848300014658,dakram,dakram
1,0.0006858695929386794,dakram,dakram
1,0.00031475561210960454,dakram,dakram
1,0.0005366485451246277,dcbowe,dcbowe
1,0.000738798107672937,dcbowe,dcbowe
1,0.0005678315561945063,dcbowe,dcbowe
1,0.0005704488148887883,dcbowe,dcbowe
1,0.0004902113842371101,dcbowe,dcbowe
1,0.000510523152726786,dcbowe,dcbowe
1,0.0004706201071328987,dcbowe,dcbowe
1,0.0004648872846217322,dcbowe,dcbowe
1,0.0005304839063152201,dcbowe,dcbowe
1,0.0006446259398780286,dcbowe,dcbowe
1,0.0006134988695236208,dcbowe,dcbowe
1,0.0008035815359196297,dcbowe,dcbowe
1,0.0006158783087989148,dcbowe,dcbowe
1,0.0010243354247600524,dcbowe,dcbowe
1,0.0010350121051747089,dcbowe,dcbowe
1,0.0008855554902289976,dcbowe,dcbowe
1,0.0005832198676773744,dcbowe,dcbowe
1,0.0013052597369852164,dcbowe,dcbowe
1,0.0006703749354163565,dcbowe,dcbowe
1,0.0009762080700681255,dioann,dioann
1,0.0006318192185176224,dioann,dioann
1,0.0007551203332812786,dioann,dioann
1,0.000581065437410949,dioann,dioann
1,0.000404275923882291,dioann,dioann
1,0.00040145164528079976,dioann,dioann
1,0.00047074589869837923,dioann,dioann
1,0.0003712636133006784,dioann,dioann
1,0.0006483682655646724,dioann,dioann
1,0.0006896593273836091,dioann,dioann
1,0.0005949227366958973,dioann,dioann
1,0.0011027865203314306,dioann,dioann
1,0.0019868967226319817,dioann,dioann
1,0.002924462683214405,dioann,dioann
1,0.001381215878093975,dioann,dioann
1,0.001271236825325412,dioann,dioann
1,0.0013259746024704192,dioann,dioann
1,0.0011967517135455315,dioann,dioann
1,0.0006146417839981999,dioann,dioann
1,0.0003657750623031629,djbirc,djbirc
1,0.00039863479247684796,djbirc,djbirc
1,0.0003849752753640939,djbirc,djbirc
1,0.00033843866620831084,djbirc,djbirc
1,0.0003464761085224372,djbirc,djbirc
1,0.00035685941721006945,djbirc,djbirc
1,0.0002967501138027478,djbirc,djbirc
1,0.0003236440470511149,djbirc,djbirc
1,0.00031879053674771393,djbirc,djbirc
1,0.00033735581674697107,djbirc,djbirc
1,0.0004404069576210857,djbirc,djbirc
1,0.0018190338226916057,djbirc,djbirc
1,0.0010373293778666065,djbirc,djbirc
1,0.0005939575188078003,djbirc,djbirc
1,0.0007741455381143397,djbirc,djbirc
1,0.000568784788747066,djbirc,djbirc
1,0.0007631005266283371,djbirc,djbirc
1,0.0006923616977106266,djbirc,djbirc
1,0.0003477532362864361,djbirc,djbirc
1,0.0006729116238634237,djhugh,djhugh
1,0.0006490243481968355,djhugh,djhugh
1,0.0006743086495461981,djhugh,djhugh
1,0.0006634204756699834,djhugh,djhugh
1,0.0007532567691783083,djhugh,djhugh
1,0.0005093610507413665,djhugh,djhugh
1,0.0008581127231153383,djhugh,djhugh
1,0.000463752649719336,djhugh,djhugh
1,0.0006075560322211234,djhugh,djhugh
1,0.0007789229447771613,djhugh,djhugh
1,0.0008605396058728199,djhugh,djhugh
1,0.0029928063388737726,djhugh,djhugh
1,0.0011551025366037127,djhugh,djhugh
1,0.0015109238288344988,djhugh,djhugh
1,0.0009774272135845685,djhugh,djhugh
1,0.0010755562403437396,djhugh,djhugh
1,0.0010953292362501951,djhugh,djhugh
1,0.0015909260645246327,djhugh,djhugh
1,0.0004661459972930498,djhugh,djhugh
1,0.00024675587162096993,djmart,djmart
1,0.00021721531819649697,djmart,djmart
1,0.0002310693339288897,djmart,djmart
1,0.00022895466112292766,djmart,djmart
1,0.00025349964142450094,djmart,djmart
1,0.00024427943675096344,djmart,djmart
1,0.0002737382177043972,djmart,djmart
1,0.0002976065934097757,djmart,djmart
1,0.00029059592231897504,djmart,djmart
1,0.000284610739631656,djmart,djmart
1,0.0002697419018828075,djmart,djmart
0,0,unknown,djmart
1,0.0003931872417674184,djmart,djmart
1,0.0005982750949987322,djmart,djmart
0,0,unknown,djmart
1,0.0007160141546476128,djmart,djmart
0,0,unknown,djmart
1,0.0005313744003152245,djmart,djmart
1,0.0007338529636184757,djmart,djmart
1,0.00036739186286418804,dmwest,dmwest
1,0.0003735910342444247,dmwest,dmwest
1,0.0005271908999350416,dmwest,dmwest
1,0.000475502804018684,dmwest,dmwest
1,0.00037794594928568546,dmwest,dmwest
1,0.00037635974093911463,dmwest,dmwest
1,0.0003212377781917061,dmwest,dmwest
1,0.00031185822270833374,dmwest,dmwest
1,0.0003571695916300961,dmwest,dmwest
1,0.00033768062172606384,dmwest,dmwest
1,0.0004965883933807598,dmwest,dmwest
1,0.0015841478271941354,dmwest,dmwest
1,0.0009763865898885236,dmwest,dmwest
1,0.0009264155346053936,dmwest,dmwest
1,0.00041149343428422455,dmwest,dmwest
1,0.0005773359416841485,dmwest,dmwest
1,0.0004963147669108,dmwest,dmwest
1,0.00047175150946251944,dmwest,dmwest
1,0.0008593517385475375,dmwest,dmwest
1,0.000823057094517727,gdhatc,gdhatc
1,0.0006060608505788048,gdhatc,gdhatc
1,0.0007477814474955493,gdhatc,gdhatc
1,0.00079485337316687,gdhatc,gdhatc
1,0.0007709229892547535,gdhatc,gdhatc
1,0.0007731869568118754,gdhatc,gdhatc
1,0.0007860951994404902,gdhatc,gdhatc
1,0.0005740489701288822,gdhatc,gdhatc
1,0.000341148578734048,gdhatc,gdhatc
1,0.0004205935467203623,gdhatc,gdhatc
1,0.0006131986406394594,gdhatc,gdhatc
1,0.0010029885108471313,gdhatc,gdhatc
1,0.0009609557183226651,gdhatc,gdhatc
1,0.0008924897690145169,gdhatc,gdhatc
1,0.00135638616032665,gdhatc,gdhatc
1,0.0014809193216908584,gdhatc,gdhatc
1,0.0007208434097312627,gdhatc,gdhatc
1,0.0008491617770430886,gdhatc,gdhatc
1,0.0005167456325277327,gdhatc,gdhatc
1,0.00046413042993076687,ggeorg,ggeorg
1,0.0004366653946670178,ggeorg,ggeorg
1,0.0003675245716682488,ggeorg,ggeorg
1,0.0005421130661004477,ggeorg,ggeorg
1,0.0006087369940145245,ggeorg,ggeorg
1,0.0007739013829203896,ggeorg,ggeorg
1,0.0005562299366890509,ggeorg,ggeorg
1,0.0005587147799337682,ggeorg,ggeorg
1,0.0004418862295468799,ggeorg,ggeorg
1,0.0005460115669422977,ggeorg,ggeorg
1,0.0004997647886836966,ggeorg,ggeorg
1,0.0019911982542129797,ggeorg,ggeorg
1,0.0007085166548757532,ggeorg,ggeorg
1,0.002985172664855693,ggeorg,ggeorg
1,0.0015137500062132523,ggeorg,ggeorg
1,0.0009943700906449697,ggeorg,ggeorg
1,0.0005924492409272417,ggeorg,ggeorg
1,0.000770280639592894,ggeorg,ggeorg
1,0.0005937096577738567,ggeorg,ggeorg
1,0.0006882897643725451,ggrego,ggrego
1,0.0006601155051976588,ggrego,ggrego
1,0.0006261940876709144,ggrego,ggrego
1,0.0005913403794211992,ggrego,ggrego
1,0.0005556907261687564,ggrego,ggrego
1,0.0005504425109623883,ggrego,ggrego
1,0.0004934469767908764,ggrego,ggrego
1,0.0006181217001774549,ggrego,ggrego
1,0.0005284107342341862,ggrego,ggrego
1,0.00041204082444121215,ggrego,ggrego
1,0.0004003062830160962,ggrego,ggrego
1,0.0009211078833713916,ggrego,ggrego
1,0.0009740114633402712,ggrego,ggrego
1,0.0007065548056324829,ggrego,ggrego
1,0.0009480865177633357,ggrego,ggrego
1,0.0006887822345115327,ggrego,ggrego
1,0.0007409284152902147,ggrego,ggrego
1,0.0006463635260500784,ggrego,ggrego
1,0.0005673301784896742,ggrego,ggrego
1,0.0008191906073723243,gjhero,gjhero
1,0.0007690105441893456,gjhero,gjhero
1,0.0012462969612243905,gjhero,gjhero
1,0.0009265280014895935,gjhero,gjhero
1,0.001116806374317593,gjhero,gjhero
1,0.0010662636635364025,gjhero,gjhero
1,0.0010768251162813372,gjhero,gjhero
1,0.0007475512660121131,gjhero,gjhero
1,0.0007283516033448842,gjhero,gjhero
1,0.000811239115928063,gjhero,gjhero
1,0.0009673450074569508,gjhero,gjhero
1,0.003217709380307494,gjhero,gjhero
1,0.0029429764863092216,gjhero,gjhero
1,0.0019314852544346918,gjhero,gjhero
1,0.0010426516784368702,gjhero,gjhero
1,0.0013456491804280549,gjhero,gjhero
1,0.0011845212550931523,gjhero,gjhero
1,0.001132658451912397,gjhero,gjhero
1,0.0013018954881479521,gjhero,gjhero
1,0.0007028328673156106,gjnorm,gjnorm
1,0.000413738224984807,gjnorm,gjnorm
1,0.0003179745029959215,gjnorm,gjnorm
1,0.00034033173658598007,gjnorm,gjnorm
1,0.0003090159323016545,gjnorm,gjnorm
1,0.00034633956271485164,gjnorm,gjnorm
1,0.00038839437989667827,gjnorm,gjnorm
1,0.0004276572923122322,gjnorm,gjnorm
1,0.00045163836611975726,gjnorm,gjnorm
1,0.0003927689138047211,gjnorm,gjnorm
1,0.00037552584651879623,gjnorm,gjnorm
1,0.0012913755432280853,gjnorm,gjnorm
1,0.0012095543207456285,gjnorm,gjnorm
1,0.0009751255076745377,gjnorm,gjnorm
1,0.0008046593847506528,gjnorm,gjnorm
1,0.0009848795042923443,gjnorm,gjnorm
1,0.0013045649966663636,gjnorm,gjnorm
1,0.0012864440920012312,gjnorm,gjnorm
1,0.0010630368548664951,gjnorm,gjnorm
1,0.0005475802622407838,gmwate,gmwate
1,0.0004990137198355349,gmwate,gmwate
1,0.00033509151023483743,gmwate,gmwate
1,0.0005056725235753533,gmwate,gmwate
1,0.00040436504118478416,gmwate,gmwate
1,0.0004866226465955089,gmwate,gmwate
1,0.00041167001318432683,gmwate,gmwate
1,0.00044159277128079356,gmwate,gmwate
1,0.0004963725230691189,gmwate,gmwate
1,0.0006230576389310209,gmwate,gmwate
1,0.00047013611083160926,gmwate,gmwate
1,0.0011022716451155586,gmwate,gmwate
1,0.0008451070965673419,gmwate,gmwate
1,0.000823254280598292,gmwate,gmwate
1,0.0007732373409825621,gmwate,gmwate
1,0.0007669600092093079,gmwate,gmwate
1,0.0004690453551950871,gmwate,gmwate
1,0.0004838393824758109,gmwate,gmwate
1,0.0005197572007244311,gmwate,gmwate
1,0.0006457445244112462,gpapaz,gpapaz
1,0.0010255049548620664,gpapaz,gpapaz
1,0.0008761039028362742,gpapaz,gpapaz
1,0.0010467641690622524,gpapaz,gpapaz
1,0.0012066099223062305,gpapaz,gpapaz
1,0.000894723133606627,gpapaz,gpapaz
1,0.0008104358549518325,gpapaz,gpapaz
1,0.0009564123878046732,gpapaz,gpapaz
1,0.0006938010788419448,gpapaz,gpapaz
1,0.0009848090378548253,gpapaz,gpapaz
1,0.000918427887672666,gpapaz,gpapaz
1,0.0020661249165226376,gpapaz,gpapaz
1,0.001241740714365784,gpapaz,gpapaz
1,0.0014120304288876115,gpapaz,gpapaz
1,0.0011685643651020699,gpapaz,gpapaz
1,0.0012251474523313304,gpapaz,gpapaz
1,0.00171159372812829,gpapaz,gpapaz
1,0.0013763791653176513,gpapaz,gpapaz
1,0.0005259318673580428,gpapaz,gpapaz
1,0.0004029871370205611,gpsmit,gpsmit
1,0.0005489407662995336,gpsmit,gpsmit
1,0.00039164595664251974,gpsmit,gpsmit
1,0.0003369558784391107,gpsmit,gpsmit
1,0.0005096085148649602,gpsmit,gpsmit
1,0.0004928354740910668,gpsmit,gpsmit
1,0.0003604814956762318,gpsmit,gpsmit
1,0.00035693792199775206,gpsmit,gpsmit
1,0.0004482783944900099,gpsmit,gpsmit
1,0.00038681547857591673,gpsmit,gpsmit
1,0.00042922330778665994,gpsmit,gpsmit
1,0.0005236087993836969,gpsmit,gpsmit
1,0.001234810760396315,gpsmit,gpsmit
1,0.0005445962677421706,gpsmit,gpsmit
1,0.0005999843614455765,gpsmit,gpsmit
1,0.00116595766185257,gpsmit,gpsmit
1,0.0007134377907959622,gpsmit,gpsmit
1,0.00034373379993168224,gpsmit,gpsmit
1,0.00044586317645366284,gpsmit,gpsmit
1,0.0006101490962598381,gsreas,gsreas
1,0.0005295876950197145,gsreas,gsreas
1,0.0004101459540025158,gsreas,gsreas
1,0.0003650003659337058,gsreas,gsreas
1,0.0006044437594368811,gsreas,gsreas
1,0.0003827489624878156,gsreas,gsreas
1,0.0003977840279470142,gsreas,gsreas
1,0.0003235994429838012,gsreas,gsreas
1,0.0002830431326426461,gsreas,gsreas
1,0.00029445813517437293,gsreas,gsreas
1,0.0002564868185113111,gsreas,gsreas
1,0.0005552015781326597,gsreas,gsreas
1,0.00039394885093959014,gsreas,gsreas
1,0.0007505259929570359,gsreas,gsreas
1,0.0005469326939352177,gsreas,gsreas
1,0.0006235374842127815,gsreas,gsreas
1,0.00047107730100561646,gsreas,gsreas
1,0.0006286537614631755,gsreas,gsreas
1,0.0006883848007014307,gsreas,gsreas
1,0.0005232895766856157,irdrew,irdrew
1,0.0008081736750234217,irdrew,irdrew
1,0.00046674861033869295,irdrew,irdrew
1,0.0004922600859231088,irdrew,irdrew
1,0.0007377782109487924,irdrew,irdrew
1,0.0004801438763787494,irdrew,irdrew
1,0.0006568558121459761,irdrew,irdrew
1,0.00039537744524996454,irdrew,irdrew
1,0.000486372564615869,irdrew,irdrew
1,0.0004010509621805847,irdrew,irdrew
1,0.0005131391113739088,irdrew,irdrew
1,0.0009256512968294829,irdrew,irdrew
1,0.0012659091840550227,irdrew,irdrew
1,0.0009161063461046642,irdrew,irdrew
1,0.0006611344327392405,irdrew,irdrew
1,0.0008505950015601709,irdrew,irdrew
1,0.00136979467199542,irdrew,irdrew
1,0.0005997638134706788,irdrew,irdrew
1,0.0005309145142122048,irdrew,irdrew
1,0.0004133330648086997,jabins,jabins
1,0.00039820737048658204,jabins,jabins
1,0.00036217656799479825,jabins,jabins
1,0.0003829087422357454,jabins,jabins
1,0.0005551116451913175,jabins,jabins
1,0.00047428703373823036,jabins,jabins
1,0.0004413816841061034,jabins,jabins
1,0.0004088750994875964,jabins,jabins
1,0.00040462926953456317,jabins,jabins
1,0.0003536708322711869,jabins,jabins
1,0.0003497857966909908,jabins,jabins
1,0.0007633851890907644,jabins,jabins
1,0.0013263363800936248,jabins,jabins
1,0.0010894707557281013,jabins,jabins
1,0.0006651247758485069,jabins,jabins
1,0.0007560168445160515,jabins,jabins
1,0.000654095650930551,jabins,jabins
1,0.0008087977829754255,jabins,jabins
1,0.0007545760390697101,jabins,jabins
1,0.0004007111176602807,jagrif,jagrif
1,0.0003544065511306379,jagrif,jagrif
1,0.0003968556213046008,jagrif,jagrif
1,0.00038190009077435636,jagrif,jagrif
1,0.0006311717327795316,jagrif,jagrif
1,0.0005096946690734971,jagrif,jagrif
1,0.0005418003262102028,jagrif,jagrif
1,0.00033850523503644155,jagrif,jagrif
1,0.0003632035316602576,jagrif,jagrif
1,0.0003043671615806078,jagrif,jagrif
1,0.000284169732781938,jagrif,jagrif
1,0.000757367598716108,jagrif,jagrif
1,0.0005208172306890865,jagrif,jagrif
1,0.0005381978503077696,jagrif,jagrif
1,0.000571505841685952,jagrif,jagrif
1,0.000734596796322418,jagrif,jagrif
1,0.0006293742238901735,jagrif,jagrif
1,0.0008625762321139885,jagrif,jagrif
1,0.000774338989412842,jagrif,jagrif
1,0.0015891645516615887,jcarte,jcarte
1,0.001678693563942421,jcarte,jcarte
1,0.001174000508225464,jcarte,jcarte
1,0.001314564349351569,jcarte,jcarte
1,0.0008729514732724898,jcarte,jcarte
1,0.0011237460973474553,jcarte,jcarte
1,0.0008649131263759645,jcarte,jcarte
1,0.000891345910435311,jcarte,jcarte
1,0.0009443158117744013,jcarte,jcarte
1,0.0015178443658579125,jcarte,jcarte
1,0.0010447758349552403,jcarte,jcarte
1,0.0011045271874669915,jcarte,jcarte
1,0.0012266538162052374,jcarte,jcarte
1,0.0008401331079021336,jcarte,jcarte
1,0.0017783582002889192,jcarte,jcarte
1,0.0009482275439621245,jcarte,jcarte
1,0.0010059373086764743,jcarte,jcarte
1,0.0009662988119985975,jcarte,jcarte
1,0.0021171473575023617,jcarte,jcarte
1,0.0003594487738524308,jdbenm,jdbenm
1,0.0003966909113719119,jdbenm,jdbenm
1,0.00032928541185035353,jdbenm,jdbenm
1,0.000426153744749488,jdbenm,jdbenm
1,0.0002905283245702899,jdbenm,jdbenm
1,0.0008185299349297848,jdbenm,jdbenm
1,0.0004729971541746872,jdbenm,jdbenm
1,0.0004571534692720155,jdbenm,jdbenm
1,0.00041974526519630205,jdbenm,jdbenm
1,0.000384790077516824,jdbenm,jdbenm
1,0.0005914158257867319,jdbenm,jdbenm
1,0.0003822202615327174,jdbenm,jdbenm
1,0.00034821877039358065,jdbenm,jdbenm
1,0.0002528587037637569,jdbenm,jdbenm
1,0.00025382182831814844,jdbenm,jdbenm
1,0.00031856981800981347,jdbenm,jdbenm
1,0.0003054334761050446,jdbenm,jdbenm
1,0.00026049251118733327,jdbenm,jdbenm
1,0.0004134436415009772,jdbenm,jdbenm
1,0.0003495975747008376,jgloma,jgloma
1,0.0003508923977428406,jgloma,jgloma
1,0.00039766692315482263,jgloma,jgloma
1,0.0004425339480730389,jgloma,jgloma
1,0.0004156228341896447,jgloma,jgloma
1,0.00041422731665019606,jgloma,jgloma
1,0.0003895056631467293,jgloma,jgloma
1,0.00036954121161506003,jgloma,jgloma
1,0.00038465036897453387,jgloma,jgloma
1,0.00033251427853832663,jgloma,jgloma
1,0.00035494030296761187,jgloma,jgloma
1,0.0008737794959858028,jgloma,jgloma
1,0.0008659195852513758,jgloma,jgloma
1,0.000626959053646116,jgloma,jgloma
1,0.0005896591504529407,jgloma,jgloma
1,0.00048426781101274863,jgloma,jgloma
1,0.0004043027845017989,jgloma,jgloma
1,0.00046016180103093543,jgloma,jgloma
1,0.00038137296516181423,jgloma,jgloma
1,0.001442779923435383,jlemon,jlemon
1,0.0012056072263679247,jlemon,jlemon
1,0.001186188576925829,jlemon,jlemon
1,0.001212182388690515,jlemon,jlemon
1,0.0012737902732565492,jlemon,jlemon
1,0.0009992221455175383,jlemon,jlemon
1,0.0011635668956312608,jlemon,jlemon
1,0.001094305988748502,jlemon,jlemon
1,0.0008205754135686765,jlemon,jlemon
1,0.0008770443641010151,jlemon,jlemon
1,0.0011416746187382085,jlemon,jlemon
1,0.00121261828616978,jlemon,jlemon
1,0.0019279081635223071,jlemon,jlemon
1,0.0006893128836557933,jlemon,jlemon
1,0.0007234230217161298,jlemon,jlemon
1,0.0007734459337772107,jlemon,jlemon
1,0.0009815975702765559,jlemon,jlemon
1,0.0007694722098567459,jlemon,jlemon
1,0.0013337891984821556,jlemon,jlemon
1,0.00040438965790272146,jmedin,jmedin
1,0.0007438723998835383,jmedin,jmedin
1,0.0008729100523308903,jmedin,jmedin
1,0.0007008488063485577,jmedin,jmedin
1,0.0005470066122948857,jmedin,jmedin
1,0.0005713741514687425,jmedin,jmedin
1,0.0007008675514697478,jmedin,jmedin
1,0.0008153850131053699,jmedin,jmedin
1,0.00081362941210478,jmedin,jmedin
1,0.0007042631511017918,jmedin,jmedin
1,0.0007589662154634994,jmedin,jmedin
1,0.0013566799572719709,jmedin,jmedin
1,0.0016391898882313417,jmedin,jmedin
1,0.001074546023118849,jmedin,jmedin
1,0.0009568207719680288,jmedin,jmedin
1,0.0011277183353905187,jmedin,jmedin
1,0.001084862941838617,jmedin,jmedin
1,0.0011940863070070223,jmedin,jmedin
1,0.0005466978931204776,jmedin,jmedin
1,0.000555568683879982,jrtobi,jrtobi
1,0.0007772548797696522,jrtobi,jrtobi
1,0.0008520955514422013,jrtobi,jrtobi
1,0.000557336948011023,jrtobi,jrtobi
1,0.0006126347958547349,jrtobi,jrtobi
1,0.0007743428919887189,jrtobi,jrtobi
1,0.000579364706495482,jrtobi,jrtobi
1,0.0007865580997230146,jrtobi,jrtobi
1,0.0005451474498711461,jrtobi,jrtobi
1,0.0007457020095320777,jrtobi,jrtobi
1,0.0009783397264095514,jrtobi,jrtobi
1,0.0017270062808279496,jrtobi,jrtobi
1,0.001316449798966411,jrtobi,jrtobi
1,0.0018640953672070927,jrtobi,jrtobi
1,0.0015753070266176868,jrtobi,jrtobi
1,0.0013497335900470736,jrtobi,jrtobi
1,0.0009518294878076383,jrtobi,jrtobi
1,0.0005239302020248836,jrtobi,jrtobi
1,0.000867831356220293,jrtobi,jrtobi
1,0.0005073973982668737,kaatki,kaatki
1,0.00043999105027671507,kaatki,kaatki
1,0.00044169919232689176,kaatki,kaatki
1,0.0004559710463699153,kaatki,kaatki
1,0.0004813413316505225,kaatki,kaatki
1,0.0005289722085504286,kaatki,kaatki
1,0.0004643022752313268,kaatki,kaatki
1,0.0005127978627463952,kaatki,kaatki
1,0.000545342331809094,kaatki,kaatki
1,0.00041929039674509886,kaatki,kaatki
1,0.0005309124156701376,kaatki,kaatki
1,0.0013870470909820923,kaatki,kaatki
1,0.0008502792873350265,kaatki,kaatki
1,0.0007790371508617742,kaatki,kaatki
1,0.000650237125405063,kaatki,kaatki
1,0.0005334627941106334,kaatki,kaatki
1,0.0006264693540271446,kaatki,kaatki
1,0.0005504660124683922,kaatki,kaatki
1,0.0005479115677738918,kaatki,kaatki
1,0.0010976477326262316,kdjone,kdjone
1,0.0010558337690977396,kdjone,kdjone
1,0.0005980993003752586,kdjone,kdjone
1,0.0007853526694760497,kdjone,kdjone
1,0.0009825491326719805,kdjone,kdjone
1,0.0009208803369744718,kdjone,kdjone
1,0.000942247821598292,kdjone,kdjone
1,0.0005544702586291494,kdjone,kdjone
1,0.0007973813208413716,kdjone,kdjone
1,0.0007795691437793346,kdjone,kdjone
1,0.0006125273587914218,kdjone,kdjone
1,0.0012353109286213461,kdjone,kdjone
1,0.0007692146903443459,kdjone,kdjone
1,0.0012732918285025129,kdjone,kdjone
1,0.0006678821644679738,kdjone,kdjone
1,0.0007310283763573411,kdjone,kdjone
1,0.0011017165708288453,kdjone,kdjone
1,0.0012963435713011012,kdjone,kdjone
1,0.0007393231529702172,kdjone,kdjone
1,0.0004950218780368948,khchan,khchan
1,0.0006202091511591238,khchan,khchan
1,0.0007399222611212687,khchan,khchan
1,0.0005580916762520399,khchan,khchan
1,0.0004978279420760949,khchan,khchan
1,0.0003223988935068747,khchan,khchan
1,0.00043674639833137115,khchan,khchan
1,0.00028790079608400406,khchan,khchan
1,0.00038749460320894726,khchan,khchan
1,0.0006700508741498495,khchan,khchan
1,0.00034831600489584685,khchan,khchan
1,0.001026031160088442,khchan,khchan
1,0.0006502934788110626,khchan,khchan
1,0.0005733018833312741,khchan,khchan
1,0.0009266140443664659,khchan,khchan
1,0.0006340029639854652,khchan,khchan
1,0.00034675375529460273,khchan,khchan
1,0.0003118020838796383,khchan,khchan
1,0.0005015927890534118,khchan,khchan
1,0.0003103278195137208,khughe,khughe
1,0.0003544105129627804,khughe,khughe
1,0.0003670850252375218,khughe,khughe
1,0.00031490656229112945,khughe,khughe
1,0.0002978212744269695,khughe,khughe
1,0.00029922634674847,khughe,khughe
1,0.0002845185082776722,khughe,khughe
1,0.00026966140938648205,khughe,khughe
1,0.0002651720131808378,khughe,khughe
1,0.00027415434805383795,khughe,khughe
1,0.0003116549440227293,khughe,khughe
1,0.0011068958047156124,khughe,khughe
1,0.0010373003568086038,khughe,khughe
1,0.0009047146520217176,khughe,khughe
1,0.0007180959238303526,khughe,khughe
1,0.0006359178211769475,khughe,khughe
1,0.0007663333484742714,khughe,khughe
1,0.00038599734190661815,khughe,khughe
1,0.0002795174786998713,khughe,khughe
1,0.0007624340008104314,kjwith,kjwith
1,0.0005057663927118568,kjwith,kjwith
1,0.0005442092332774838,kjwith,kjwith
1,0.0005312494764649825,kjwith,kjwith
1,0.0004318024951379772,kjwith,kjwith
1,0.00048447291747540083,kjwith,kjwith
1,0.0005982251396993971,kjwith,kjwith
1,0.00048526092006961256,kjwith,kjwith
1,0.0008154531097629439,kjwith,kjwith
1,0.0005707688850055181,kjwith,kjwith
1,0.0004416255263086701,kjwith,kjwith
1,0.0007399072329367232,kjwith,kjwith
1,0.0005225087893356,kjwith,kjwith
1,0.0011502183642722501,kjwith,kjwith
1,0.0007334019168190013,kjwith,kjwith
1,0.0007049965703725164,kjwith,kjwith
1,0.0009910304856394605,kjwith,kjwith
1,0.0006150756394897288,kjwith,kjwith
1,0.0008200378597855894,kjwith,kjwith
1,0.000612671437903799,lejnno,lejnno
1,0.0010916161952555124,lejnno,lejnno
1,0.000703508337600368,lejnno,lejnno
1,0.0004958051412913868,lejnno,lejnno
1,0.00041333939812333983,lejnno,lejnno
1,0.00041468423957837256,lejnno,lejnno
1,0.00044298687797574807,lejnno,lejnno
1,0.00038354742131365555,lejnno,lejnno
1,0.00031102028233047515,lejnno,lejnno
1,0.0003310900731129819,lejnno,lejnno
1,0.00033524463216786943,lejnno,lejnno
1,0.000797167529922853,lejnno,lejnno
1,0.0008014488272647705,lejnno,lejnno
1,0.0006519777509111835,lejnno,lejnno
1,0.00040838219617262886,lejnno,lejnno
1,0.0006653076152940682,lejnno,lejnno
1,0.00046806313898656315,lejnno,lejnno
1,0.0004957944780298946,lejnno,lejnno
1,0.0007316608708697196,lejnno,lejnno
1,0.000351445246797359,maasht,maasht
1,0.000531546897577273,maasht,maasht
1,0.00041044312058949225,maasht,maasht
1,0.000514690334256044,maasht,maasht
1,0.0007550271914316378,maasht,maasht
1,0.00042719886223234206,maasht,maasht
1,0.0004841652809428774,maasht,maasht
1,0.0006055493038134469,maasht,maasht
1,0.0004352208283272248,maasht,maasht
1,0.0004818478246949443,maasht,maasht
1,0.00045401309960962287,maasht,maasht
1,0.0011588957300424912,maasht,maasht
1,0.0013091167843277515,maasht,maasht
1,0.0009189951806615048,maasht,maasht
1,0.0004142663128842906,maasht,maasht
1,0.0005748906517362988,maasht,maasht
1,0.0010809604605394748,maasht,maasht
1,0.0008160700374435052,maasht,maasht
1,0.00037736279680519063,maasht,maasht
1,0.00029578996177039816,mberdo,mberdo
1,0.00036525530559171034,mberdo,mberdo
1,0.00039143131066634353,mberdo,mberdo
1,0.0003156378475327764,mberdo,mberdo
1,0.0005007913173890256,mberdo,mberdo
1,0.0004314591919832565,mberdo,mberdo
1,0.000440434123610206,mberdo,mberdo
1,0.0004905264674597187,mberdo,mberdo
1,0.0004779898998179369,mberdo,mberdo
1,0.0004512568198513194,mberdo,mberdo
1,0.00037843300403000703,mberdo,mberdo
1,0.0008930294358529185,mberdo,mberdo
1,0.000882660875577425,mberdo,mberdo
1,0.0006751085868479636,mberdo,mberdo
1,0.0005770471021895086,mberdo,mberdo
1,0.0006603220269991574,mberdo,mberdo
1,0.0007045604515376603,mberdo,mberdo
1,0.0008602738096471409,mberdo,mberdo
1,0.0006424570220699597,mberdo,mberdo
1,0.00022917595347779577,mdpove,mdpove
1,0.0002705028892483436,mdpove,mdpove
1,0.000277146524825024,mdpove,mdpove
1,0.0003246716389037081,mdpove,mdpove
1,0.00027149193464955345,mdpove,mdpove
1,0.00024433760888608176,mdpove,mdpove
1,0.00025921625259475646,mdpove,mdpove
1,0.0002568244313197572,mdpove,mdpove
1,0.00027163296503690277,mdpove,mdpove
1,0.00023455368610169393,mdpove,mdpove
1,0.00024133431486173323,mdpove,mdpove
1,0.0006460767778220299,mdpove,mdpove
1,0.001318185091352724,mdpove,mdpove
1,0.0008653164492045625,mdpove,mdpove
1,0.0011520564345624258,mdpove,mdpove
1,0.0012959323936649662,mdpove,mdpove
1,0.0005934582635055784,mdpove,mdpove
1,0.0005219597360234099,mdpove,mdpove
1,0.0003404521619924652,mdpove,mdpove
1,0.0005375302029140144,mefait,mefait
1,0.0004899733102655733,mefait,mefait
1,0.000639062422141301,mefait,mefait
1,0.0006751816804774977,mefait,mefait
1,0.0007992852957431921,mefait,mefait
1,0.00044334993269359895,mefait,mefait
1,0.000723758174430796,mefait,mefait
1,0.0004914422410009754,mefait,mefait
1,0.00042920209632388767,mefait,mefait
1,0.000446617325740775,mefait,mefait
1,0.0004176472053185613,mefait,mefait
1,0.0014299327059014743,mefait,mefait
1,0.0010029183448460187,mefait,mefait
1,0.0010544169236295687,mefait,mefait
1,0.001851036072911189,mefait,mefait
1,0.0016781606480937266,mefait,mefait
1,0.0009983835928586437,mefait,mefait
1,0.0009579508426008773,mefait,mefait
1,0.0005851785478062232,mefait,mefait
1,0.0005332000898157112,mhwill,mhwill
1,0.000570190648021122,mhwill,mhwill
1,0.0005682147803746003,mhwill,mhwill
1,0.000727928564323126,mhwill,mhwill
1,0.0007076914141138679,mhwill,mhwill
1,0.0006266312687430831,mhwill,mhwill
1,0.0006118699613817911,mhwill,mhwill
1,0.0004377924204202771,mhwill,mhwill
1,0.0005212256609968654,mhwill,mhwill
1,0.000612224296595018,mhwill,mhwill
1,0.0006333874164386013,mhwill,mhwill
1,0.0007577943876863481,mhwill,mhwill
1,0.0009391711374584607,mhwill,mhwill
1,0.001221136218394993,mhwill,mhwill
1,0.0006010461723972983,mhwill,mhwill
1,0.0006647371429300712,mhwill,mhwill
1,0.0006966542739489105,mhwill,mhwill
1,0.0007521607352282538,mhwill,mhwill
1,0.0003913707607174061,mhwill,mhwill
1,0.0004427413488500934,miaduc,miaduc
1,0.0005472130777841717,miaduc,miaduc
1,0.0004629807342099278,miaduc,miaduc
1,0.000504043019691096,miaduc,miaduc
1,0.0005009343976001738,miaduc,miaduc
1,0.0005256890053983428,miaduc,miaduc
1,0.0004419466954603454,miaduc,miaduc
1,0.0005631690572398836,miaduc,miaduc
1,0.00043797684256964244,miaduc,miaduc
1,0.00048275415743054376,miaduc,miaduc
1,0.0004300509481262008,miaduc,miaduc
1,0.0010685555250365489,miaduc,miaduc
1,0.0008108669583261393,miaduc,miaduc
1,0.0008244520264448919,miaduc,miaduc
1,0.00048275985483444875,miaduc,miaduc
1,0.0004735546158342306,miaduc,miaduc
1,0.0004932925931018493,miaduc,miaduc
1,0.0004853443527498808,miaduc,miaduc
1,0.0004598978813596821,miaduc,miaduc
1,0.00044867740635164745,mjhans,mjhans
1,0.0003607395899445299,mjhans,mjhans
1,0.0003527455832851588,mjhans,mjhans
1,0.00035355240902918957,mjhans,mjhans
1,0.000430858958924964,mjhans,mjhans
1,0.000334125453751961,mjhans,mjhans
1,0.00040174141515402525,mjhans,mjhans
1,0.0004919464629652516,mjhans,mjhans
1,0.0003473659108925842,mjhans,mjhans
1,0.0004102771285942835,mjhans,mjhans
1,0.00044069616426905037,mjhans,mjhans
1,0.0005494151836703868,mjhans,mjhans
1,0.0005647967736387335,mjhans,mjhans
1,0.00046471313847340164,mjhans,mjhans
1,0.0004384219138072412,mjhans,mjhans
1,0.0004389976864328572,mjhans,mjhans
1,0.0003303067410795082,mjhans,mjhans
1,0.0003560385997529449,mjhans,mjhans
1,0.00038059091809725804,mjhans,mjhans
1,0.0005594119159543631,mpetti,mpetti
1,0.0006048627238623335,mpetti,mpetti
1,0.0006361936120999477,mpetti,mpetti
1,0.00113638002959062,mpetti,mpetti
1,0.0006495730503720479,mpetti,mpetti
1,0.0006111597537636365,mpetti,mpetti
1,0.0008867315168934073,mpetti,mpetti
1,0.0014270334053805166,mpetti,mpetti
1,0.0007048052199943922,mpetti,mpetti
1,0.0006714711030991853,mpetti,mpetti
1,0.0007526883289730262,mpetti,mpetti
1,0.0008784979379968618,mpetti,mpetti
1,0.0006701128096210512,mpetti,mpetti
1,0.0011233483543192217,mpetti,mpetti
1,0.001026046404960418,mpetti,mpetti
1,0.001155421441857247,mpetti,mpetti
1,0.0008652238285782109,mpetti,mpetti
1,0.0005042489187975292,mpetti,mpetti
1,0.0006084462413539824,mpetti,mpetti
1,0.00083475145998851,muthay,muthay
1,0.0005705534952481662,muthay,muthay
1,0.0004912998740849055,muthay,muthay
1,0.0005167617730385746,muthay,muthay
1,0.0007208089289357866,muthay,muthay
1,0.0008757706879124228,muthay,muthay
1,0.000786268975309863,muthay,muthay
1,0.0008795861183236804,muthay,muthay
1,0.0007819224906879451,muthay,muthay
1,0.0007410270695609266,muthay,muthay
1,0.0007290555728023913,muthay,muthay
1,0.0011424106332601433,muthay,muthay
1,0.002015665524837571,muthay,muthay
1,0.0013198808143158201,muthay,muthay
1,0.0019436403063447874,muthay,muthay
1,0.0016748728700554001,muthay,muthay
1,0.0014829287127203828,muthay,muthay
1,0.0013399799083137064,muthay,muthay
1,0.0006088016668171147,muthay,muthay
0,0.00021852204318055843,nrclar,nahaig
0,0.0002211885497875957,nrclar,nahaig
0,0.00021914247363916245,nrclar,nahaig
0,0.00021106822798494548,nrclar,nahaig
0,0.00023556333604178703,nrclar,nahaig
0,0.00021534443970003077,nrclar,nahaig
0,0.00021205521607623758,nrclar,nahaig
0,0.0002079480660416733,jlemon,nahaig
0,0.0002217209262666328,nrclar,nahaig
0,0.00021598330771529736,nrclar,nahaig
0,0.000224490456801315,nrclar,nahaig
1,0.002027993660041388,nahaig,nahaig
1,0.0009894784680241494,nahaig,nahaig
1,0.0009763697860255842,nahaig,nahaig
1,0.0007234237026858251,nahaig,nahaig
1,0.000687290900054429,nahaig,nahaig
1,0.0009229311238868432,nahaig,nahaig
1,0.0007111786258601684,nahaig,nahaig
1,0.00042018341584511813,nahaig,nahaig
1,0.0007645974390305706,namull,namull
1,0.0009524660064238272,namull,namull
1,0.0011791646575004598,namull,namull
1,0.0010566835217413616,namull,namull
1,0.0009030842489919006,namull,namull
1,0.0009918604839770462,namull,namull
1,0.0009717616159843062,namull,namull
1,0.0007454782135474952,namull,namull
1,0.0010976286106905548,namull,namull
1,0.0016759035061955953,namull,namull
1,0.0007817562805407679,namull,namull
1,0.0015078756459669382,namull,namull
1,0.0006387614871999678,namull,namull
1,0.0009735230718894857,namull,namull
1,0.0010291446203809526,namull,namull
1,0.0007409130147414578,namull,namull
1,0.0006532263792180229,namull,namull
1,0.0007251068161428892,namull,namull
1,0.0011393797880152442,namull,namull
1,0.0003916229806628959,ndbank,ndbank
1,0.00036931079827714455,ndbank,ndbank
1,0.000357743583880854,ndbank,ndbank
1,0.00039504338992966406,ndbank,ndbank
1,0.0005885982043209053,ndbank,ndbank
1,0.00036741740929654813,ndbank,ndbank
1,0.0004340857694293494,ndbank,ndbank
1,0.0004710297271273753,ndbank,ndbank
1,0.0005148604730172153,ndbank,ndbank
1,0.0004539630734925075,ndbank,ndbank
1,0.0006542985063178768,ndbank,ndbank
1,0.0008933168302749835,ndbank,ndbank
1,0.001504726619811658,ndbank,ndbank
1,0.0006357047838123182,ndbank,ndbank
1,0.0004684081691419689,ndbank,ndbank
1,0.0004930998044490143,ndbank,ndbank
1,0.0004695048685093582,ndbank,ndbank
1,0.00041906607389755523,ndbank,ndbank
1,0.0004231878304761491,ndbank,ndbank
1,0.0007199716165651044,ndhagu,ndhagu
1,0.0005168310111470789,ndhagu,ndhagu
1,0.0005974793267944441,ndhagu,ndhagu
1,0.000624550654524533,ndhagu,ndhagu
1,0.0004912144265759627,ndhagu,ndhagu
1,0.0005820163526597696,ndhagu,ndhagu
1,0.00048427306148316845,ndhagu,ndhagu
1,0.0003877830467489202,ndhagu,ndhagu
1,0.0005145949703766812,ndhagu,ndhagu
1,0.00044968473110354733,ndhagu,ndhagu
1,0.0003241416544511395,ndhagu,ndhagu
1,0.0010761745119839724,ndhagu,ndhagu
1,0.000931555975522955,ndhagu,ndhagu
1,0.0018665072410011133,ndhagu,ndhagu
1,0.0022280158594136187,ndhagu,ndhagu
1,0.0020857566036110073,ndhagu,ndhagu
1,0.0013724873246083896,ndhagu,ndhagu
1,0.0007762183482284381,ndhagu,ndhagu
1,0.0005772297900447935,ndhagu,ndhagu
1,0.0004528707485409292,nhrams,nhrams
1,0.0004269794398105388,nhrams,nhrams
1,0.00023226184631643524,nhrams,nhrams
1,0.0002819482724892454,nhrams,nhrams
1,0.0003289120894750328,nhrams,nhrams
1,0.00035786174223608586,nhrams,nhrams
1,0.0003621452283704033,nhrams,nhrams
1,0.00036852502270006023,nhrams,nhrams
1,0.0003548963104613845,nhrams,nhrams
1,0.0003464948454322878,nhrams,nhrams
1,0.00032867838330022766,nhrams,nhrams
1,0.0008114749936592859,nhrams,nhrams
1,0.0005321253780847767,nhrams,nhrams
1,0.0008666656638371253,nhrams,nhrams
1,0.0009415982283761639,nhrams,nhrams
1,0.0005217326471177338,nhrams,nhrams
1,0.0004553720525956679,nhrams,nhrams
1,0.00040584519455009153,nhrams,nhrams
1,0.0004470146413994428,nhrams,nhrams
1,0.0004631310792973979,njmoor,njmoor
1,0.0004929363679662102,njmoor,njmoor
1,0.0006711530759632083,njmoor,njmoor
1,0.0006846054517706511,njmoor,njmoor
1,0.0006204354709102691,njmoor,njmoor
1,0.0005890483287070105,njmoor,njmoor
1,0.0006666531866281097,njmoor,njmoor
1,0.0006558539113423344,njmoor,njmoor
1,0.0006557088867531736,njmoor,njmoor
1,0.0005704723544958833,njmoor,njmoor
1,0.0004577233163466663,njmoor,njmoor
1,0.0014753025643255686,njmoor,njmoor
1,0.0020195626767953263,njmoor,njmoor
1,0.002740732715109183,njmoor,njmoor
1,0.0008191593214987784,njmoor,njmoor
1,0.0009861716216573797,njmoor,njmoor
1,0.000813047293162361,njmoor,njmoor
1,0.000769703906745943,njmoor,njmoor
1,0.0005299121328342907,njmoor,njmoor
1,0.0008912785001162537,npbour,npbour
1,0.0008640619990503098,npbour,npbour
1,0.0006639718771140127,npbour,npbour
1,0.0006554632023657779,npbour,npbour
1,0.0007513732542770049,npbour,npbour
1,0.0007770066468079705,npbour,npbour
1,0.0006695558482624205,npbour,npbour
1,0.0006485120432013337,npbour,npbour
1,0.0007941547001053257,npbour,npbour
1,0.0008428290565049263,npbour,npbour
1,0.000645856245659883,npbour,npbour
1,0.0015563065915802851,npbour,npbour
1,0.001344783473483755,npbour,npbour
1,0.0015919306508643796,npbour,npbour
1,0.001690948941100142,npbour,npbour
1,0.00139257345074938,npbour,npbour
1,0.0016104054195858017,npbour,npbour
1,0.0006050306152832314,npbour,npbour
1,0.0005789041000548058,npbour,npbour
1,0.00031058132331294867,npmitc,npmitc
1,0.00030863144142740035,npmitc,npmitc
1,0.0003256611689945365,npmitc,npmitc
1,0.00031538598380478325,npmitc,npmitc
1,0.0003549780902067128,npmitc,npmitc
1,0.00036413911877981376,npmitc,npmitc
1,0.00037864882304535624,npmitc,npmitc
1,0.0002882736995277488,npmitc,npmitc
1,0.0006197083583475976,npmitc,npmitc
1,0.00048178830154166916,npmitc,npmitc
1,0.000348536895402868,npmitc,npmitc
1,0.00035689522864059884,npmitc,npmitc
1,0.00032719992724265735,npmitc,npmitc
1,0.00033547367128030747,npmitc,npmitc
1,0.00029196650720550687,npmitc,npmitc
1,0.00031482149976889664,npmitc,npmitc
1,0.00031186654927533106,npmitc,npmitc
1,0.0003019733508337937,npmitc,npmitc
1,0.0002898577549055488,npmitc,npmitc
1,0.0006552931679083364,nrclar,nrclar
1,0.000544150720824461,nrclar,nrclar
1,0.0006142525384575401,nrclar,nrclar
1,0.0010206858157678466,nrclar,nrclar
1,0.001061812876825646,nrclar,nrclar
1,0.0009270548709524885,nrclar,nrclar
1,0.000804806803588735,nrclar,nrclar
1,0.0006396021229594832,nrclar,nrclar
1,0.0007971983211821595,nrclar,nrclar
1,0.001213510869317707,nrclar,nrclar
1,0.0008448999797164837,nrclar,nrclar
1,0.00227937555527968,nrclar,nrclar
1,0.001916694716107991,nrclar,nrclar
1,0.0027147050788572506,nrclar,nrclar
1,0.003592276006041396,nrclar,nrclar
1,0.0026565818491134413,nrclar,nrclar
1,0.0012113995073082778,nrclar,nrclar
1,0.0016518086911453296,nrclar,nrclar
1,0.000867398901597355,nrclar,nrclar
1,0.001015104798520109,nrrbar,nrrbar
1,0.0010368111467138215,nrrbar,nrrbar
1,0.0008109309214586703,nrrbar,nrrbar
1,0.0007245551211886823,nrrbar,nrrbar
1,0.0009187784844489627,nrrbar,nrrbar
1,0.000890319296577068,nrrbar,nrrbar
1,0.0012862927564651803,nrrbar,nrrbar
1,0.0009336166391047037,nrrbar,nrrbar
1,0.0009389600273512209,nrrbar,nrrbar
1,0.0008933621696434801,nrrbar,nrrbar
1,0.0006934175511181513,nrrbar,nrrbar
1,0.0011589656028287748,nrrbar,nrrbar
1,0.0010462556286820134,nrrbar,nrrbar
1,0.001112292615014085,nrrbar,nrrbar
1,0.000498368961143344,nrrbar,nrrbar
1,0.0015522398269090098,nrrbar,nrrbar
1,0.0012356968767100705,nrrbar,nrrbar
1,0.0011174181238504065,nrrbar,nrrbar
1,0.0010016651663660079,nrrbar,nrrbar
1,0.0005259739108239178,nwilli,nwilli
1,0.0005609923674345262,nwilli,nwilli
1,0.000660800722028215,nwilli,nwilli
1,0.0005433653337407302,nwilli,nwilli
1,0.0006859798519723981,nwilli,nwilli
1,0.0006758088751257616,nwilli,nwilli
1,0.0006478770373506626,nwilli,nwilli
1,0.0008012753329367741,nwilli,nwilli
1,0.0007488369714926821,nwilli,nwilli
1,0.0007379500774607416,nwilli,nwilli
1,0.0007914551657382835,nwilli,nwilli
1,0.001349178014107145,nwilli,nwilli
1,0.0016269379676720737,nwilli,nwilli
1,0.0012576493298868477,nwilli,nwilli
1,0.0009026123509729968,nwilli,nwilli
1,0.0011455809850872453,nwilli,nwilli
1,0.000912530765505959,nwilli,nwilli
1,0.0007762403850031928,nwilli,nwilli
1,0.00047866003371857714,nwilli,nwilli
1,0.0009724407160416299,ohpark,ohpark
1,0.0005598380328092471,ohpark,ohpark
1,0.0006592002501319313,ohpark,ohpark
1,0.0006557455368669318,ohpark,ohpark
1,0.00048495881909738536,ohpark,ohpark
1,0.0004373166094691369,ohpark,ohpark
1,0.0004933609408118167,ohpark,ohpark
1,0.0005813547784558784,ohpark,ohpark
1,0.0006924804982938906,ohpark,ohpark
1,0.0007765410053269758,ohpark,ohpark
1,0.0005336528309260051,ohpark,ohpark
1,0.0021891806344253553,ohpark,ohpark
1,0.0031997779163078018,ohpark,ohpark
1,0.0010173417424059594,ohpark,ohpark
1,0.0010093483607554385,ohpark,ohpark
1,0.002351148527368177,ohpark,ohpark
1,0.0009355124473758907,ohpark,ohpark
1,0.0005675669786777976,ohpark,ohpark
1,0.0005957519854659284,ohpark,ohpark
1,0.0006163607542947915,pacole,pacole
1,0.000599897396684463,pacole,pacole
1,0.000762326577862985,pacole,pacole
1,0.0005463163620928317,pacole,pacole
1,0.0007917814061394323,pacole,pacole
1,0.0010001833716718322,pacole,pacole
1,0.00102067003799038,pacole,pacole
1,0.0007951419716935136,pacole,pacole
1,0.0007381368289231846,pacole,pacole
1,0.0006598012299706773,pacole,pacole
1,0.0009692558174671303,pacole,pacole
1,0.0017847891398576248,pacole,pacole
1,0.0009555304104064758,pacole,pacole
1,0.0010184251427349407,pacole,pacole
1,0.0015168937683200647,pacole,pacole
1,0.0015796389698862173,pacole,pacole
1,0.001284477762168254,pacole,pacole
1,0.0009042889329263375,pacole,pacole
1,0.000592083559612655,pacole,pacole
1,0.0002950151102963964,pmives,pmives
1,0.000355055201127629,pmives,pmives
1,0.00034031630091442355,pmives,pmives
1,0.00026853375469493805,pmives,pmives
1,0.00032604957830671845,pmives,pmives
1,0.00028860521653474174,pmives,pmives
1,0.00032182464303770323,pmives,pmives
1,0.0003483222280114393,pmives,pmives
1,0.00029729906132617716,pmives,pmives
1,0.0003412365821624895,pmives,pmives
1,0.0003451985411450599,pmives,pmives
1,0.000342322111089921,pmives,pmives
1,0.00035780567535555067,pmives,pmives
1,0.00029849814174996307,pmives,pmives
1,0.00027163330657969356,pmives,pmives
1,0.0002814974269370048,pmives,pmives
1,0.00031919390129219317,pmives,pmives
1,0.00030795119046633096,pmives,pmives
1,0.0003413381744478592,pmives,pmives
1,0.0006371777554742213,pshurr,pshurr
1,0.000865304697808371,pshurr,pshurr
1,0.0005155266618438511,pshurr,pshurr
1,0.0007785258973644312,pshurr,pshurr
1,0.0004734146504502561,pshurr,pshurr
1,0.0007768414911176805,pshurr,pshurr
1,0.0005700198521267641,pshurr,pshurr
1,0.0005323467060791791,pshurr,pshurr
1,0.0005720069742366515,pshurr,pshurr
1,0.0005638215502894765,pshurr,pshurr
1,0.0005017105091190549,pshurr,pshurr
1,0.0007058061198639535,pshurr,pshurr
1,0.0006296125743836698,pshurr,pshurr
1,0.0013105354553277879,pshurr,pshurr
1,0.0010565816073745075,pshurr,pshurr
1,0.0008482310183735433,pshurr,pshurr
1,0.0006138822953444437,pshurr,pshurr
1,0.0007239960684584711,pshurr,pshurr
1,0.0008717252978407545,pshurr,pshurr
1,0.0007664238264151866,pspliu,pspliu
1,0.0008054420923826511,pspliu,pspliu
1,0.0006085003442861355,pspliu,pspliu
1,0.0005682500187505511,pspliu,pspliu
1,0.0006923476284931466,pspliu,pspliu
1,0.0008046351581872752,pspliu,pspliu
1,0.0006827179904136471,pspliu,pspliu
1,0.0006073325818096918,pspliu,pspliu
1,0.0006136094603136346,pspliu,pspliu
1,0.0006089724590643134,pspliu,pspliu
1,0.000524365155742435,pspliu,pspliu
1,0.001592001753785212,pspliu,pspliu
1,0.001347884105450843,pspliu,pspliu
1,0.0009496877161771367,pspliu,pspliu
1,0.0010847540955060675,pspliu,pspliu
1,0.0008143985566080504,pspliu,pspliu
1,0.0009218920206010012,pspliu,pspliu
1,0.000576928506929681,pspliu,pspliu
1,0.0005366397617365663,pspliu,pspliu
1,0.0005112960207790054,ptnich,ptnich
1,0.0006218317844672554,ptnich,ptnich
1,0.0005578972553557493,ptnich,ptnich
1,0.0005918994684804876,ptnich,ptnich
1,0.0005496932613104971,ptnich,ptnich
1,0.0006100932960424534,ptnich,ptnich
1,0.0006514939075717642,ptnich,ptnich
1,0.000843936116597857,ptnich,ptnich
1,0.000588310286295089,ptnich,ptnich
1,0.0006900681919534046,ptnich,ptnich
1,0.0006224412274733158,ptnich,ptnich
1,0.001189242393692625,ptnich,ptnich
1,0.0025469248948954905,ptnich,ptnich
1,0.00198680621944697,ptnich,ptnich
1,0.002136999734136537,ptnich,ptnich
1,0.0014616160889932973,ptnich,ptnich
1,0.0016490035432542602,ptnich,ptnich
1,0.001163760211777718,ptnich,ptnich
1,0.0008078795205433678,ptnich,ptnich
1,0.0005281003751463388,rarobi,rarobi
1,0.0005308045675192399,rarobi,rarobi
1,0.000584925661690433,rarobi,rarobi
1,0.00033313123543400597,rarobi,rarobi
1,0.00031065527578000713,rarobi,rarobi
1,0.0003560985587075395,rarobi,rarobi
1,0.00031322571304052727,rarobi,rarobi
1,0.0003125173294106809,rarobi,rarobi
1,0.0002905948323878916,rarobi,rarobi
1,0.00023134143292436227,rarobi,rarobi
1,0.00032686485566899796,rarobi,rarobi
1,0.0016807372704318074,rarobi,rarobi
1,0.0008230574342360969,rarobi,rarobi
1,0.0008522103204406982,rarobi,rarobi
1,0.0007620990760770548,rarobi,rarobi
1,0.0003526981201928519,rarobi,rarobi
1,0.0002721558141867206,rarobi,rarobi
1,0.0003996710366847972,rarobi,rarobi
1,0.00038547709370014097,rarobi,rarobi
1,0.0006744592045496829,rgharr,rgharr
1,0.0008648449238604618,rgharr,rgharr
1,0.0007675801845224495,rgharr,rgharr
1,0.0006051140091411085,rgharr,rgharr
1,0.000586861789299486,rgharr,rgharr
1,0.000771977993864505,rgharr,rgharr
1,0.0004916547109326846,rgharr,rgharr
1,0.0005805428137041572,rgharr,rgharr
1,0.0005182076826448487,rgharr,rgharr
1,0.0004499749217906669,rgharr,rgharr
1,0.000600980821688221,rgharr,rgharr
1,0.000559055506002041,rgharr,rgharr
1,0.0008044051360813166,rgharr,rgharr
1,0.0007410723173516178,rgharr,rgharr
1,0.0010115100692193637,rgharr,rgharr
1,0.000984304655353425,rgharr,rgharr
1,0.002454543417364905,rgharr,rgharr
1,0.0011161923384652897,rgharr,rgharr
1,0.0005099311320874042,rgharr,rgharr
1,0.0006296698500391968,rgspru,rgspru
1,0.0007546203122533626,rgspru,rgspru
1,0.0004353963276123073,rgspru,rgspru
1,0.0004594324310195402,rgspru,rgspru
1,0.000445386451379547,rgspru,rgspru
1,0.00045558268387373184,rgspru,rgspru
1,0.0006783910881888934,rgspru,rgspru
1,0.00044938153015269946,rgspru,rgspru
1,0.0004931938214598377,rgspru,rgspru
1,0.0007037171675884389,rgspru,rgspru
1,0.0005648260144954837,rgspru,rgspru
1,0.0022883497711772946,rgspru,rgspru
1,0.0013548370404729618,rgspru,rgspru
1,0.0011452299377413644,rgspru,rgspru
1,0.0007014711983871054,rgspru,rgspru
1,0.0008579138114122013,rgspru,rgspru
1,0.0008345769709367777,rgspru,rgspru
1,0.0007624509128079634,rgspru,rgspru
1,0.000610101600123866,rgspru,rgspru
1,0.0004186368511274259,rjlabr,rjlabr
1,0.0005365071488112982,rjlabr,rjlabr
1,0.000465541242753556,rjlabr,rjlabr
1,0.0005927393517003725,rjlabr,rjlabr
1,0.0005302829440035783,rjlabr,rjlabr
1,0.0007832805692908773,rjlabr,rjlabr
1,0.0006102272602372739,rjlabr,rjlabr
1,0.000474973475743392,rjlabr,rjlabr
1,0.0005704990305689308,rjlabr,rjlabr
1,0.0005178809186290432,rjlabr,rjlabr
1,0.0007744352940575456,rjlabr,rjlabr
1,0.0008288920526561114,rjlabr,rjlabr
1,0.0004987868315600959,rjlabr,rjlabr
1,0.0007469475739714107,rjlabr,rjlabr
1,0.000674298482261342,rjlabr,rjlabr
1,0.00046391908077446814,rjlabr,rjlabr
1,0.0005123753031814153,rjlabr,rjlabr
1,0.0005205485069732708,rjlabr,rjlabr
1,0.0005815913529889562,rjlabr,rjlabr
1,0.00040588342994227043,rlocke,rlocke
1,0.0003701322350584246,rlocke,rlocke
1,0.00042334365068312795,rlocke,rlocke
1,0.0004952533247454907,rlocke,rlocke
1,0.0004417973071572546,rlocke,rlocke
1,0.000701357678292145,rlocke,rlocke
1,0.0005348380620083336,rlocke,rlocke
1,0.0006312630656062165,rlocke,rlocke
1,0.0006107090118315592,rlocke,rlocke
1,0.0006005031755121308,rlocke,rlocke
1,0.0006556451031899696,rlocke,rlocke
1,0.0018037600856625684,rlocke,rlocke
1,0.000979411457076074,rlocke,rlocke
1,0.000951765646606626,rlocke,rlocke
1,0.0006580519757811129,rlocke,rlocke
1,0.0005581422897468796,rlocke,rlocke
1,0.0005864931531615039,rlocke,rlocke
1,0.00024274277118546063,rlocke,rlocke
1,0.0002180995304959911,rlocke,rlocke
1,0.000784355783535806,rmcoll,rmcoll
1,0.0006539550087517462,rmcoll,rmcoll
1,0.000614203662625724,rmcoll,rmcoll
1,0.0007733709712248654,rmcoll,rmcoll
1,0.0006647051372222266,rmcoll,rmcoll
1,0.0006650537779625583,rmcoll,rmcoll
1,0.0008552758583066287,rmcoll,rmcoll
1,0.0007689919360940302,rmcoll,rmcoll
1,0.0007916813731461798,rmcoll,rmcoll
1,0.0007039837400836919,rmcoll,rmcoll
1,0.0007642321539253026,rmcoll,rmcoll
1,0.0017454479114646024,rmcoll,rmcoll
1,0.0012811784729792957,rmcoll,rmcoll
1,0.001536176831258285,rmcoll,rmcoll
1,0.0013411426525208206,rmcoll,rmcoll
1,0.0020444735933712256,rmcoll,rmcoll
1,0.0021100316867239833,rmcoll,rmcoll
1,0.0011773444272084167,rmcoll,rmcoll
1,0.0007776361520303628,rmcoll,rmcoll
1,0.0002939232892319252,rmpugh,rmpugh
1,0.000323298550676782,rmpugh,rmpugh
1,0.0003378796989260433,rmpugh,rmpugh
1,0.0003073616138282374,rmpugh,rmpugh
1,0.00029168965848243436,rmpugh,rmpugh
1,0.00034325747101044676,rmpugh,rmpugh
1,0.0003876621398198201,rmpugh,rmpugh
1,0.0004528546958257559,rmpugh,rmpugh
1,0.0003494735256512065,rmpugh,rmpugh
1,0.00037778326952390664,rmpugh,rmpugh
1,0.0003701964773614883,rmpugh,rmpugh
1,0.0008474213008410304,rmpugh,rmpugh
1,0.0006325372474526547,rmpugh,rmpugh
1,0.000580889215259349,rmpugh,rmpugh
1,0.001594276175826551,rmpugh,rmpugh
1,0.0006769812117453356,rmpugh,rmpugh
1,0.0009122538651572787,rmpugh,rmpugh
1,0.00041704173329353033,rmpugh,rmpugh
1,0.00044117734663422193,rmpugh,rmpugh
1,0.0007736411830405032,rnpwil,rnpwil
1,0.0010523581762526986,rnpwil,rnpwil
1,0.0013935967915462003,rnpwil,rnpwil
1,0.000916715122959608,rnpwil,rnpwil
1,0.0007846476912844885,rnpwil,rnpwil
1,0.0011492902397835418,rnpwil,rnpwil
1,0.0009878667068099398,rnpwil,rnpwil
1,0.000827454303279723,rnpwil,rnpwil
1,0.0006559598344512253,rnpwil,rnpwil
1,0.0007049655638334295,rnpwil,rnpwil
1,0.0010285323886136488,rnpwil,rnpwil
1,0.0016901493563771584,rnpwil,rnpwil
1,0.0006703217070204711,rnpwil,rnpwil
1,0.0008877218544862576,rnpwil,rnpwil
1,0.0006889915197675334,rnpwil,rnpwil
1,0.000671332586296291,rnpwil,rnpwil
1,0.0007846214987800847,rnpwil,rnpwil
1,0.000964400899250485,rnpwil,rnpwil
1,0.0009641496176329436,rnpwil,rnpwil
1,0.0004336567835326095,rrowle,rrowle
1,0.0005188372282071598,rrowle,rrowle
1,0.00043095642563521883,rrowle,rrowle
1,0.00038330473853005515,rrowle,rrowle
1,0.00043329518402696423,rrowle,rrowle
1,0.0006398302514591624,rrowle,rrowle
1,0.0004285789349033474,rrowle,rrowle
1,0.0004278150379935011,rrowle,rrowle
1,0.0003443250492205942,rrowle,rrowle
1,0.0004519153203279207,rrowle,rrowle
1,0.00034278756454031954,rrowle,rrowle
1,0.00135794596488119,rrowle,rrowle
1,0.0008057286805376642,rrowle,rrowle
1,0.001152144896915105,rrowle,rrowle
1,0.0007621214811203235,rrowle,rrowle
1,0.0014954964443121322,rrowle,rrowle
1,0.0007871168926669034,rrowle,rrowle
1,0.0005629390537450944,rrowle,rrowle
1,0.0008469159296855868,rrowle,rrowle
1,0.000751435635345022,rsanti,rsanti
1,0.0002433532086231343,rsanti,rsanti
1,0.00039116888940384236,rsanti,rsanti
1,0.00042586265176926366,rsanti,rsanti
1,0.00045674526958624655,rsanti,rsanti
1,0.0004044059712606609,rsanti,rsanti
1,0.0003743381337739545,rsanti,rsanti
1,0.0002878526987348171,rsanti,rsanti
1,0.00046004800820634615,rsanti,rsanti
1,0.0003832289642648476,rsanti,rsanti
1,0.0004165984533109364,rsanti,rsanti
1,0.000680238924335332,rsanti,rsanti
1,0.0006491986920188444,rsanti,rsanti
1,0.0008475292222716302,rsanti,rsanti
1,0.0008202618188616018,rsanti,rsanti
1,0.0011536688125746302,rsanti,rsanti
1,0.000817991145821358,rsanti,rsanti
1,0.0011521625907397132,rsanti,rsanti
1,0.0009313302154903247,rsanti,rsanti
1,0.001345477289514415,saduah,saduah
1,0.0009363994030518609,saduah,saduah
1,0.0007817568355024197,saduah,saduah
1,0.0009014972404573159,saduah,saduah
1,0.000624985386606455,saduah,saduah
1,0.0011263057925328208,saduah,saduah
1,0.0005422966573227216,saduah,saduah
1,0.0006892743514406362,saduah,saduah
1,0.0006391340973976369,saduah,saduah
1,0.0005474177352074402,saduah,saduah
1,0.000584974393057155,saduah,saduah
1,0.0011419587772330138,saduah,saduah
1,0.0008569848182811601,saduah,saduah
1,0.0008473446245610361,saduah,saduah
1,0.0013650516713527518,saduah,saduah
1,0.002403239199341947,saduah,saduah
1,0.0022876942111384213,saduah,saduah
1,0.0005915483992856018,saduah,saduah
1,0.000578497122900479,saduah,saduah
1,0.0013471256094829101,saedwa,saedwa
1,0.0011483973607863006,saedwa,saedwa
1,0.0005001315848014688,saedwa,saedwa
1,0.0006649515363978724,saedwa,saedwa
1,0.0007721200083232232,saedwa,saedwa
1,0.0008122657299503625,saedwa,saedwa
1,0.0014749497288336385,saedwa,saedwa
1,0.0009116216930824562,saedwa,saedwa
1,0.0006123002012602623,saedwa,saedwa
1,0.0006196836199278848,saedwa,saedwa
1,0.0010289490022248162,saedwa,saedwa
1,0.0011177061183910398,saedwa,saedwa
1,0.0022132941284444597,saedwa,saedwa
1,0.0012553859710522463,saedwa,saedwa
1,0.0010297011322571797,saedwa,saedwa
1,0.0011280852323480883,saedwa,saedwa
1,0.0007593899961950492,saedwa,saedwa
1,0.0006841401371103299,saedwa,saedwa
1,0.0007941267486453478,saedwa,saedwa
1,0.0008326581339876726,sidick,sidick
1,0.0007117519378833076,sidick,sidick
1,0.001183283674486989,sidick,sidick
1,0.0009112243569276442,sidick,sidick
1,0.000725363376620907,sidick,sidick
1,0.0017830445135215084,sidick,sidick
1,0.0008123515400346747,sidick,sidick
1,0.0005843017184794916,sidick,sidick
1,0.0008638002494404083,sidick,sidick
1,0.0005440841170469728,sidick,sidick
1,0.0004924911352646823,sidick,sidick
1,0.0014647121519655436,sidick,sidick
1,0.0006088030440803215,sidick,sidick
1,0.0006901332322980808,sidick,sidick
1,0.0007748095522329796,sidick,sidick
1,0.0007067008136500386,sidick,sidick
1,0.0005562706649110648,sidick,sidick
1,0.0005453207456822293,sidick,sidick
1,0.0007808124265936748,sidick,sidick
1,0.0005881685108531662,sjbeck,sjbeck
1,0.0005692316068517045,sjbeck,sjbeck
1,0.001324275652689438,sjbeck,sjbeck
1,0.0008479579560175804,sjbeck,sjbeck
1,0.0010900531699430244,sjbeck,sjbeck
1,0.0005674751981939817,sjbeck,sjbeck
1,0.0004454858042467137,sjbeck,sjbeck
1,0.0004915622250773246,sjbeck,sjbeck
1,0.0005027842922515956,sjbeck,sjbeck
1,0.0005109529927460269,sjbeck,sjbeck
1,0.0005365966338923959,sjbeck,sjbeck
1,0.001499018189362063,sjbeck,sjbeck
1,0.0018094379076384636,sjbeck,sjbeck
1,0.002004599516492538,sjbeck,sjbeck
1,0.0012068302228262614,sjbeck,sjbeck
1,0.0012413744534849923,sjbeck,sjbeck
1,0.0018062775392191817,sjbeck,sjbeck
1,0.001339059549235373,sjbeck,sjbeck
1,0.0012578009885610593,sjbeck,sjbeck
1,0.0005033218475101833,skumar,skumar
1,0.0004202576174466476,skumar,skumar
1,0.00043146143631390136,skumar,skumar
1,0.0003445588829053336,skumar,skumar
1,0.00037362262559207396,skumar,skumar
1,0.00030836322589219533,skumar,skumar
1,0.0003100733524331577,skumar,skumar
1,0.0002950140272725395,skumar,skumar
1,0.00034467423335162464,skumar,skumar
1,0.0003229524392350104,skumar,skumar
1,0.00040020747152783726,skumar,skumar
1,0.000928294899347709,skumar,skumar
1,0.00043270762881342614,skumar,skumar
1,0.0006528041099780562,skumar,skumar
1,0.00039761461680934006,skumar,skumar
1,0.00048763740744655167,skumar,skumar
1,0.0008269368755742213,skumar,skumar
1,0.0004875311333484998,skumar,skumar
1,0.0005683218258694289,skumar,skumar
1,0.0003658092565245824,smrobb,smrobb
1,0.0003544865112896695,smrobb,smrobb
1,0.0002634423055818814,smrobb,smrobb
1,0.0002903223374999906,smrobb,smrobb
1,0.00034778638011975847,smrobb,smrobb
1,0.0002851877353771208,smrobb,smrobb
1,0.0005392126505050342,smrobb,smrobb
1,0.0003784549495684181,smrobb,smrobb
1,0.0005490351621934765,smrobb,smrobb
1,0.0003654701876294589,smrobb,smrobb
1,0.000507160407554487,smrobb,smrobb
1,0.0012413232053668614,smrobb,smrobb
1,0.0009343615352629134,smrobb,smrobb
1,0.0012123940621118678,smrobb,smrobb
1,0.0014350549014527912,smrobb,smrobb
1,0.00079604351890364,smrobb,smrobb
1,0.0008392748701545338,smrobb,smrobb
1,0.0009343885466828615,smrobb,smrobb
1,0.00026650825584732834,smrobb,smrobb
1,0.0006900093191959907,spletc,spletc
1,0.0005937264630004308,spletc,spletc
1,0.0003145142233730547,spletc,spletc
1,0.0004481626140132789,spletc,spletc
1,0.00045554550588733573,spletc,spletc
1,0.00052835849344857,spletc,spletc
1,0.0003981447109434872,spletc,spletc
1,0.0003327244545377206,spletc,spletc
1,0.00033592024309156226,spletc,spletc
1,0.0005987752547813357,spletc,spletc
1,0.0011954115878445057,spletc,spletc
1,0.0009854123200729362,spletc,spletc
1,0.0015241916276540347,spletc,spletc
1,0.0005477356868211388,spletc,spletc
1,0.0006576269793738466,spletc,spletc
1,0.0005136719052271973,spletc,spletc
1,0.0006830272605771769,spletc,spletc
1,0.0004507854218002052,spletc,spletc
1,0.00031663100655190534,spletc,spletc
1,0.0006210626824180155,svkriz,svkriz
1,0.00045004676666347284,svkriz,svkriz
1,0.0005034438058580831,svkriz,svkriz
1,0.0008960397690032913,svkriz,svkriz
1,0.00037802030873177096,svkriz,svkriz
1,0.00039602882629935894,svkriz,svkriz
1,0.0004378256415311487,svkriz,svkriz
1,0.0003812450260416159,svkriz,svkriz
1,0.00040147419285397023,svkriz,svkriz
1,0.0003672785449071981,svkriz,svkriz
1,0.00037117532649970787,svkriz,svkriz
1,0.0009226033118486304,svkriz,svkriz
1,0.0004535727820144493,svkriz,svkriz
1,0.0007763438502629744,svkriz,svkriz
1,0.0010239430379034627,svkriz,svkriz
1,0.0007944789084780969,svkriz,svkriz
1,0.0007050530211762925,svkriz,svkriz
1,0.0006889334140611834,svkriz,svkriz
1,0.0004830330462891386,svkriz,svkriz
1,0.0005743021324495544,swewin,swewin
1,0.0005544059945531744,swewin,swewin
1,0.0004423908348053526,swewin,swewin
1,0.000512586774874154,swewin,swewin
1,0.00042109285126972054,swewin,swewin
1,0.00044169562353707097,swewin,swewin
1,0.0004135237126101686,swewin,swewin
1,0.000562250314019505,swewin,swewin
1,0.00037711624585686366,swewin,swewin
1,0.0007091195916753076,swewin,swewin
1,0.0005750198073716058,swewin,swewin
1,0.00046650543675727974,swewin,swewin
1,0.0004403352543193352,swewin,swewin
1,0.0008897492113522501,swewin,swewin
1,0.0006642843717768741,swewin,swewin
1,0.0005618190626687114,swewin,swewin
1,0.0005451984874251459,swewin,swewin
1,0.0004959201458790259,swewin,swewin
1,0.0004973760199830273,swewin,swewin
1,0.0005376903351360484,swsmit,swsmit
1,0.0004774100157879132,swsmit,swsmit
1,0.0005707249660064284,swsmit,swsmit
1,0.0007408465354621657,swsmit,swsmit
1,0.00046250186464632246,swsmit,swsmit
1,0.0007101417765228513,swsmit,swsmit
1,0.0004476407315676602,swsmit,swsmit
1,0.0005613561640470513,swsmit,swsmit
1,0.0005686960191843541,swsmit,swsmit
1,0.0005175028402919659,swsmit,swsmit
1,0.0005469265415704752,swsmit,swsmit
1,0.0011459118620881724,swsmit,swsmit
1,0.0014363349861097729,swsmit,swsmit
1,0.0007640498662023971,swsmit,swsmit
1,0.0009211640572954943,swsmit,swsmit
1,0.0017322266353762038,swsmit,swsmit
1,0.0006686816469842191,swsmit,swsmit
1,0.0010037002291772425,swsmit,swsmit
1,0.00042697305404504896,swsmit,swsmit
1,0.0007916056490736503,vpsavo,vpsavo
1,0.0006306784066246329,vpsavo,vpsavo
1,0.00045696511391120256,vpsavo,vpsavo
1,0.00043820599422675935,vpsavo,vpsavo
1,0.0003456045889432827,vpsavo,vpsavo
1,0.00042935024592896296,vpsavo,vpsavo
1,0.00039678572382907006,vpsavo,vpsavo
1,0.0003547271888509453,vpsavo,vpsavo
1,0.0004560827037486119,vpsavo,vpsavo
1,0.0003748247041852098,vpsavo,vpsavo
1,0.0003524626683246914,vpsavo,vpsavo
1,0.0024041286641019784,vpsavo,vpsavo
1,0.0016961898116589933,vpsavo,vpsavo
1,0.0022389750662809575,vpsavo,vpsavo
1,0.0014367437014764497,vpsavo,vpsavo
1,0.0027395384723535128,vpsavo,vpsavo
1,0.001125335700635792,vpsavo,vpsavo
1,0.0015874187917720734,vpsavo,vpsavo
1,0.0015183133768209753,vpsavo,vpsavo
1,0.0003092583073486992,whussa,whussa
1,0.00027606232469165387,whussa,whussa
0,0,unknown,whussa
1,0.0002924356452935022,whussa,whussa
1,0.00034371842243983324,whussa,whussa
1,0.0003218960584608925,whussa,whussa
1,0.0003116153554209271,whussa,whussa
1,0.00026730415139358495,whussa,whussa
1,0.00039389141173784656,whussa,whussa
1,0.0002636317385616525,whussa,whussa
1,0.0004655934773909724,whussa,whussa
1,0.0006918990526474802,whussa,whussa
1,0.00034732128048305095,whussa,whussa
1,0.0003236707880218327,whussa,whussa
1,0.00038926290494821866,whussa,whussa
1,0.0003546067588420434,whussa,whussa
1,0.0003693592928854028,whussa,whussa
1,0.0002691810012147181,whussa,whussa
1,0.0003111928993888892,whussa,whussa
1,0.0007939361213144567,wjalbe,wjalbe
1,0.0009066735889600578,wjalbe,wjalbe
1,0.0006400242080925888,wjalbe,wjalbe
1,0.000846666409520157,wjalbe,wjalbe
1,0.0008251809360331637,wjalbe,wjalbe
1,0.000862919270034386,wjalbe,wjalbe
1,0.0005888205170550556,wjalbe,wjalbe
1,0.0006885721322736749,wjalbe,wjalbe
1,0.00070602461058287,wjalbe,wjalbe
1,0.0007231839419428433,wjalbe,wjalbe
1,0.000529422304640369,wjalbe,wjalbe
1,0.001198033432320777,wjalbe,wjalbe
1,0.0012211579487653287,wjalbe,wjalbe
1,0.0011206506181789084,wjalbe,wjalbe
1,0.0014418536327091358,wjalbe,wjalbe
1,0.0012874815944705401,wjalbe,wjalbe
1,0.0011364249362183303,wjalbe,wjalbe
1,0.0014004418257234819,wjalbe,wjalbe
1,0.0007058478516669736,wjalbe,wjalbe
