1,0.0002003558375619544,9326871,9326871
1,0.00017967363661826961,9326871,9326871
1,0.00020201683850196853,9326871,9326871
1,0.00019759354640148767,9326871,9326871
1,0.00020092207747868463,9326871,9326871
1,0.0001928502150670385,9326871,9326871
1,0.00019745599339616678,9326871,9326871
1,0.00020652662653503626,9326871,9326871
1,0.00020210957510527106,9326871,9326871
1,0.0002002503715864712,9326871,9326871
1,0.000192020500469364,9326871,9326871
1,0.00019685248651534225,9326871,9326871
1,0.0001898810985928024,9326871,9326871
1,0.00018663444454244957,9326871,9326871
1,0.00018413365434947443,9326871,9326871
1,0.00018691842659075903,9326871,9326871
1,0.00019416247995573607,9326871,9326871
1,0.00019408386202229017,9326871,9326871
1,0.00020769051336623785,9326871,9326871
0,0.00016316861465035394,cjsake,9332898
0,0.00016386282783587415,cjsake,9332898
0,0.00016085827719029095,cjsake,9332898
0,0.000163939646245634,cjsake,9332898
0,0.00016646082481122597,cjsake,9332898
0,0.00016297131228545708,cjsake,9332898
0,0.0001615045582510639,cjsake,9332898
0,0.00016922997235912276,cjsake,9332898
0,0.00016654785172328992,cjsake,9332898
0,0.0001636579532702869,cjsake,9332898
0,0.0001613648058794348,cjsake,9332898
0,0.00016377258581992538,cjsake,9332898
0,0.0001599726455682857,cjsake,9332898
0,0.00016023049634834865,cjsake,9332898
0,0.0001576226709963353,cjsake,9332898
0,0.00016371206959753457,cjsake,9332898
0,0.00016093384637694196,cjsake,9332898
0,0.00016326594723402356,cjsake,9332898
0,0.00016696777164886182,cjsake,9332898
0,0.000182287537141172,khughe,9338446
0,0.00017241724018383852,khughe,9338446
0,0.00016727685168248105,khughe,9338446
0,0.00017091114529156455,khughe,9338446
0,0.0001743371928192775,khughe,9338446
0,0.00016828437624608663,khughe,9338446
0,0.00016619126347974518,mjhans,9338446
0,0.00017593333744909522,khughe,9338446
0,0.00018548393109092855,khughe,9338446
0,0.00018393354283049112,khughe,9338446
0,0.00018366910732908685,khughe,9338446
1,0.00018805780113434484,9338446,9338446
1,0.0001869781436733762,9338446,9338446
1,0.00018150094285447672,9338446,9338446
1,0.00017328169097231537,9338446,9338446
1,0.00017015334731060197,9338446,9338446
1,0.00017236578869326072,9338446,9338446
1,0.00017424656053929288,9338446,9338446
0,0.0001770041656065538,mjhans,9338446
0,0.0001997249322508257,jmedin,9338454
0,0.0002082844403494784,jmedin,9338454
0,0.00021361519666687802,jmedin,9338454
0,0.00021030626213521786,jmedin,9338454
0,0.0002025216917350431,jmedin,9338454
0,0.00020620760370345065,jmedin,9338454
0,0.00021341851824333556,jmedin,9338454
0,0.00020653414302795604,jmedin,9338454
0,0.0002053269048072333,jmedin,9338454
0,0.000212526939046211,jmedin,9338454
0,0.0002069499839646693,jmedin,9338454
0,0.00020389405641024462,jmedin,9338454
0,0.0002078759902890738,jmedin,9338454
0,0.00021436967758213353,jmedin,9338454
0,0.0002075483805869563,jmedin,9338454
0,0.0002081708939568955,jmedin,9338454
0,0.00020794070092546564,jmedin,9338454
0,0.0002004178135889053,jmedin,9338454
0,0.00019836713851995605,jmedin,9338454
1,0.0002700805447164979,9338462,9338462
1,0.00025770191127868786,9338462,9338462
1,0.00025721031925476565,9338462,9338462
1,0.0002737306730596442,9338462,9338462
1,0.00027632395378562744,9338462,9338462
1,0.000271004016638262,9338462,9338462
1,0.00027518129622118397,9338462,9338462
1,0.0002700834047386345,9338462,9338462
1,0.0002693768409090634,9338462,9338462
0,0.0002663922051841441,npbour,9338462
1,0.00027646909324574636,9338462,9338462
1,0.0002694257492576533,9338462,9338462
1,0.00026496395632951537,9338462,9338462
1,0.0002657960859912246,9338462,9338462
0,0.0002640576136717914,rnpwil,9338462
1,0.0002676599185600877,9338462,9338462
1,0.00026430733750073854,9338462,9338462
1,0.00027349061637415456,9338462,9338462
1,0.00026774826209304854,9338462,9338462
0,0.00021608394544447837,vpsavo,9338489
0,0.00021411607735152092,vpsavo,9338489
0,0.00021342297427474658,vpsavo,9338489
0,0.00020522330598299687,rarobi,9338489
0,0.0002150295096451631,rarobi,9338489
0,0.00020543809955710828,vpsavo,9338489
1,0.0001989116608188355,9338489,9338489
0,0.0001993979879439286,vpsavo,9338489
1,0.00020579001736864712,9338489,9338489
1,0.000194428144374253,9338489,9338489
1,0.00018725970303307268,9338489,9338489
0,0.000214409791065206,rarobi,9338489
0,0.00021168194558954587,rarobi,9338489
0,0.00021533986856400885,rarobi,9338489
0,0.0002171198085697358,rarobi,9338489
0,0.00021230959578469267,rarobi,9338489
0,0.00020867021584302346,rarobi,9338489
0,0.00021383602889501988,vpsavo,9338489
0,0.00021181401440354514,vpsavo,9338489
0,0.00015453301766168285,cjdenn,9338497
0,0.00015596939713389906,cjdenn,9338497
0,0.00015388782799098953,cjdenn,9338497
0,0.00015691275840678292,cjdenn,9338497
0,0.0001590606284114738,cjdenn,9338497
0,0.00015502511030946608,cjdenn,9338497
0,0.0001581769321556026,cjdenn,9338497
0,0.00016036814693411787,cjdenn,9338497
0,0.00015590307531563222,cjdenn,9338497
0,0.00015219301250839909,cjdenn,9338497
0,0.00015323774040534725,cjdenn,9338497
0,0.00016255076597071114,cjdenn,9338497
0,0.0001614686995066285,cjdenn,9338497
0,0.00016377513844230694,cjdenn,9338497
0,0.00016973630416031518,cjdenn,9338497
0,0.00016953948946518775,cjdenn,9338497
0,0.00016229856149529122,cjdenn,9338497
0,0.00016372952829046751,cjdenn,9338497
0,0.00015596163132634085,cjdenn,9338497
0,0.00018481264380755698,njmoor,9338519
0,0.0001842436028396234,njmoor,9338519
0,0.00018321969081210507,njmoor,9338519
0,0.00018322844974118563,njmoor,9338519
0,0.00018384503581423398,njmoor,9338519
0,0.0001823474872302713,njmoor,9338519
0,0.00018336844810622918,njmoor,9338519
0,0.00018377809738584822,njmoor,9338519
0,0.00018133963211783988,njmoor,9338519
0,0.00018355393602360388,njmoor,9338519
0,0.00018311890502814354,njmoor,9338519
0,0.00019617836555518332,njmoor,9338519
0,0.00019253930537019133,njmoor,9338519
0,0.00019393420547271351,njmoor,9338519
0,0.00019155244756905143,njmoor,9338519
0,0.00018817954660499785,njmoor,9338519
0,0.00019010635688734823,njmoor,9338519
0,0.0001890651376285694,njmoor,9338519
0,0.00018913942424246294,njmoor,9338519
0,0.00020079994208887356,9416994,9338527
0,0.00020031864464185216,9416994,9338527
0,0.00020042081025354642,9416994,9338527
0,0.00020677281133287277,9416994,9338527
0,0.0002059138868677497,9416994,9338527
0,0.0002042561865880586,9416994,9338527
0,0.00020501310774825496,npbour,9338527
0,0.00020177907566388314,9416994,9338527
0,0.000204629490696045,npbour,9338527
0,0.0002050174364801333,npbour,9338527
0,0.0002062962757777001,npbour,9338527
0,0.00021133744493149854,npbour,9338527
0,0.00022073004767884499,npbour,9338527
0,0.00021597558752150682,npbour,9338527
0,0.00020935968054834042,npbour,9338527
0,0.00021487146123085933,npbour,9338527
0,0.00020494190312133744,9416994,9338527
0,0.0002109475456176616,npbour,9338527
0,0.00020434454497869335,npbour,9338527
0,0.000303271163493562,npbour,9338543
0,0.00031470635160708155,npbour,9338543
0,0.00030497879779028524,npbour,9338543
0,0,unknown,9338543
0,0.0003179554700181196,npbour,9338543
0,0,unknown,9338543
0,0.00032416654737629373,npbour,9338543
0,0.0003024461748900084,npbour,9338543
0,0.0003170202825650228,npbour,9338543
0,0.0003144834845168868,npbour,9338543
0,0.00032429248883001645,npbour,9338543
0,0.00029162590611919145,namull,9338543
0,0.00029177455350446905,npbour,9338543
0,0.0002957100806792443,npbour,9338543
0,0.0002903942970911289,namull,9338543
0,0.00030028119085950166,npbour,9338543
0,0.0002965138020576294,namull,9338543
0,0.0002905232640386075,npbour,9338543
0,0.00031105023733814377,npbour,9338543
0,0.0001611476070630031,khughe,9414649
0,0.0001605925865892285,khughe,9414649
0,0.00016130272904950351,khughe,9414649
1,0.00016060556180887614,9414649,9414649
0,0.00016204620257584252,khughe,9414649
0,0.00016707513049679995,khughe,9414649
0,0.00015895700402930642,khughe,9414649
0,0.0001625937224038186,khughe,9414649
0,0.00016384935661475464,khughe,9414649
0,0.00015846022029182482,khughe,9414649
0,0.0001607907930193075,khughe,9414649
0,0.00016206824061458207,khughe,9414649
0,0.00016387270728846845,khughe,9414649
0,0.00016054390165861637,khughe,9414649
1,0.00016213741585064835,9414649,9414649
0,0.0001620187226694758,khughe,9414649
0,0.00016224008796445863,khughe,9414649
0,0.0001605199396084358,khughe,9414649
0,0.0001621908694282989,khughe,9414649
1,0.0002450756856703073,9416994,9416994
1,0.00021606407833216136,9416994,9416994
1,0.00023033980047020675,9416994,9416994
0,0.00025399425834558007,npbour,9416994
1,0.0002464019552986476,9416994,9416994
0,0.0002816712919502914,npbour,9416994
0,0.0002610377783234034,npbour,9416994
0,0.0002949071765850796,npbour,9416994
0,0.0002738554450216295,npbour,9416994
0,0.00029948256118603124,npbour,9416994
1,0.00025971510537432097,9416994,9416994
1,0.00024577248754455703,9416994,9416994
0,0.0002481707879932822,npbour,9416994
1,0.000245660782301586,9416994,9416994
1,0.0002459901926416225,9416994,9416994
0,0.00025080566714110944,npbour,9416994
1,0.00024812148898201804,9416994,9416994
0,0.0002500459687450208,npbour,9416994
0,0.00025026216347660504,npbour,9416994
1,0.00025447977759047427,admars,admars
1,0.0002586797216860579,admars,admars
1,0.00025762680633049706,admars,admars
1,0.00024809446225492886,admars,admars
1,0.00024268846878412344,admars,admars
1,0.00024056657427020886,admars,admars
1,0.00023386003965521305,admars,admars
1,0.00023603365888591468,admars,admars
1,0.00024711302730450943,admars,admars
1,0.00024950294293993953,admars,admars
1,0.00025660853139303983,admars,admars
1,0.00024259766280984533,admars,admars
1,0.00025577953206082403,admars,admars
1,0.0002553405197616024,admars,admars
1,0.00025599516619787867,admars,admars
1,0.0002630495249366731,admars,admars
1,0.0002665972979170749,admars,admars
1,0.0002506020792024095,admars,admars
1,0.0002377244800870583,admars,admars
1,0.00041972427698187527,ahodki,ahodki
1,0.0003959323195794614,ahodki,ahodki
1,0.00040935448897710535,ahodki,ahodki
1,0.0004294606572308116,ahodki,ahodki
1,0.0004186584729594096,ahodki,ahodki
1,0.000418018773808273,ahodki,ahodki
1,0.0004430251867365135,ahodki,ahodki
1,0.0004047994035287666,ahodki,ahodki
1,0.00040770521002388887,ahodki,ahodki
1,0.0004069570963208691,ahodki,ahodki
1,0.00041393820203290265,ahodki,ahodki
1,0.0004899842171952289,ahodki,ahodki
1,0.00048707658015914904,ahodki,ahodki
1,0.000488909263195729,ahodki,ahodki
1,0.0004828261340870917,ahodki,ahodki
1,0.0004925620453652499,ahodki,ahodki
1,0.0004631420440641338,ahodki,ahodki
1,0.00047390345595979923,ahodki,ahodki
1,0.00045100787064812506,ahodki,ahodki
1,0.00016709839984163793,ajflem,ajflem
1,0.00016485401738862825,ajflem,ajflem
1,0.00016679306187595766,ajflem,ajflem
1,0.00017248498066462376,ajflem,ajflem
1,0.00016753906017316736,ajflem,ajflem
1,0.0001674383036044077,ajflem,ajflem
1,0.00016105103578327231,ajflem,ajflem
1,0.00016362448616417263,ajflem,ajflem
1,0.00017273352347026692,ajflem,ajflem
1,0.00017640032017948883,ajflem,ajflem
1,0.0001686813651459914,ajflem,ajflem
1,0.00016588856538551398,ajflem,ajflem
1,0.0001660856646381842,ajflem,ajflem
1,0.00016315551758919357,ajflem,ajflem
1,0.00016597361676229402,ajflem,ajflem
1,0.00016307833695075857,ajflem,ajflem
1,0.0001625340932888211,ajflem,ajflem
1,0.00016056794751791645,ajflem,ajflem
1,0.00016773020229833997,ajflem,ajflem
0,0.00029240302008150693,npbour,ajones
0,0.00027087331842345723,npbour,ajones
0,0.00028709211679507916,npbour,ajones
1,0.0002869946546580845,ajones,ajones
0,0.000292381704130891,npbour,ajones
0,0.00029448401935849297,npbour,ajones
0,0.00029944999562911385,npbour,ajones
0,0.0002949039800567313,npbour,ajones
0,0.0002904814007152,npbour,ajones
0,0.00028219292281914766,npbour,ajones
0,0.000284379703077818,npbour,ajones
0,0.0002800006366558552,npbour,ajones
0,0.00027884010013931403,npbour,ajones
0,0.00028102532217985746,npbour,ajones
0,0.00027775088434355406,npbour,ajones
0,0.00027834230010014417,npbour,ajones
0,0.00027578416310395217,npbour,ajones
0,0.00027845228106481123,npbour,ajones
0,0.0002871105725632895,npbour,ajones
0,0.0001981889319671255,khughe,ajsega
0,0.00019268209070391273,khughe,ajsega
0,0.00019444240119119923,khughe,ajsega
0,0.0001949178682651301,khughe,ajsega
0,0.00019392710674965698,khughe,ajsega
0,0.00019702454225811007,khughe,ajsega
0,0.0002029653091884929,khughe,ajsega
0,0.00019661994516813523,khughe,ajsega
0,0.00018793531460428516,khughe,ajsega
0,0.0001914458327187266,khughe,ajsega
0,0.00019826172199139845,khughe,ajsega
0,0.00019911667665227506,khughe,ajsega
0,0.00020177806953911967,khughe,ajsega
0,0.0001994301875801002,khughe,ajsega
0,0.00019467170308300427,khughe,ajsega
0,0.00020114240488249834,khughe,ajsega
0,0.00019948551780763605,khughe,ajsega
0,0.00019950884617092143,khughe,ajsega
0,0.00020343635990676691,khughe,ajsega
1,0.00016776776715986667,akatsi,akatsi
1,0.00016886913826516398,akatsi,akatsi
1,0.0001661972507570035,akatsi,akatsi
1,0.00016586002601600677,akatsi,akatsi
1,0.0001665792626758153,akatsi,akatsi
1,0.00016328270694801665,akatsi,akatsi
1,0.00016459981064872968,akatsi,akatsi
1,0.00016651972104054624,akatsi,akatsi
1,0.0001634984197801397,akatsi,akatsi
1,0.0001616909197553645,akatsi,akatsi
1,0.00015758646561058303,akatsi,akatsi
1,0.00016600497825194059,akatsi,akatsi
1,0.00016986520673444987,akatsi,akatsi
1,0.00016589697494611964,akatsi,akatsi
1,0.0001639308546413905,akatsi,akatsi
1,0.00016362089121737958,akatsi,akatsi
1,0.00016496393238619794,akatsi,akatsi
1,0.0001685828888222031,akatsi,akatsi
1,0.0001665464092659847,akatsi,akatsi
0,0.00022712938027514147,muthay,ambarw
0,0.00019847793290308363,muthay,ambarw
0,0.00020512670289182436,muthay,ambarw
0,0.00020364062061676005,muthay,ambarw
0,0.00020766874724255572,muthay,ambarw
0,0.00021391304911994196,muthay,ambarw
0,0.00021252285185346907,muthay,ambarw
0,0.00021421565676237435,muthay,ambarw
0,0.00020468757843654676,muthay,ambarw
0,0.00020713894166199412,muthay,ambarw
0,0.0002153212384670043,muthay,ambarw
0,0.00022000801998378058,muthay,ambarw
0,0.00020975476343182954,muthay,ambarw
0,0.00021488115925717425,muthay,ambarw
0,0.00021530958248640512,muthay,ambarw
0,0.00022803541120824917,muthay,ambarw
0,0.00021716138675018958,muthay,ambarw
0,0.0002321241827205369,muthay,ambarw
0,0.00022476145976454886,muthay,ambarw
1,0.00029640537636934836,asheal,asheal
1,0.0003102437424504284,asheal,asheal
1,0.00030990600396677573,asheal,asheal
1,0.00029079126178959124,asheal,asheal
1,0.0002952941476373465,asheal,asheal
1,0.0003014357315551529,asheal,asheal
1,0.0003098481226957755,asheal,asheal
1,0.0002952154777444094,asheal,asheal
1,0.00030208953617817837,asheal,asheal
1,0.0002857818905932753,asheal,asheal
1,0.0002957325275785876,asheal,asheal
1,0.0003017723098750922,asheal,asheal
1,0.0003031656405350159,asheal,asheal
1,0.0003005322055346201,asheal,asheal
1,0.00030982299755732317,asheal,asheal
1,0.00030631382372192173,asheal,asheal
1,0.00029440992834790845,asheal,asheal
1,0.0003052728156334354,asheal,asheal
1,0.00030116503425111284,asheal,asheal
1,0.00033531949831548067,bplyce,bplyce
1,0.000333775751364231,bplyce,bplyce
1,0.0003230605138429025,bplyce,bplyce
1,0.00033013222141613496,bplyce,bplyce
1,0.00033699403746225603,bplyce,bplyce
1,0.00033396341632878595,bplyce,bplyce
1,0.0003434202771181252,bplyce,bplyce
1,0.0003309583311944324,bplyce,bplyce
1,0.0003299391324194425,bplyce,bplyce
1,0.00033473785408100193,bplyce,bplyce
1,0.0003329899250496345,bplyce,bplyce
1,0.0003535224234769583,bplyce,bplyce
1,0.0003485968878523517,bplyce,bplyce
1,0.00034316931747490557,bplyce,bplyce
1,0.00034244837581438756,bplyce,bplyce
1,0.0003576745804106626,bplyce,bplyce
1,0.00035543861396187436,bplyce,bplyce
1,0.00034578715407133497,bplyce,bplyce
1,0.00034537833816114175,bplyce,bplyce
0,0.00020237655204727518,saedwa,cchris
0,0.0001973838345573694,saedwa,cchris
0,0.00019936094152243184,saedwa,cchris
0,0.00020024194987054012,saedwa,cchris
0,0.00019962583784238077,saedwa,cchris
0,0.0001950915412941023,saedwa,cchris
0,0.00019707188994520103,saedwa,cchris
0,0.00020221561712701824,saedwa,cchris
0,0.00019697016969832837,saedwa,cchris
0,0.0001977282092896012,saedwa,cchris
0,0.00019718261511974785,saedwa,cchris
0,0.0002001129863366991,saedwa,cchris
0,0.00019973760143650156,saedwa,cchris
0,0.00019920849085773378,saedwa,cchris
0,0.00019613233405400986,saedwa,cchris
0,0.00019835901463445335,saedwa,cchris
0,0.0002028233010691238,saedwa,cchris
0,0.00020164963992002485,saedwa,cchris
0,0.0002042110914285068,saedwa,cchris
0,0.00018869241941749332,dakram,ccjame
0,0.00018129178181737195,akatsi,ccjame
0,0.0001825844882750147,akatsi,ccjame
0,0.00017764953200913335,vpsavo,ccjame
0,0.0001821138972588312,akatsi,ccjame
0,0.00018527606142747566,vpsavo,ccjame
0,0.0001817015754743656,vpsavo,ccjame
0,0.00018919947079497972,rarobi,ccjame
0,0.00017909272081826968,vpsavo,ccjame
0,0.00018527278418668913,dakram,ccjame
0,0.00018035197277342145,dakram,ccjame
0,0.00019374680585140688,dakram,ccjame
0,0.00019597541337895786,dakram,ccjame
0,0.00019574121448918554,dakram,ccjame
0,0.00019397523948102804,dakram,ccjame
0,0.00019538154204020683,dakram,ccjame
0,0.00019082490187162214,dakram,ccjame
0,0.00019392718467273843,dakram,ccjame
0,0.0001928998103238062,dakram,ccjame
0,0.0003176057662629267,cshubb,cferdo
0,0.00031625949120920975,cshubb,cferdo
0,0.0003111717932190804,cshubb,cferdo
0,0.00030214616200578736,cshubb,cferdo
0,0.00030280507811977883,cshubb,cferdo
0,0.00030332331683311577,cshubb,cferdo
0,0.00031041015464569263,cshubb,cferdo
0,0.0003085912807199125,cshubb,cferdo
0,0.000312149125405801,cshubb,cferdo
0,0.00031012871205526887,cshubb,cferdo
0,0.00030662025226735145,cshubb,cferdo
0,0.00032073876564918814,cshubb,cferdo
0,0.00031871171564095183,cshubb,cferdo
0,0.0003167746299212683,cshubb,cferdo
0,0.00031586332364450095,cshubb,cferdo
0,0.0003214409811314496,cshubb,cferdo
0,0.0003185683698803762,cshubb,cferdo
0,0.0003170250841083004,cshubb,cferdo
0,0.00032590148630571555,cshubb,cferdo
1,0.00021735172253777404,cgboyc,cgboyc
1,0.00021151872381739939,cgboyc,cgboyc
1,0.00020170990717853336,cgboyc,cgboyc
1,0.00020129146607909004,cgboyc,cgboyc
1,0.00022285192860634634,cgboyc,cgboyc
1,0.00020664553619941507,cgboyc,cgboyc
1,0.00021499369235724136,cgboyc,cgboyc
1,0.0002199698154929562,cgboyc,cgboyc
1,0.0002136726261563108,cgboyc,cgboyc
1,0.00021809770349456417,cgboyc,cgboyc
1,0.00020004711555211558,cgboyc,cgboyc
1,0.00020168795841463716,cgboyc,cgboyc
1,0.00020121258254252936,cgboyc,cgboyc
1,0.00020821324305303878,cgboyc,cgboyc
1,0.00020445126991438316,cgboyc,cgboyc
1,0.00020513946585557597,cgboyc,cgboyc
1,0.00020523703439198835,cgboyc,cgboyc
1,0.00020964116833341976,cgboyc,cgboyc
1,0.00020263256889161202,cgboyc,cgboyc
0,0.00020420575634316323,ohpark,cjcarr
0,0.0002045051733411377,ohpark,cjcarr
0,0.00020270833701843045,ohpark,cjcarr
0,0.00019990546207021199,ohpark,cjcarr
0,0.00019795150486866866,gsreas,cjcarr
0,0.00019480146880470684,gsreas,cjcarr
0,0.0001973937750470494,ohpark,cjcarr
0,0.00020129569260657874,ohpark,cjcarr
0,0.0002026362550617833,ohpark,cjcarr
0,0.00019392672630414413,ohpark,cjcarr
0,0.00019554346618946158,ohpark,cjcarr
0,0.0001953288977761898,gsreas,cjcarr
0,0.00020223595849672323,gsreas,cjcarr
0,0.00019835314483846567,gsreas,cjcarr
0,0.00020184599092847835,gsreas,cjcarr
0,0.00019550821226528334,gsreas,cjcarr
0,0.000198485281270526,gsreas,cjcarr
0,0.00019812243938235064,gsreas,cjcarr
0,0.00020529410473875458,gsreas,cjcarr
0,0.00019416700724379405,khughe,cjdenn
0,0.0001962398155197819,khughe,cjdenn
0,0.00019079868818162174,khughe,cjdenn
1,0.00018831714202399228,cjdenn,cjdenn
0,0.00019339588756711436,khughe,cjdenn
0,0.00019363099851997344,khughe,cjdenn
0,0.00019394399545330838,khughe,cjdenn
0,0.00019512780895030148,khughe,cjdenn
0,0.0001879153195021368,khughe,cjdenn
0,0.00019248900337579423,khughe,cjdenn
0,0.00018488370685071308,khughe,cjdenn
0,0.00018042121385542008,khughe,cjdenn
0,0.0001799561681500102,khughe,cjdenn
0,0.00018218818934641895,khughe,cjdenn
0,0.0001816167288839542,khughe,cjdenn
0,0.00018480426807644762,khughe,cjdenn
0,0.0001839061437880735,khughe,cjdenn
0,0.00018570560624673682,khughe,cjdenn
1,0.00018787950454900586,cjdenn,cjdenn
1,0.00019421525324573503,cjsake,cjsake
1,0.00019596911741465276,cjsake,cjsake
1,0.00019681274262101618,cjsake,cjsake
1,0.0001917589110770436,cjsake,cjsake
1,0.00019937866251159862,cjsake,cjsake
1,0.0002025683367846971,cjsake,cjsake
1,0.0001865199667592555,cjsake,cjsake
1,0.00018880462718547333,cjsake,cjsake
1,0.00018884486951776077,cjsake,cjsake
1,0.00019809638784689377,cjsake,cjsake
1,0.00018839108134559478,cjsake,cjsake
1,0.00019015882654457907,cjsake,cjsake
1,0.00019270828939259286,cjsake,cjsake
0,0.00018912459670122612,npbour,cjsake
1,0.00018983868836767038,cjsake,cjsake
0,0.00018277891799978207,npbour,cjsake
1,0.00018548217295611283,cjsake,cjsake
1,0.00020040587701464606,cjsake,cjsake
1,0.0002062269574683603,cjsake,cjsake
0,0.0001712019768689956,sjbeck,cmkirk
0,0.00017130603007171132,cjsake,cmkirk
0,0.0001741519603207773,sjbeck,cmkirk
0,0.00017462259750386072,sjbeck,cmkirk
0,0.0001714069602549365,sjbeck,cmkirk
0,0.00017451034554452868,cjsake,cmkirk
0,0.00017396691895644353,cjsake,cmkirk
0,0.0001752216914695647,cjsake,cmkirk
0,0.0001748347160550301,sjbeck,cmkirk
0,0.0001733342464781588,cjsake,cmkirk
0,0.00017387667389624808,sjbeck,cmkirk
0,0.00016984256615826355,sjbeck,cmkirk
0,0.00016904849444688338,sjbeck,cmkirk
0,0.00016580601495657106,sjbeck,cmkirk
0,0.00016819901110531904,sjbeck,cmkirk
0,0.0001648896398430184,cjsake,cmkirk
0,0.00017226188491288634,sjbeck,cmkirk
0,0.0001699978429548779,sjbeck,cmkirk
0,0.00017062804466253304,sjbeck,cmkirk
0,0.00028765655090709345,pacole,csanch
0,0.00029140907177853067,pacole,csanch
0,0.0003095553445511277,pacole,csanch
0,0.00031287101831600637,pacole,csanch
0,0.0002949258310237177,pacole,csanch
0,0.0002895621635339169,pacole,csanch
0,0.0003034022566552077,pacole,csanch
0,0.00030788458932513835,pacole,csanch
0,0.0003076830919408641,cshubb,csanch
0,0.00031988890279889635,pacole,csanch
0,0.0002750676278195966,pacole,csanch
0,0.00029288287944074105,pacole,csanch
0,0.00029066572051509877,pacole,csanch
0,0.0002968759318984745,pacole,csanch
0,0.0002879521969816548,pacole,csanch
0,0.00027948659530640927,pacole,csanch
0,0.00027807480398697564,pacole,csanch
0,0.0002827399687285836,pacole,csanch
0,0.00029193727481127316,pacole,csanch
1,0.0005482295214435483,cshubb,cshubb
1,0.0005714569269000201,cshubb,cshubb
1,0.0005681157982142206,cshubb,cshubb
1,0.0005744012058759823,cshubb,cshubb
1,0.0005714870252530867,cshubb,cshubb
1,0.0005739933259615111,cshubb,cshubb
1,0.0005718674553720695,cshubb,cshubb
1,0.0005770905332809619,cshubb,cshubb
1,0.0005654997342684128,cshubb,cshubb
1,0.0005793347368429395,cshubb,cshubb
1,0.0005679627172478946,cshubb,cshubb
1,0.0005877998213861038,cshubb,cshubb
1,0.000601226229165991,cshubb,cshubb
1,0.0005894870858034543,cshubb,cshubb
1,0.0005898761114866815,cshubb,cshubb
1,0.0005946618728623674,cshubb,cshubb
1,0.0005790789487781036,cshubb,cshubb
1,0.0005762819499692831,cshubb,cshubb
1,0.0005849357173407248,cshubb,cshubb
0,0.00017599850569756357,dakram,cwchoi
0,0.00017503957476945888,dakram,cwchoi
0,0.0001751137773937176,dakram,cwchoi
0,0.00017254769255061592,khchan,cwchoi
0,0.00017271733441318531,dakram,cwchoi
0,0.00018031024295539887,khchan,cwchoi
0,0.00017576392282807478,khchan,cwchoi
0,0.0001755811848300652,khchan,cwchoi
0,0.000171461869085498,khchan,cwchoi
0,0.00017294828786801485,dakram,cwchoi
0,0.0001767749073252197,khchan,cwchoi
0,0.00017431556806794452,dakram,cwchoi
0,0.00017716608241274354,dakram,cwchoi
0,0.00017597569032612077,dakram,cwchoi
0,0.00017597725521126414,dakram,cwchoi
0,0.00018004188751924574,dakram,cwchoi
0,0.00018072109897228526,dakram,cwchoi
0,0.00017647013954449688,dakram,cwchoi
0,0.00017434911901376184,dakram,cwchoi
1,0.00031749600602299396,dagran,dagran
1,0.00030868714690570167,dagran,dagran
1,0.0003346830008066523,dagran,dagran
1,0.000329981896064131,dagran,dagran
1,0.00033083462479535533,dagran,dagran
1,0.0003299252377852589,dagran,dagran
1,0.0003256931564544269,dagran,dagran
1,0.00032784698654784544,dagran,dagran
1,0.00029631752494122616,dagran,dagran
1,0.0003284119044298032,dagran,dagran
1,0.0003304044693495777,dagran,dagran
1,0.0003131541086510694,dagran,dagran
1,0.0003132812471993867,dagran,dagran
1,0.0003250735473385189,dagran,dagran
1,0.0003273186030578819,dagran,dagran
1,0.00032107782634784824,dagran,dagran
1,0.0003196054038054954,dagran,dagran
1,0.0003082120427804053,dagran,dagran
1,0.00032596434267863995,dagran,dagran
1,0.00021319868281742928,dakram,dakram
1,0.00021371942448417998,dakram,dakram
1,0.0002153000186373026,dakram,dakram
1,0.00021075813445974937,dakram,dakram
1,0.00021539209027345602,dakram,dakram
1,0.00021512667307889882,dakram,dakram
1,0.00021180162974338698,dakram,dakram
1,0.0002128147616475113,dakram,dakram
1,0.00021282847947996856,dakram,dakram
1,0.00021609419744824797,dakram,dakram
1,0.00021227460302726325,dakram,dakram
1,0.00021087795919304736,dakram,dakram
1,0.0002143627765869946,dakram,dakram
1,0.00021210306573953258,dakram,dakram
1,0.00021095298580230004,dakram,dakram
1,0.00021226472255638813,dakram,dakram
1,0.00021150853539344313,dakram,dakram
1,0.00021102849255532987,dakram,dakram
1,0.00020868107511701333,dakram,dakram
0,0.0001797672103021886,khughe,dcbowe
0,0.00017695216404188492,khughe,dcbowe
0,0.00017966978035605094,khughe,dcbowe
0,0.00018089375536806218,khughe,dcbowe
0,0.00018173118039566994,khughe,dcbowe
0,0.00017768753402504678,khughe,dcbowe
0,0.00018255918995797394,khughe,dcbowe
0,0.0001816213900515061,khughe,dcbowe
0,0.0001791196443024348,khughe,dcbowe
0,0.00017958512496566584,khughe,dcbowe
0,0.0001817179828776899,khughe,dcbowe
0,0.00017393941533119843,khughe,dcbowe
0,0.0001744634326117649,vpsavo,dcbowe
0,0.0001724841297449374,khughe,dcbowe
0,0.00017230529296927957,vpsavo,dcbowe
1,0.00017115824165609474,dcbowe,dcbowe
0,0.00017353245695300997,vpsavo,dcbowe
0,0.00017104418437854647,vpsavo,dcbowe
0,0.0001746959251800223,vpsavo,dcbowe
0,0.0002476343924119142,saedwa,dioann
0,0.0002486452319568144,saedwa,dioann
0,0.0002497228066541459,saedwa,dioann
0,0.0002345662681081936,saedwa,dioann
0,0.00022364986806655817,saedwa,dioann
0,0.00022257914304716627,saedwa,dioann
0,0.00022430746500277511,saedwa,dioann
0,0.0002240205215390418,saedwa,dioann
0,0.00023293698018524752,saedwa,dioann
0,0.0002402017045255283,saedwa,dioann
0,0.00023350296911461496,saedwa,dioann
0,0.00024794387505260024,saedwa,dioann
0,0.0002492299108599842,saedwa,dioann
0,0.00024744619415544076,saedwa,dioann
0,0.000248363133207614,saedwa,dioann
0,0.0002422298726310926,saedwa,dioann
0,0.0002481802349088282,saedwa,dioann
0,0.00024659020731113574,saedwa,dioann
0,0.00023967937763140934,saedwa,dioann
1,0.00020900824411996665,djbirc,djbirc
1,0.00020307425636967752,djbirc,djbirc
1,0.00020224754534894186,djbirc,djbirc
1,0.0002017997798259629,djbirc,djbirc
1,0.00020113985788297356,djbirc,djbirc
1,0.0001928233849304131,djbirc,djbirc
1,0.00019660608097904389,djbirc,djbirc
1,0.00019731682910037492,djbirc,djbirc
1,0.00020891473208354226,djbirc,djbirc
1,0.00019392533184340387,djbirc,djbirc
1,0.00020082157414227998,djbirc,djbirc
1,0.00019598155788992636,djbirc,djbirc
1,0.00019709824678671857,djbirc,djbirc
1,0.00019893602413103688,djbirc,djbirc
1,0.00019919260328755826,djbirc,djbirc
1,0.00019850505712123564,djbirc,djbirc
1,0.00019976568325330766,djbirc,djbirc
1,0.00019993191436623803,djbirc,djbirc
1,0.00020174177791060517,djbirc,djbirc
0,0.00018525082772841262,gsreas,djhugh
0,0.00018735496796731907,gsreas,djhugh
0,0.00018464102930120012,gsreas,djhugh
0,0.0001879466185265152,gsreas,djhugh
0,0.0001847480455129193,gsreas,djhugh
0,0.00019326760926894942,gsreas,djhugh
0,0.00018862613614625663,gsreas,djhugh
0,0.00019013031830518166,gsreas,djhugh
0,0.00018473818633205086,gsreas,djhugh
0,0.0001843953239577957,gsreas,djhugh
0,0.00018665422539400404,npmitc,djhugh
0,0.0001836169150580897,gsreas,djhugh
0,0.0001824182613474153,gsreas,djhugh
0,0.0001836687943608842,gsreas,djhugh
0,0.00018247253842258935,gsreas,djhugh
0,0.00018394575530890556,gsreas,djhugh
0,0.00018625481149551606,gsreas,djhugh
0,0.00018517996417996942,gsreas,djhugh
0,0.00019271789650828904,ohpark,djhugh
0,0.00019155064117620338,dakram,djmart
0,0.00018739657269944342,dakram,djmart
0,0.00019319274862535863,dakram,djmart
0,0.00019250512899745767,dakram,djmart
0,0.0001981129252220419,dakram,djmart
0,0.00019908386019622883,dakram,djmart
0,0.0001986686120419852,dakram,djmart
0,0.00020308778697285552,dakram,djmart
0,0.0002010775876254133,dakram,djmart
0,0.00019997731624030277,dakram,djmart
0,0.0001966306724051258,dakram,djmart
0,0,unknown,djmart
0,0.00019645811750712607,dakram,djmart
0,0.00019741910408762025,dakram,djmart
0,0,unknown,djmart
0,0.00019459088442281956,dakram,djmart
0,0,unknown,djmart
0,0.00019538539762771983,dakram,djmart
0,0.0002008441542312568,dakram,djmart
0,0.00018386900209325244,gmwate,dmwest
0,0.00018184913627243346,vpsavo,dmwest
0,0.00017822650216853584,npmitc,dmwest
0,0.00017525330298766333,npmitc,dmwest
0,0.00018170715211384428,npmitc,dmwest
0,0.00018070190597506796,npmitc,dmwest
0,0.0001815348609269192,npmitc,dmwest
0,0.00018112899975349689,npmitc,dmwest
0,0.0001784269750325775,npmitc,dmwest
0,0.00018259484002071182,npmitc,dmwest
0,0.0001784633771164279,gmwate,dmwest
0,0.00017562587603417483,gmwate,dmwest
0,0.00017740721733727213,gmwate,dmwest
0,0.00018049507136899893,gmwate,dmwest
0,0.00018606150169012467,gmwate,dmwest
0,0.00018385412679684015,gmwate,dmwest
0,0.0001791221222555848,gmwate,dmwest
0,0.00017585585449667837,gmwate,dmwest
0,0.00017434727744587974,npmitc,dmwest
1,0.00016751000283692617,gdhatc,gdhatc
1,0.00017487448516355237,gdhatc,gdhatc
1,0.00016984645745846596,gdhatc,gdhatc
1,0.00016496380602838036,gdhatc,gdhatc
1,0.00017088009451806893,gdhatc,gdhatc
1,0.0001702134347379726,gdhatc,gdhatc
1,0.00016904600624254552,gdhatc,gdhatc
1,0.00017448967883198035,gdhatc,gdhatc
1,0.0001768296665460428,gdhatc,gdhatc
1,0.00018244112906645691,gdhatc,gdhatc
1,0.00017155158219797688,gdhatc,gdhatc
1,0.00016402733900684275,gdhatc,gdhatc
1,0.0001695026730490689,gdhatc,gdhatc
1,0.00017141909446637173,gdhatc,gdhatc
1,0.00016132305101423228,gdhatc,gdhatc
1,0.00016595455000543527,gdhatc,gdhatc
1,0.00017239789380016948,gdhatc,gdhatc
1,0.0001680399365465555,gdhatc,gdhatc
1,0.00017971041429387752,gdhatc,gdhatc
0,0.00021306722923199097,ggrego,ggeorg
0,0.00021499473187491767,ggrego,ggeorg
0,0.00021345409661924228,ggrego,ggeorg
0,0.0002148651681564077,ggrego,ggeorg
0,0.00021422717357657414,ggrego,ggeorg
0,0.0002113476256553612,npbour,ggeorg
0,0.00021199983158516001,ggrego,ggeorg
0,0.00021702920521649992,npbour,ggeorg
0,0.00021859309156750548,ggrego,ggeorg
0,0.00021447877786691716,ggrego,ggeorg
0,0.00021648308387690188,ggrego,ggeorg
0,0.0002114272737080742,npbour,ggeorg
0,0.00021322487897030063,ggrego,ggeorg
0,0.0002108892152820089,npbour,ggeorg
0,0.0002129598964356679,npbour,ggeorg
0,0.00021303016785056836,npbour,ggeorg
0,0.00021473992543898974,ggrego,ggeorg
0,0.0002152427240456048,ggrego,ggeorg
0,0.00021660358568225123,ggrego,ggeorg
1,0.00026297830367872374,ggrego,ggrego
1,0.0002647322753481855,ggrego,ggrego
1,0.0002557099601975325,ggrego,ggrego
1,0.0002564598006055302,ggrego,ggrego
1,0.0002637727544471307,ggrego,ggrego
1,0.000251718905889574,ggrego,ggrego
1,0.00024812795720399885,ggrego,ggrego
1,0.0002522275312064986,ggrego,ggrego
1,0.00025142336488896005,ggrego,ggrego
1,0.0002311740540711305,ggrego,ggrego
1,0.00023935131158349764,ggrego,ggrego
0,0.0002698210310880022,npbour,ggrego
0,0.0002698256595226629,npbour,ggrego
1,0.0002760065591159259,ggrego,ggrego
0,0.0002655629487622045,npbour,ggrego
1,0.00026611526922889605,ggrego,ggrego
1,0.0002597733449726842,ggrego,ggrego
0,0.00026037988067343477,npbour,ggrego
1,0.0002679889003823111,ggrego,ggrego
1,0.00033735238898980436,gjhero,gjhero
1,0.00035260786138063447,gjhero,gjhero
1,0.0003546298945843138,gjhero,gjhero
1,0.0003146969907900339,gjhero,gjhero
1,0.0003154688361823777,gjhero,gjhero
0,0.000321914391417278,ahodki,gjhero
1,0.0003172608673749156,gjhero,gjhero
1,0.0003227716119589469,gjhero,gjhero
1,0.00031197319996433676,gjhero,gjhero
1,0.0003116337005332646,gjhero,gjhero
1,0.0003201648604530185,gjhero,gjhero
1,0.00033093643363975447,gjhero,gjhero
1,0.000328417512761827,gjhero,gjhero
1,0.00033033598540069676,gjhero,gjhero
1,0.000328248001753337,gjhero,gjhero
1,0.00033867829012157707,gjhero,gjhero
1,0.0003423361057218687,gjhero,gjhero
1,0.00035051748698264475,gjhero,gjhero
1,0.00034234270270791566,gjhero,gjhero
1,0.0001977457753080739,gjnorm,gjnorm
0,0.00020232615360915967,khughe,gjnorm
0,0.00020849441421791942,khughe,gjnorm
0,0.00020682479886173114,khughe,gjnorm
0,0.00020671337433681027,khughe,gjnorm
0,0.0002058130271473973,khughe,gjnorm
0,0.00020447915830911826,khughe,gjnorm
0,0.00020515552037139728,ptnich,gjnorm
0,0.00019917359744830524,ptnich,gjnorm
0,0.00020725242756501868,ptnich,gjnorm
0,0.000207623810611927,ptnich,gjnorm
1,0.00018732032469496017,gjnorm,gjnorm
1,0.0001982902485265682,gjnorm,gjnorm
1,0.00020090215316812245,gjnorm,gjnorm
0,0.00018700823335375113,khughe,gjnorm
1,0.00019561146139621924,gjnorm,gjnorm
1,0.00019097008759491108,gjnorm,gjnorm
1,0.00018881000414041582,gjnorm,gjnorm
1,0.0001993868335070716,gjnorm,gjnorm
1,0.00019131811208172536,gmwate,gmwate
1,0.00019872651387300291,gmwate,gmwate
1,0.00018868901640164664,gmwate,gmwate
1,0.00019509192711389867,gmwate,gmwate
1,0.00019295822127366388,gmwate,gmwate
1,0.00019335542094032284,gmwate,gmwate
1,0.00019433941365234051,gmwate,gmwate
1,0.00019052778067789444,gmwate,gmwate
1,0.00019624820493181346,gmwate,gmwate
1,0.0001954203554584205,gmwate,gmwate
1,0.00019193277591295028,gmwate,gmwate
1,0.00019273126540546255,gmwate,gmwate
1,0.00019147247252514798,gmwate,gmwate
1,0.00019191884034097686,gmwate,gmwate
1,0.00019254381633532704,gmwate,gmwate
1,0.00019432696881661296,gmwate,gmwate
1,0.00018802314522525115,gmwate,gmwate
1,0.0001888953639828873,gmwate,gmwate
1,0.00019027283672879997,gmwate,gmwate
1,0.00027894367365409743,gpapaz,gpapaz
1,0.0002882078654911482,gpapaz,gpapaz
0,0.00030118381021166757,pacole,gpapaz
0,0.0003016710393720603,pacole,gpapaz
0,0.00029681935409530975,pacole,gpapaz
0,0.00029475110050660016,pacole,gpapaz
0,0.00029722402906980013,pacole,gpapaz
0,0.000303516619650892,pacole,gpapaz
0,0.00029982384681173657,pacole,gpapaz
0,0.00028780026600187065,pacole,gpapaz
0,0.0002956190386136681,pacole,gpapaz
0,0.0002933925638485779,nwilli,gpapaz
0,0.00028936853864091597,nwilli,gpapaz
0,0.00028656839767598384,nwilli,gpapaz
0,0.00028954072201228104,nwilli,gpapaz
0,0.00028560783431127085,pacole,gpapaz
0,0.0002902117749466735,nwilli,gpapaz
0,0.000298522639600299,nwilli,gpapaz
1,0.0002629878602059099,gpapaz,gpapaz
0,0.0001715187405518371,rlocke,gpsmit
0,0.0001671921414443059,rlocke,gpsmit
0,0.00017681606580133153,rlocke,gpsmit
0,0.00017325529445753185,rlocke,gpsmit
0,0.0001790531640519593,rlocke,gpsmit
0,0.00017208003295895693,rlocke,gpsmit
0,0.00017337818720440968,nrrbar,gpsmit
0,0.00017151533214260093,nrrbar,gpsmit
0,0.00017175302921665077,rlocke,gpsmit
0,0.0001753492057917273,rlocke,gpsmit
0,0.0001647852321351843,rlocke,gpsmit
0,0.00016546486986124135,rlocke,gpsmit
0,0.00016697204268063652,rlocke,gpsmit
0,0.00016646605461122365,rlocke,gpsmit
0,0.00016595363191231055,rlocke,gpsmit
0,0.00016771495370365426,rlocke,gpsmit
0,0.0001653319600055862,rlocke,gpsmit
0,0.0001682580652450312,rlocke,gpsmit
0,0.00017175735060662175,rlocke,gpsmit
1,0.0001824377043990887,gsreas,gsreas
0,0.0001826125698626648,kaatki,gsreas
0,0.0001835180131537452,kaatki,gsreas
0,0.0001807037942491725,kaatki,gsreas
0,0.00018877385201963165,kaatki,gsreas
0,0.00018070002531603437,kaatki,gsreas
0,0.00018589969532215698,kaatki,gsreas
0,0.00018605908637764272,kaatki,gsreas
0,0.00018013648873145996,kaatki,gsreas
0,0.0001829198043866436,kaatki,gsreas
0,0.0001785415937104078,npmitc,gsreas
0,0.00018039832748604738,kaatki,gsreas
0,0.000181638617370038,kaatki,gsreas
0,0.00018285446219243128,kaatki,gsreas
1,0.00018157031262433255,gsreas,gsreas
0,0.00018342829259089066,kaatki,gsreas
0,0.00017938257309815147,kaatki,gsreas
0,0.00018204335472328322,kaatki,gsreas
0,0.00018847270954251718,kaatki,gsreas
1,0.00020281825655841748,irdrew,irdrew
0,0.00020448334333292666,ggrego,irdrew
1,0.0002005395053315618,irdrew,irdrew
1,0.0001973450007622274,irdrew,irdrew
1,0.00020215400430903465,irdrew,irdrew
1,0.00020261279193305542,irdrew,irdrew
0,0.0001986467644069274,jmedin,irdrew
1,0.0002097353568146611,irdrew,irdrew
1,0.00019868162695280627,irdrew,irdrew
1,0.00020188742783556292,irdrew,irdrew
1,0.00019863359281269448,irdrew,irdrew
0,0.000202793378071428,jmedin,irdrew
0,0.00020516463926325017,jmedin,irdrew
0,0.00020397348464386023,jmedin,irdrew
0,0.00020086661269617446,jmedin,irdrew
0,0.00019766496880822213,jmedin,irdrew
0,0.00020531317110178998,jmedin,irdrew
0,0.00019820915268278972,jmedin,irdrew
0,0.00020007667347217594,jmedin,irdrew
1,0.00018327165100631463,jabins,jabins
1,0.00018615661930444785,jabins,jabins
1,0.00018596873427447865,jabins,jabins
0,0.0001831828368135703,jgloma,jabins
0,0.000184777628385714,khughe,jabins
0,0.0001840989975237768,khughe,jabins
0,0.00018820488560955233,npmitc,jabins
0,0.00018637955414180061,khughe,jabins
0,0.00019276538124442556,khughe,jabins
0,0.00018574149716546777,npmitc,jabins
0,0.00019238283346115852,npmitc,jabins
0,0.00018416051422240145,jgloma,jabins
0,0.00018497805423203708,npmitc,jabins
0,0.00018634072618379897,npmitc,jabins
0,0.0001868384959007046,npmitc,jabins
0,0.00018669426636098998,npmitc,jabins
0,0.00018848291154302692,rarobi,jabins
0,0.0001858078682945667,npmitc,jabins
0,0.00018740403647634184,npmitc,jabins
1,0.00017902324964051786,jagrif,jagrif
0,0.00017170153632673963,npmitc,jagrif
1,0.00017466456864145984,jagrif,jagrif
1,0.00017976497705160258,jagrif,jagrif
1,0.00017304314501375128,jagrif,jagrif
1,0.00017927640163061114,jagrif,jagrif
1,0.00017900938405572068,jagrif,jagrif
1,0.00016964838213951567,jagrif,jagrif
0,0.00017220000495077884,npmitc,jagrif
0,0.00017440949003261983,npmitc,jagrif
0,0.00016241594102612883,npmitc,jagrif
0,0.00016876334121447705,npmitc,jagrif
1,0.00016632630053490204,jagrif,jagrif
1,0.00016992700396297188,jagrif,jagrif
1,0.00017581768442510637,jagrif,jagrif
1,0.00017191117325412674,jagrif,jagrif
1,0.0001766260531755475,jagrif,jagrif
1,0.00017111716170804537,jagrif,jagrif
1,0.00017367408205533084,jagrif,jagrif
1,0.00039279795899246754,jcarte,jcarte
1,0.0003772740601852929,jcarte,jcarte
1,0.0004065327691028765,jcarte,jcarte
1,0.00041804197088555036,jcarte,jcarte
1,0.00040865209207513144,jcarte,jcarte
1,0.00036421734881369355,jcarte,jcarte
1,0.000367136802623477,jcarte,jcarte
1,0.0004014786933717494,jcarte,jcarte
1,0.0003913022507662844,jcarte,jcarte
1,0.0003758767977689264,jcarte,jcarte
1,0.0003905959881836283,jcarte,jcarte
1,0.0004226409220036744,jcarte,jcarte
1,0.0003886903275937052,jcarte,jcarte
1,0.0003671815174340751,jcarte,jcarte
1,0.00037780314685565005,jcarte,jcarte
1,0.000385489270480753,jcarte,jcarte
1,0.0003482370754937085,jcarte,jcarte
1,0.000365986696607874,jcarte,jcarte
1,0.0003792420817925933,jcarte,jcarte
0,0.0001720746424226208,jmedin,jdbenm
0,0.00017945753997431423,mjhans,jdbenm
0,0.00017708322408164755,mjhans,jdbenm
0,0.0001779317319858034,mjhans,jdbenm
0,0.00018620509873231803,mjhans,jdbenm
0,0.00017332726546974236,akatsi,jdbenm
0,0.00017667186935501985,mjhans,jdbenm
0,0.00017511261767427585,mjhans,jdbenm
0,0.00017801014752094046,mjhans,jdbenm
0,0.000174282782400717,mjhans,jdbenm
0,0.0001806624461938474,akatsi,jdbenm
0,0.00017493533880786493,akatsi,jdbenm
0,0.00017252216291283411,akatsi,jdbenm
0,0.00017845620378971559,mjhans,jdbenm
0,0.00017312650028466998,mjhans,jdbenm
0,0.00017142475009340838,mjhans,jdbenm
0,0.00017665231327950232,jmedin,jdbenm
0,0.00018225051593003932,rrowle,jdbenm
0,0.0001714715285384002,akatsi,jdbenm
1,0.00017553018129937985,jgloma,jgloma
1,0.0001742022394226791,jgloma,jgloma
1,0.0001733742461416671,jgloma,jgloma
1,0.00017665484914233744,jgloma,jgloma
1,0.00017288581605767405,jgloma,jgloma
1,0.00018064406930841658,jgloma,jgloma
1,0.00017506975776756538,jgloma,jgloma
1,0.00017534091012889763,jgloma,jgloma
1,0.00018015964916056064,jgloma,jgloma
1,0.00017496861337273624,jgloma,jgloma
1,0.00017626690044215447,jgloma,jgloma
0,0.00017592535020290902,cgboyc,jgloma
0,0.00017489255911839446,npmitc,jgloma
0,0.00017439552337837505,npmitc,jgloma
0,0.00017414648511332692,npmitc,jgloma
0,0.00017462645314948697,npmitc,jgloma
0,0.00017583861895182512,npmitc,jgloma
0,0.00017497669240627926,npmitc,jgloma
1,0.00017801029155058956,jgloma,jgloma
1,0.0003102116989332713,jlemon,jlemon
1,0.0003140814493780936,jlemon,jlemon
1,0.00031573605845004423,jlemon,jlemon
1,0.0003154419905668222,jlemon,jlemon
1,0.00030830025759145854,jlemon,jlemon
1,0.0003161571648366085,jlemon,jlemon
1,0.0003139736365397229,jlemon,jlemon
1,0.0003117329629171718,jlemon,jlemon
1,0.0003160025703814271,jlemon,jlemon
1,0.00031585777263948555,jlemon,jlemon
1,0.000316154196773062,jlemon,jlemon
1,0.00032292760442977016,jlemon,jlemon
1,0.0003104269285885478,jlemon,jlemon
0,0.0002928278154396387,npbour,jlemon
0,0.00029736608885052066,npbour,jlemon
0,0.0003011963867979595,npbour,jlemon
1,0.00030201983649730783,jlemon,jlemon
1,0.00031979050740772106,jlemon,jlemon
1,0.00032291761541044367,jlemon,jlemon
0,0.00023065085157694906,asheal,jmedin
1,0.00023420638511093372,jmedin,jmedin
1,0.00023235404752267944,jmedin,jmedin
1,0.00023190983144480293,jmedin,jmedin
1,0.00023762733125344494,jmedin,jmedin
1,0.0002317951164294579,jmedin,jmedin
1,0.0002312818589583864,jmedin,jmedin
1,0.00022885207520715627,jmedin,jmedin
1,0.00022779969024940813,jmedin,jmedin
1,0.00022676510269330427,jmedin,jmedin
1,0.00022797414872141196,jmedin,jmedin
1,0.0002360194565265458,jmedin,jmedin
1,0.00023891240383102527,jmedin,jmedin
1,0.00023656570019672975,jmedin,jmedin
1,0.0002383452211914977,jmedin,jmedin
1,0.00023631235216814913,jmedin,jmedin
1,0.0002359017930283544,jmedin,jmedin
1,0.0002342928703531792,jmedin,jmedin
0,0.00023469804038926066,asheal,jmedin
0,0.00019517039099084098,rarobi,jrtobi
0,0.0001989925313382972,npmitc,jrtobi
0,0.0001942220921005367,rarobi,jrtobi
0,0.00020047842937668154,rarobi,jrtobi
0,0.00021231873041237858,rarobi,jrtobi
0,0.00019585462282965197,rarobi,jrtobi
0,0.0002020675704419119,rarobi,jrtobi
0,0.00019955308193543757,rarobi,jrtobi
0,0.0002008330366356692,rarobi,jrtobi
0,0.0001903498896047273,rarobi,jrtobi
0,0.00019690120562520643,npmitc,jrtobi
0,0.0001911792429958923,rarobi,jrtobi
0,0.00019461561905729415,npmitc,jrtobi
0,0.0001928602012683991,npmitc,jrtobi
0,0.00019108423117137043,npmitc,jrtobi
0,0.00019014238926497377,rarobi,jrtobi
0,0.0001962707517726047,npmitc,jrtobi
0,0.00018756711358235172,npmitc,jrtobi
0,0.0001957452121152312,rarobi,jrtobi
1,0.00020320288750202614,kaatki,kaatki
1,0.00020774176188047839,kaatki,kaatki
1,0.00021112673389768274,kaatki,kaatki
1,0.00020667653666462247,kaatki,kaatki
1,0.00019838472013488517,kaatki,kaatki
1,0.0001998044843183311,kaatki,kaatki
1,0.00020335446831803102,kaatki,kaatki
1,0.0002005906198215435,kaatki,kaatki
1,0.0002024238332630353,kaatki,kaatki
0,0.00019534289616110782,njmoor,kaatki
1,0.00020640845789626986,kaatki,kaatki
1,0.00021047445673418142,kaatki,kaatki
1,0.00020982668482257759,kaatki,kaatki
1,0.0002084323349866243,kaatki,kaatki
1,0.00020696185490221732,kaatki,kaatki
1,0.00020479613769778783,kaatki,kaatki
1,0.00020686916272418573,kaatki,kaatki
1,0.00020504917773458978,kaatki,kaatki
1,0.00021378537554686834,kaatki,kaatki
1,0.00021419086466187314,kdjone,kdjone
1,0.0002093602899395197,kdjone,kdjone
1,0.00021479753373108827,kdjone,kdjone
1,0.00020698559906895294,kdjone,kdjone
1,0.00021408159550996916,kdjone,kdjone
1,0.00021112620619049668,kdjone,kdjone
1,0.00021281238208860486,kdjone,kdjone
1,0.00021082620226300103,kdjone,kdjone
1,0.00021749557512457918,kdjone,kdjone
1,0.00022347674513473293,kdjone,kdjone
1,0.00022452254815011208,kdjone,kdjone
1,0.00021521704567293372,kdjone,kdjone
1,0.0002070781004311234,kdjone,kdjone
1,0.0002129397996429517,kdjone,kdjone
1,0.00021577506911889176,kdjone,kdjone
1,0.00021190506122562412,kdjone,kdjone
1,0.00021642924440352088,kdjone,kdjone
1,0.00022101051464125312,kdjone,kdjone
1,0.00021225064922990967,kdjone,kdjone
1,0.00019408583254928516,khchan,khchan
0,0.00019107212460267519,rrowle,khchan
0,0.00019829319370598094,rrowle,khchan
1,0.00019004595652984363,khchan,khchan
1,0.0001928232791176853,khchan,khchan
0,0.00018935001463252216,rgharr,khchan
1,0.00019215128018571634,khchan,khchan
1,0.00018815389620802133,khchan,khchan
1,0.00019016116927743227,khchan,khchan
1,0.00019323133114191592,khchan,khchan
1,0.0001843274645775573,khchan,khchan
0,0.00019053491891192343,rrowle,khchan
1,0.0001981778443558988,khchan,khchan
1,0.00019685404072252577,khchan,khchan
1,0.00019323739426829227,khchan,khchan
1,0.00019072579552528097,khchan,khchan
1,0.00020326780589972773,khchan,khchan
0,0.0002014822613915992,rgharr,khchan
1,0.00019542314197701645,khchan,khchan
1,0.00020479254416172054,khughe,khughe
1,0.00021117941928990787,khughe,khughe
1,0.00020463311805088273,khughe,khughe
1,0.00020447153493886088,khughe,khughe
1,0.0002020726334782006,khughe,khughe
1,0.00019186696287855213,khughe,khughe
0,0.0001900798117335244,gmwate,khughe
0,0.00019013003457500787,gmwate,khughe
1,0.00019525785674336349,khughe,khughe
1,0.0002010426046779867,khughe,khughe
1,0.00020089501718925773,khughe,khughe
1,0.0002353428367407725,khughe,khughe
1,0.00024126488864117425,khughe,khughe
1,0.0002403788070938872,khughe,khughe
1,0.00024276578198861653,khughe,khughe
1,0.0002422086691092125,khughe,khughe
1,0.00023811174548286822,khughe,khughe
1,0.00023085165471909197,khughe,khughe
0,0.00019870324183832253,jgloma,khughe
1,0.00019815624499195595,kjwith,kjwith
1,0.0001993981761349681,kjwith,kjwith
1,0.00020166726887460633,kjwith,kjwith
1,0.0002007475116894993,kjwith,kjwith
1,0.00019333112943197283,kjwith,kjwith
1,0.00020010429990615318,kjwith,kjwith
1,0.00019493757981054827,kjwith,kjwith
1,0.00019585451591986352,kjwith,kjwith
1,0.00020157948131694655,kjwith,kjwith
1,0.00020004184852585546,kjwith,kjwith
1,0.00020123976920830575,kjwith,kjwith
1,0.00020528112780942765,kjwith,kjwith
1,0.00019374393876496886,kjwith,kjwith
1,0.00020277661112000852,kjwith,kjwith
1,0.00019817948309181366,kjwith,kjwith
1,0.00019871759343116578,kjwith,kjwith
1,0.00020095383773378834,kjwith,kjwith
1,0.00019279869609404983,kjwith,kjwith
1,0.00019811702397936975,kjwith,kjwith
1,0.000224157622062124,lejnno,lejnno
1,0.0002264495089726889,lejnno,lejnno
1,0.00023405244665696383,lejnno,lejnno
1,0.00023156651143546548,lejnno,lejnno
1,0.00023507636423409823,lejnno,lejnno
1,0.0002301623528506203,lejnno,lejnno
1,0.00022971086786069704,lejnno,lejnno
1,0.0002062401163979937,lejnno,lejnno
1,0.00019651226822110633,lejnno,lejnno
1,0.00020137067091394908,lejnno,lejnno
1,0.000202595880885858,lejnno,lejnno
1,0.00023030454692514203,lejnno,lejnno
1,0.00023183355234107598,lejnno,lejnno
1,0.0002334150570027598,lejnno,lejnno
1,0.0002376716465947703,lejnno,lejnno
1,0.00022665554502528307,lejnno,lejnno
1,0.00023247356507685238,lejnno,lejnno
1,0.0002300341648083043,lejnno,lejnno
1,0.0002203835762009723,lejnno,lejnno
1,0.0001757994627376954,maasht,maasht
0,0.0001725292645120186,dakram,maasht
1,0.00016984773066669348,maasht,maasht
0,0.00016877084494560827,dakram,maasht
0,0.0001678958399731413,dakram,maasht
1,0.00016826879578066403,maasht,maasht
0,0.00016856540858997018,dakram,maasht
1,0.00016507809081957106,maasht,maasht
1,0.00016142419816481013,maasht,maasht
1,0.0001619123006603647,maasht,maasht
0,0.00016249108219367386,khughe,maasht
0,0.00016571267814177252,dakram,maasht
0,0.00016502845461045551,dakram,maasht
0,0.00016671967550282922,dakram,maasht
0,0.0001644222186919809,dakram,maasht
0,0.00016516411346184637,dakram,maasht
0,0.0001663408896299912,dakram,maasht
0,0.00016824361503869675,dakram,maasht
0,0.00017392616866012994,dakram,maasht
0,0.00019378021104757208,rarobi,mberdo
0,0.00018937553749250085,cgboyc,mberdo
0,0.00019005107521077625,rgharr,mberdo
0,0.00020426546218544516,rgharr,mberdo
0,0.00019658387314535868,rgharr,mberdo
0,0.0001968962889867238,rgharr,mberdo
0,0.0002074068768430643,rgharr,mberdo
0,0.00019604991352842856,rgharr,mberdo
0,0.00019521088169574451,rgharr,mberdo
0,0.00019202366346372253,rgharr,mberdo
0,0.000192215311416042,rgharr,mberdo
0,0.00018970945219558906,rgharr,mberdo
0,0.00018927655472916543,rgharr,mberdo
0,0.0001934205775825246,rgharr,mberdo
0,0.00019189196096469873,rgharr,mberdo
0,0.00018682627348819053,rgharr,mberdo
0,0.000193776373789938,rgharr,mberdo
0,0.00019163771337064246,rgharr,mberdo
0,0.0001958619109131352,rgharr,mberdo
1,0.00017335768541586468,mdpove,mdpove
0,0.000180625921459997,dakram,mdpove
1,0.00018243422302178939,mdpove,mdpove
0,0.00018252020321722767,dakram,mdpove
0,0.00018331209575970543,dakram,mdpove
0,0.00018061644858536436,dakram,mdpove
0,0.00018185592397083252,dakram,mdpove
0,0.0001804860809347154,dakram,mdpove
0,0.00018231702384871948,dakram,mdpove
0,0.00017777882806384416,dakram,mdpove
0,0.00017760110361906997,dakram,mdpove
0,0.00018949838333288306,dakram,mdpove
0,0.0001853217228980166,dakram,mdpove
0,0.00018548536075503838,dakram,mdpove
0,0.0001854848403805881,jmedin,mdpove
0,0.00018800139006132675,jmedin,mdpove
0,0.00018539237630503302,dakram,mdpove
0,0.00019537193037034802,dakram,mdpove
0,0.00018578543088677683,dakram,mdpove
0,0.00024403661385667447,namull,mefait
0,0.00024243095581248859,namull,mefait
0,0.0002505096649267025,asheal,mefait
0,0.0002557068596142028,asheal,mefait
0,0.0002516364334518142,asheal,mefait
0,0.00023787770997038167,namull,mefait
0,0.0002520131434348563,namull,mefait
0,0.00023716746172538936,namull,mefait
0,0.00023913299641498684,asheal,mefait
0,0.0002373315384584938,namull,mefait
0,0.00023538523992469403,asheal,mefait
0,0.00026472841316979833,asheal,mefait
0,0.00026882423103087247,asheal,mefait
0,0.0002512965628673989,namull,mefait
0,0.00025689591265201916,asheal,mefait
0,0.00026123989034220336,asheal,mefait
0,0.0002583578581577826,asheal,mefait
0,0.0002549804817399506,namull,mefait
0,0.00026198007877452123,asheal,mefait
0,0.00019295558107307995,namull,mhwill
0,0.000195084862667952,namull,mhwill
0,0.00020008343274876132,namull,mhwill
0,0.00019138076788128335,namull,mhwill
0,0.0001874380449241463,namull,mhwill
0,0.0001930119926058307,npbour,mhwill
0,0.00019147347103205847,sidick,mhwill
0,0.00018914003880028012,sidick,mhwill
0,0.00018245632582194297,sidick,mhwill
0,0.00019084069990085313,sidick,mhwill
0,0.00018726298806183173,sidick,mhwill
0,0.00020167796931826355,namull,mhwill
0,0.00019961376254316285,namull,mhwill
0,0.00020158151600384636,namull,mhwill
0,0.00019821696681381006,namull,mhwill
0,0.0001989975307811087,namull,mhwill
0,0.00020117156715239478,namull,mhwill
0,0.00019843969783552509,namull,mhwill
0,0.00019027230058324204,ggrego,mhwill
0,0.00025416019480248146,npbour,miaduc
0,0.00025688864552516667,npbour,miaduc
0,0.0002551179267426693,npbour,miaduc
0,0.000253670725347839,npbour,miaduc
0,0.0002532524785225398,npbour,miaduc
0,0.00024384339021418924,npbour,miaduc
0,0.00025805611363481206,npbour,miaduc
0,0.0002575779550540428,npbour,miaduc
0,0.0002656071224604988,npbour,miaduc
0,0.0002712559056496303,npbour,miaduc
0,0.000264812881242917,npbour,miaduc
0,0.0002541311652293801,npbour,miaduc
0,0.0002596055321941646,npbour,miaduc
0,0.00026012547960041537,npbour,miaduc
0,0.0002604126814415626,npbour,miaduc
0,0.0002629968337134186,npbour,miaduc
0,0.00026474319984854674,npbour,miaduc
0,0.0002610074860343148,npbour,miaduc
0,0.000255608944969059,npbour,miaduc
0,0.0002015915369515249,dakram,mjhans
0,0.0001941202377145651,dakram,mjhans
0,0.00020133985856681346,dakram,mjhans
0,0.00019967629282405074,dakram,mjhans
0,0.00019823140464120297,dakram,mjhans
0,0.00019920701404296725,khughe,mjhans
0,0.0002024897791294774,dakram,mjhans
0,0.00020462300238123645,dakram,mjhans
0,0.00019834914069455237,dakram,mjhans
0,0.00019420458259424266,dakram,mjhans
0,0.00019584196558003223,dakram,mjhans
0,0.00019422623998407453,dakram,mjhans
0,0.0001971864999858597,dakram,mjhans
0,0.00019910429021302215,dakram,mjhans
0,0.00020314845575581894,dakram,mjhans
0,0.000204922926102053,dakram,mjhans
0,0.0001950882387905702,dakram,mjhans
0,0.00019610336064126947,khughe,mjhans
0,0.00019314950629923752,dakram,mjhans
1,0.00026469519070468236,mpetti,mpetti
1,0.00026778774453819576,mpetti,mpetti
1,0.00025368905020274694,mpetti,mpetti
1,0.00026196151722347743,mpetti,mpetti
1,0.00027121947699574364,mpetti,mpetti
1,0.0002476348411731306,mpetti,mpetti
1,0.0002448191621196663,mpetti,mpetti
1,0.00026180036960713414,mpetti,mpetti
1,0.00027398769243591905,mpetti,mpetti
1,0.00027309009395255134,mpetti,mpetti
1,0.0002709845613386837,mpetti,mpetti
1,0.00025973831200745934,mpetti,mpetti
1,0.0002565908956856397,mpetti,mpetti
1,0.0002597606379273607,mpetti,mpetti
1,0.0002535621023801598,mpetti,mpetti
1,0.00026143424383665806,mpetti,mpetti
1,0.00024973004645948327,mpetti,mpetti
1,0.00027595528113503104,mpetti,mpetti
1,0.000261849551208296,mpetti,mpetti
0,0.0002896248617241835,cshubb,muthay
0,0.0002960540151010191,cshubb,muthay
0,0.00031304832958944825,cshubb,muthay
0,0.00030800737130764935,cshubb,muthay
0,0.0002976027148813521,cshubb,muthay
0,0.0002913884446998349,cshubb,muthay
0,0.0002974706697730229,cshubb,muthay
0,0.0002940790476791072,cshubb,muthay
0,0.0002893023807565541,cshubb,muthay
0,0.00028388426733932655,cshubb,muthay
0,0.0002945396534358658,cshubb,muthay
0,0.00027009783191448507,cshubb,muthay
0,0.0002709871768594312,cshubb,muthay
0,0.00027010081587740985,cshubb,muthay
0,0.00028029377045968247,cshubb,muthay
0,0.0002742596011197236,cshubb,muthay
0,0.00026743348280066487,cshubb,muthay
0,0.00026854491966037456,cshubb,muthay
0,0.0002884356167061555,cshubb,muthay
0,0.000193942442839133,npbour,nahaig
0,0.00019005357751002578,npbour,nahaig
0,0.0001870257234632399,npbour,nahaig
0,0.00018463382979043327,npbour,nahaig
0,0.0001980572485839041,npbour,nahaig
0,0.00019343511265092764,npbour,nahaig
0,0.00019339301534547056,npbour,nahaig
0,0.00018913201177435442,npbour,nahaig
0,0.00019777638682851685,npbour,nahaig
0,0.00018569550391374582,nrclar,nahaig
0,0.0002179494085979312,nrclar,nahaig
1,0.00021072026302179476,nahaig,nahaig
1,0.00020315318185206842,nahaig,nahaig
1,0.00020632349493891422,nahaig,nahaig
1,0.00021268859420396828,nahaig,nahaig
1,0.0002133509665642147,nahaig,nahaig
1,0.00020900581613352332,nahaig,nahaig
1,0.00021169728214136312,nahaig,nahaig
1,0.0002115481421928481,nahaig,nahaig
1,0.0003386622273039309,namull,namull
1,0.00034158641922793346,namull,namull
1,0.00034371534137835535,namull,namull
1,0.0003402465943230735,namull,namull
1,0.00033292557241003,namull,namull
1,0.00033393749869764093,namull,namull
1,0.0003362730348161985,namull,namull
1,0.00034375517734298525,namull,namull
1,0.0003450251908469407,namull,namull
1,0.0003435260015426174,namull,namull
1,0.0003376132938446731,namull,namull
1,0.00035700217757700544,namull,namull
1,0.00034444954220315437,namull,namull
1,0.0003595077610859414,namull,namull
1,0.00037466405374169006,namull,namull
1,0.00036213414340434516,namull,namull
1,0.0003508686099756708,namull,namull
1,0.0003411864058287587,namull,namull
1,0.0003432916970312835,namull,namull
1,0.0002191611514513141,ndbank,ndbank
1,0.00022230833780592223,ndbank,ndbank
1,0.00022512807923424013,ndbank,ndbank
1,0.000228994092321339,ndbank,ndbank
1,0.00022918518465256477,ndbank,ndbank
1,0.0002118536764498382,ndbank,ndbank
1,0.00022600293459057455,ndbank,ndbank
1,0.0002232732062280954,ndbank,ndbank
1,0.00022213005225866806,ndbank,ndbank
1,0.00021534042741097563,ndbank,ndbank
1,0.00022540056683478232,ndbank,ndbank
1,0.00023287317894573744,ndbank,ndbank
1,0.00023284433718858555,ndbank,ndbank
1,0.00023159713489698404,ndbank,ndbank
1,0.00022794961203816347,ndbank,ndbank
1,0.00021700652037258658,ndbank,ndbank
1,0.00022127451230460402,ndbank,ndbank
1,0.00023171364798411773,ndbank,ndbank
1,0.0002288867552013122,ndbank,ndbank
0,0.00018077406780510672,jgloma,ndhagu
0,0.00018775525252680275,jgloma,ndhagu
0,0.00018367908126707848,jgloma,ndhagu
0,0.00018183155984598465,jgloma,ndhagu
0,0.00018488543023886776,jgloma,ndhagu
0,0.00018314933054360385,jgloma,ndhagu
0,0.0001845438594814096,cgboyc,ndhagu
0,0.00018396388370362974,cgboyc,ndhagu
0,0.0001818685236538682,cgboyc,ndhagu
0,0.0001843698254199553,jgloma,ndhagu
0,0.00019134364691341827,cgboyc,ndhagu
0,0.00017780000544752355,jgloma,ndhagu
0,0.0001767860579876927,jgloma,ndhagu
0,0.00017744436653398992,cgboyc,ndhagu
0,0.0001780709741301638,cgboyc,ndhagu
0,0.00017795973778293804,cgboyc,ndhagu
0,0.00017937879592117194,cgboyc,ndhagu
0,0.00017867420991486897,jgloma,ndhagu
0,0.00018798517298092385,jgloma,ndhagu
0,0.00018645511362469383,jmedin,nhrams
0,0.0001840371210677901,jmedin,nhrams
0,0.0001880614733901998,khughe,nhrams
0,0.00017207437268522768,akatsi,nhrams
0,0.0001774751441759743,jmedin,nhrams
0,0.0001770412086654284,khughe,nhrams
0,0.000174345790465104,khughe,nhrams
0,0.00017796038125797006,khughe,nhrams
0,0.00017745259272736107,khughe,nhrams
0,0.00017736025089609825,jmedin,nhrams
0,0.0001743782919099155,jmedin,nhrams
0,0.00018222477147029111,jmedin,nhrams
0,0.00018077554444888096,mjhans,nhrams
0,0.00018322277770512757,jmedin,nhrams
0,0.0001888490182276211,jmedin,nhrams
0,0.00018486039075385694,jmedin,nhrams
0,0.00018529914578785156,jmedin,nhrams
0,0.00018826466065035633,jmedin,nhrams
0,0.00019080024296267196,jmedin,nhrams
1,0.00021771316836382025,njmoor,njmoor
1,0.00022003852671077152,njmoor,njmoor
1,0.0002231354932141778,njmoor,njmoor
1,0.0002211750881525557,njmoor,njmoor
1,0.0002228787766478139,njmoor,njmoor
1,0.00022107839468755728,njmoor,njmoor
1,0.00022526331545634452,njmoor,njmoor
1,0.00022248679336228216,njmoor,njmoor
1,0.00022347623921040586,njmoor,njmoor
1,0.00022376110489913284,njmoor,njmoor
1,0.00021692865356145508,njmoor,njmoor
1,0.00021919006627543834,njmoor,njmoor
1,0.00021817229034450992,njmoor,njmoor
1,0.00021938494124209185,njmoor,njmoor
1,0.00022117606541698158,njmoor,njmoor
1,0.0002208841496683039,njmoor,njmoor
1,0.00022053727627799208,njmoor,njmoor
1,0.00021970731960616578,njmoor,njmoor
1,0.0002230485201898629,njmoor,njmoor
1,0.00032641259648005035,npbour,npbour
1,0.00032463947210763873,npbour,npbour
1,0.0003249642550675055,npbour,npbour
1,0.00032244610737265075,npbour,npbour
1,0.0003185429564570242,npbour,npbour
1,0.00031114242226526603,npbour,npbour
1,0.0003283309428354906,npbour,npbour
1,0.000321855933171647,npbour,npbour
1,0.00031458083048424486,npbour,npbour
1,0.0003267896591212195,npbour,npbour
1,0.00032409159483528876,npbour,npbour
1,0.00033821572060630943,npbour,npbour
1,0.00033180053495670945,npbour,npbour
1,0.00032832558184298327,npbour,npbour
1,0.0003320899131285359,npbour,npbour
1,0.000337100297072481,npbour,npbour
1,0.0003287031473901727,npbour,npbour
1,0.0003554329022998756,npbour,npbour
1,0.00033572716926319793,npbour,npbour
1,0.00019282139939616748,npmitc,npmitc
1,0.0001959841507558995,npmitc,npmitc
1,0.00019810350960191545,npmitc,npmitc
1,0.0001990655379675601,npmitc,npmitc
1,0.00019678169708234441,npmitc,npmitc
1,0.00020631873482723854,npmitc,npmitc
1,0.0002031105190884024,npmitc,npmitc
1,0.0002040243658892793,npmitc,npmitc
1,0.00020660593851632727,npmitc,npmitc
1,0.00021076249773644502,npmitc,npmitc
1,0.00019523686807707246,npmitc,npmitc
1,0.00020452528850630996,npmitc,npmitc
1,0.0001957433062621914,npmitc,npmitc
1,0.00019564096217102373,npmitc,npmitc
1,0.00019592584682681424,npmitc,npmitc
1,0.00019409318069103679,npmitc,npmitc
1,0.00019056315937022574,npmitc,npmitc
1,0.00019039059485260738,npmitc,npmitc
1,0.0001958625874521851,npmitc,npmitc
1,0.0003244237041474428,nrclar,nrclar
1,0.00030836856942752667,nrclar,nrclar
1,0.00029546345865890186,nrclar,nrclar
1,0.0003418698484549592,nrclar,nrclar
1,0.00033231715857393724,nrclar,nrclar
1,0.0003426916757258947,nrclar,nrclar
1,0.00030840281300286327,nrclar,nrclar
1,0.0003205112850975703,nrclar,nrclar
1,0.00031530859355031435,nrclar,nrclar
1,0.00032031011484779916,nrclar,nrclar
1,0.00033184528387098617,nrclar,nrclar
1,0.00032353186897664005,nrclar,nrclar
1,0.00032438316521052254,nrclar,nrclar
1,0.0003299885259031398,nrclar,nrclar
1,0.0003325651714715055,nrclar,nrclar
1,0.0003310953205509175,nrclar,nrclar
1,0.0003273000052516598,nrclar,nrclar
1,0.000317478805150093,nrclar,nrclar
1,0.00033033336454559346,nrclar,nrclar
1,0.00023597278372312265,nrrbar,nrrbar
0,0.00023414618259710596,asheal,nrrbar
0,0.00023386327204575312,asheal,nrrbar
0,0.00023226906850612821,asheal,nrrbar
1,0.00023711064999142243,nrrbar,nrrbar
0,0.00023474165175499888,asheal,nrrbar
1,0.0002486398565722452,nrrbar,nrrbar
1,0.00024012825555173574,nrrbar,nrrbar
0,0.00023760434722449513,asheal,nrrbar
0,0.0002378151538167406,asheal,nrrbar
0,0.00024212010770075805,asheal,nrrbar
0,0.000231663917976243,asheal,nrrbar
1,0.00023857364871904653,nrrbar,nrrbar
1,0.00024411604573896896,nrrbar,nrrbar
1,0.00026003176402790174,nrrbar,nrrbar
1,0.00024195123750191024,nrrbar,nrrbar
1,0.00023798293961519362,nrrbar,nrrbar
1,0.00023438119659539193,nrrbar,nrrbar
0,0.000233836185704753,rlocke,nrrbar
1,0.00031612778828029215,nwilli,nwilli
1,0.0003433314135269189,nwilli,nwilli
1,0.00032865604047135053,nwilli,nwilli
1,0.0003201504761513992,nwilli,nwilli
1,0.00034455604316450993,nwilli,nwilli
1,0.0003290247947066495,nwilli,nwilli
1,0.0003391917021995971,nwilli,nwilli
1,0.000341884665405943,nwilli,nwilli
1,0.0003375673968194685,nwilli,nwilli
1,0.00033275496803017885,nwilli,nwilli
1,0.00033811065332902616,nwilli,nwilli
1,0.0003711914679025788,nwilli,nwilli
1,0.0003698882402598975,nwilli,nwilli
1,0.0003717256181204604,nwilli,nwilli
1,0.00036751702172241747,nwilli,nwilli
1,0.00036976588640656326,nwilli,nwilli
1,0.0003683475424992119,nwilli,nwilli
1,0.00035651481009857773,nwilli,nwilli
1,0.0003169192193204849,nwilli,nwilli
0,0.00017762801126120607,cgboyc,ohpark
0,0.0001823116810535953,kaatki,ohpark
1,0.00018457622559045345,ohpark,ohpark
0,0.0001802909928917477,kaatki,ohpark
0,0.00018386672785543188,kaatki,ohpark
1,0.0001857676421936321,ohpark,ohpark
0,0.00018435331644324997,kaatki,ohpark
0,0.00018327945595574945,kaatki,ohpark
0,0.0001813011602492605,kaatki,ohpark
0,0.00017834007918384018,kaatki,ohpark
0,0.00018369323602364338,kaatki,ohpark
1,0.00018110212634450267,ohpark,ohpark
1,0.00018279883798360885,ohpark,ohpark
1,0.00018574252266500467,ohpark,ohpark
1,0.0001886849048963352,ohpark,ohpark
1,0.0001821379914080471,ohpark,ohpark
1,0.0001809657380905023,ohpark,ohpark
1,0.00018441385263458387,ohpark,ohpark
1,0.0001872943086599568,ohpark,ohpark
1,0.0004610093040093425,pacole,pacole
1,0.000436642324488605,pacole,pacole
1,0.00044793389561314573,pacole,pacole
1,0.00043276646168012995,pacole,pacole
1,0.0004625745525379896,pacole,pacole
1,0.0004359826199255188,pacole,pacole
1,0.0004465604280475154,pacole,pacole
1,0.00044121814966967846,pacole,pacole
1,0.0004659043054432155,pacole,pacole
1,0.0004417752889195892,pacole,pacole
1,0.0004477316306469355,pacole,pacole
1,0.000464147216910359,pacole,pacole
1,0.00044206300230788237,pacole,pacole
1,0.00045438222819012633,pacole,pacole
1,0.00045174022869554396,pacole,pacole
1,0.00046117333653375464,pacole,pacole
1,0.00045351989469582084,pacole,pacole
1,0.00043073366288567684,pacole,pacole
1,0.0004268776612020077,pacole,pacole
0,0.0001859571316406341,npmitc,pmives
0,0.00018308420096060265,npmitc,pmives
0,0.00017826721572265184,cgboyc,pmives
0,0.00019048390419199428,npmitc,pmives
0,0.000189707561859595,npmitc,pmives
0,0.0001843963418593277,npmitc,pmives
0,0.00018651565618550085,npmitc,pmives
0,0.00018599966299905668,npmitc,pmives
0,0.00018804433390050385,npmitc,pmives
0,0.00018311750371324532,cgboyc,pmives
0,0.00018236250628050646,npmitc,pmives
0,0.00018352364948469226,ohpark,pmives
0,0.0001872368324886394,cgboyc,pmives
0,0.00018311566595395216,cgboyc,pmives
0,0.00017711378102698095,cgboyc,pmives
0,0.00018284987175911017,cgboyc,pmives
0,0.0001811339408910216,npmitc,pmives
0,0.00018399987574671596,npmitc,pmives
0,0.00018682212521058177,cgboyc,pmives
1,0.00028000009023010933,pshurr,pshurr
1,0.00028112437946771756,pshurr,pshurr
1,0.00025620486800242867,pshurr,pshurr
1,0.00026662524909885975,pshurr,pshurr
1,0.0002640649752829587,pshurr,pshurr
1,0.0002697203673237362,pshurr,pshurr
1,0.0002543710175904874,pshurr,pshurr
1,0.0002576320018502404,pshurr,pshurr
1,0.0002596149194361997,pshurr,pshurr
1,0.00025911230135475466,pshurr,pshurr
1,0.000260880890335943,pshurr,pshurr
1,0.00026352695126028103,pshurr,pshurr
1,0.000268200631481584,pshurr,pshurr
1,0.00027583611898240667,pshurr,pshurr
1,0.0002807115335936902,pshurr,pshurr
1,0.0002747331999904678,pshurr,pshurr
1,0.00027278669645848074,pshurr,pshurr
1,0.00027760266477141516,pshurr,pshurr
1,0.0002782503464863357,pshurr,pshurr
1,0.00021480304821798493,pspliu,pspliu
1,0.00022028695882503641,pspliu,pspliu
1,0.0002107852128924754,pspliu,pspliu
1,0.00020907587318423775,pspliu,pspliu
1,0.0002218264869273251,pspliu,pspliu
1,0.00021893096196901906,pspliu,pspliu
1,0.00021480138020378247,pspliu,pspliu
1,0.00022055979329523115,pspliu,pspliu
1,0.0002129922236675409,pspliu,pspliu
1,0.00021705235794063644,pspliu,pspliu
1,0.000217259873116664,pspliu,pspliu
1,0.00022111333017242274,pspliu,pspliu
1,0.0002182441725789401,pspliu,pspliu
1,0.00022980503682706107,pspliu,pspliu
1,0.0002270489060298786,pspliu,pspliu
1,0.0002177856469967616,pspliu,pspliu
1,0.0002252407132630878,pspliu,pspliu
1,0.00022592478231073452,pspliu,pspliu
1,0.0002271598980620858,pspliu,pspliu
0,0.00019642734107393352,khughe,ptnich
0,0.00019268557282946998,khughe,ptnich
0,0.00019134945056132816,khughe,ptnich
0,0.00019486891175386984,khughe,ptnich
0,0.0001937033021888055,khughe,ptnich
0,0.00019364384332430884,khughe,ptnich
0,0.0001913005876496602,gsreas,ptnich
0,0.0001933257012947312,khughe,ptnich
0,0.00019331362342782783,khughe,ptnich
0,0.00019173846064584251,khughe,ptnich
0,0.00019460928170567007,khughe,ptnich
0,0.00019099108291973691,gsreas,ptnich
0,0.00019265556158170612,khughe,ptnich
0,0.00019472697383600407,khughe,ptnich
0,0.00019418670491040945,khughe,ptnich
0,0.00019128937736876965,gsreas,ptnich
0,0.00019195717759509226,khughe,ptnich
0,0.00019291501738426893,khughe,ptnich
0,0.00019075011304823497,khughe,ptnich
0,0.00017138048153552936,vpsavo,rarobi
0,0.00017766902205432393,vpsavo,rarobi
0,0.00017688931670680055,vpsavo,rarobi
0,0.00018569221393512344,vpsavo,rarobi
0,0.00018493043207482628,vpsavo,rarobi
0,0.00017848024142620944,vpsavo,rarobi
0,0.00017956658012871772,vpsavo,rarobi
0,0.0001846767598557934,vpsavo,rarobi
0,0.00018190317862961714,vpsavo,rarobi
0,0.000176986108682847,vpsavo,rarobi
0,0.00018114954203330506,vpsavo,rarobi
0,0.0001853817149606835,vpsavo,rarobi
0,0.00018825425391554086,vpsavo,rarobi
0,0.00018712144627783763,vpsavo,rarobi
0,0.00018271456834019297,vpsavo,rarobi
0,0.0001676534737457402,npmitc,rarobi
0,0.00017055221397026027,vpsavo,rarobi
0,0.00017466878126437183,vpsavo,rarobi
0,0.0001784519326522059,vpsavo,rarobi
1,0.00020412237028793022,rgharr,rgharr
1,0.0002052772809532009,rgharr,rgharr
1,0.00020613126406190618,rgharr,rgharr
1,0.0002002252067864655,rgharr,rgharr
1,0.00019828503464276468,rgharr,rgharr
1,0.00020337019274595898,rgharr,rgharr
1,0.00020547552594441957,rgharr,rgharr
1,0.0001966096756605613,rgharr,rgharr
1,0.0002014629492782048,rgharr,rgharr
1,0.00020674779957191667,rgharr,rgharr
1,0.00020209223416759524,rgharr,rgharr
1,0.00020987874741902347,rgharr,rgharr
1,0.00020150285303506164,rgharr,rgharr
1,0.00020524075268412242,rgharr,rgharr
0,0.00019712130362379608,gsreas,rgharr
1,0.00020459757889910074,rgharr,rgharr
1,0.00019868638260585217,rgharr,rgharr
0,0.000195993032209477,gsreas,rgharr
1,0.00019799213624854613,rgharr,rgharr
0,0.00018662925342301218,rrowle,rgspru
1,0.00018885588392108575,rgspru,rgspru
1,0.00019230174757213102,rgspru,rgspru
1,0.00019046296025166022,rgspru,rgspru
1,0.00018657462801104582,rgspru,rgspru
1,0.00018985182799908048,rgspru,rgspru
1,0.00018978991878927906,rgspru,rgspru
1,0.00018960813433018477,rgspru,rgspru
1,0.00019327243356318587,rgspru,rgspru
1,0.00018666702601290966,rgspru,rgspru
1,0.00018710149124737086,rgspru,rgspru
1,0.00019290564341005627,rgspru,rgspru
1,0.00019313483642366953,rgspru,rgspru
1,0.0001945112277929766,rgspru,rgspru
1,0.00019196940484229692,rgspru,rgspru
1,0.00019191952544060078,rgspru,rgspru
1,0.00019060360736999446,rgspru,rgspru
1,0.00018985337401798336,rgspru,rgspru
1,0.00018891367344334964,rgspru,rgspru
0,0.00017665743270993452,khughe,rjlabr
0,0.00017970079401248608,khughe,rjlabr
0,0.00017835405413362896,khughe,rjlabr
1,0.00017706139398175171,rjlabr,rjlabr
1,0.00018177463380914812,rjlabr,rjlabr
0,0.00017153586674886973,rsanti,rjlabr
1,0.0001752528042423428,rjlabr,rjlabr
0,0.00018072224139444178,khughe,rjlabr
1,0.00017749023970516415,rjlabr,rjlabr
1,0.00017766416961003637,rjlabr,rjlabr
1,0.0001674370924826545,rjlabr,rjlabr
1,0.0001701320224694111,rjlabr,rjlabr
1,0.0001802943139110205,rjlabr,rjlabr
0,0.00017719601272342658,khughe,rjlabr
0,0.00017644243791983935,khughe,rjlabr
0,0.00017540831235950902,khughe,rjlabr
1,0.0001791324018705057,rjlabr,rjlabr
0,0.00017917919192154112,khughe,rjlabr
0,0.0001809253685057122,khughe,rjlabr
1,0.00025949616697361604,rlocke,rlocke
1,0.00024869851639195713,rlocke,rlocke
1,0.00026669541319685375,rlocke,rlocke
1,0.0002659498561552704,rlocke,rlocke
1,0.0002537579838306781,rlocke,rlocke
1,0.0002801065848927608,rlocke,rlocke
1,0.0002929189713507988,rlocke,rlocke
1,0.00028726314755446783,rlocke,rlocke
1,0.0002813513378547178,rlocke,rlocke
1,0.00027869343180333457,rlocke,rlocke
1,0.0002840192213086972,rlocke,rlocke
1,0.00031529842074197326,rlocke,rlocke
1,0.00031079717900706934,rlocke,rlocke
1,0.0003093943000225376,rlocke,rlocke
0,0.00029488992555140467,rnpwil,rlocke
1,0.000277063754099221,rlocke,rlocke
1,0.000278057659819638,rlocke,rlocke
1,0.00019964317679883168,rlocke,rlocke
1,0.00019228368897681228,rlocke,rlocke
1,0.0002987593856871701,rmcoll,rmcoll
1,0.00028587180710003485,rmcoll,rmcoll
1,0.00029093223375326207,rmcoll,rmcoll
1,0.00029703568143786373,rmcoll,rmcoll
1,0.00029408625392893825,rmcoll,rmcoll
1,0.00029058547716708595,rmcoll,rmcoll
1,0.0002980910291780863,rmcoll,rmcoll
1,0.00030204650250343983,rmcoll,rmcoll
1,0.00029805955329743027,rmcoll,rmcoll
1,0.0002997465646362454,rmcoll,rmcoll
1,0.0002971128571154482,rmcoll,rmcoll
1,0.00029979761191575177,rmcoll,rmcoll
1,0.0003071118841286925,rmcoll,rmcoll
1,0.0002974027339188552,rmcoll,rmcoll
1,0.00029689045328096985,rmcoll,rmcoll
1,0.00029463884719364467,rmcoll,rmcoll
1,0.00029807831497560524,rmcoll,rmcoll
1,0.00030013292085428377,rmcoll,rmcoll
1,0.0003044317218064235,rmcoll,rmcoll
0,0.00017436666659642892,mpetti,rmpugh
0,0.00017866419960923957,mpetti,rmpugh
0,0.0001774342723245413,mpetti,rmpugh
0,0.00017823232282405168,mpetti,rmpugh
0,0.00017989749854310054,mpetti,rmpugh
0,0.00018020048036105404,mpetti,rmpugh
0,0.0001834863720846891,mpetti,rmpugh
0,0.00019187609677340692,mpetti,rmpugh
0,0.00018457358438262906,mpetti,rmpugh
0,0.00018414346967313014,mpetti,rmpugh
0,0.00018455757559271953,mpetti,rmpugh
0,0.00018900567209415698,mpetti,rmpugh
0,0.00018562724462576892,mpetti,rmpugh
0,0.0001859116698817892,mpetti,rmpugh
0,0.00018804258157599152,mpetti,rmpugh
0,0.00018396223611871036,mpetti,rmpugh
0,0.00018505744453457506,mpetti,rmpugh
0,0.00018612022186163344,mpetti,rmpugh
0,0.00018342590960519997,mpetti,rmpugh
1,0.0004211146423104303,rnpwil,rnpwil
1,0.00040752566717988144,rnpwil,rnpwil
1,0.00039192457045774694,rnpwil,rnpwil
1,0.00040643678556593114,rnpwil,rnpwil
1,0.0003939004193273795,rnpwil,rnpwil
1,0.00037301916941816004,rnpwil,rnpwil
1,0.0003833327448532385,rnpwil,rnpwil
1,0.0003256597294101418,rnpwil,rnpwil
0,0.0003174850533682353,npbour,rnpwil
0,0.0002972041036295719,npbour,rnpwil
1,0.0003319618379935052,rnpwil,rnpwil
1,0.0003572038745027234,rnpwil,rnpwil
1,0.0003720115764998263,rnpwil,rnpwil
1,0.0003374809173002358,rnpwil,rnpwil
1,0.00031981731540153726,rnpwil,rnpwil
1,0.0003311359072803315,rnpwil,rnpwil
1,0.0003471165741232412,rnpwil,rnpwil
1,0.00035519840639009295,rnpwil,rnpwil
1,0.00037905876220552714,rnpwil,rnpwil
1,0.0002337726155780918,rrowle,rrowle
1,0.00022132692861537274,rrowle,rrowle
1,0.0002226935791243758,rrowle,rrowle
1,0.00022514771258196637,rrowle,rrowle
1,0.0002363853549718206,rrowle,rrowle
1,0.00022445474449195768,rrowle,rrowle
1,0.0002255707046988882,rrowle,rrowle
1,0.00022217579656792818,rrowle,rrowle
1,0.00021170065545005198,rrowle,rrowle
1,0.00021497584424734858,rrowle,rrowle
1,0.00021457372877447896,rrowle,rrowle
1,0.00022863060639858536,rrowle,rrowle
1,0.00022988060659764642,rrowle,rrowle
1,0.00022916520339645555,rrowle,rrowle
1,0.0002281893226283505,rrowle,rrowle
1,0.00022767586331968253,rrowle,rrowle
1,0.00022899370715830897,rrowle,rrowle
1,0.00023063296064816232,rrowle,rrowle
1,0.00023062125155211564,rrowle,rrowle
0,0.00018512469148437342,khughe,rsanti
0,0.00020176751109352183,khughe,rsanti
0,0.00019353883594910902,khughe,rsanti
0,0.00018032526575776067,khughe,rsanti
0,0.00018046340812752072,khughe,rsanti
0,0.00018064218793185347,khughe,rsanti
0,0.00018746683733459935,khughe,rsanti
0,0.00019053965431522894,khughe,rsanti
0,0.00018410034355745901,khughe,rsanti
0,0.00018826385417448978,khughe,rsanti
0,0.00017647548184098873,khughe,rsanti
0,0.00017830196838995317,khughe,rsanti
0,0.00018066957570894138,khughe,rsanti
0,0.00018206945382430207,khughe,rsanti
0,0.00018404544393531007,khughe,rsanti
0,0.00018249807485799666,khughe,rsanti
0,0.00018208832427367525,khughe,rsanti
0,0.00018183997185414945,khughe,rsanti
0,0.0001838924327392563,khughe,rsanti
0,0.00018048354903451745,admars,saduah
0,0.00017784470857815438,admars,saduah
0,0.00018093686363531846,admars,saduah
0,0.00018388791747450445,admars,saduah
0,0.00017835188903621508,admars,saduah
0,0.00018552497055665236,admars,saduah
0,0.0001970341564208117,admars,saduah
0,0.00018847406105903725,admars,saduah
0,0.0001860324943434283,admars,saduah
0,0.000192485057758295,admars,saduah
0,0.00018664222480962292,admars,saduah
0,0.00017775381557693067,admars,saduah
0,0.00017403244768098423,admars,saduah
0,0.00017392714203987917,admars,saduah
0,0.00018032396938421423,admars,saduah
0,0.00018203820168220995,admars,saduah
0,0.00018134617135839303,admars,saduah
0,0.00019483988591831696,admars,saduah
0,0.00019153029081613244,admars,saduah
1,0.00033998496646387013,saedwa,saedwa
1,0.00033855220550913845,saedwa,saedwa
1,0.0003246550030028742,saedwa,saedwa
1,0.00032087028353547614,saedwa,saedwa
1,0.0003484525551524527,saedwa,saedwa
1,0.0003556868238295159,saedwa,saedwa
1,0.0003438349547531409,saedwa,saedwa
1,0.000329611314865295,saedwa,saedwa
1,0.0003811792582946045,saedwa,saedwa
1,0.00038252831169956225,saedwa,saedwa
1,0.00035611824125996426,saedwa,saedwa
1,0.0003858791123686756,saedwa,saedwa
1,0.0003581984506653188,saedwa,saedwa
1,0.0003738983184386075,saedwa,saedwa
1,0.00034991634769929815,saedwa,saedwa
1,0.0003431361556011421,saedwa,saedwa
1,0.0004006328072294641,saedwa,saedwa
1,0.00031922648816308237,saedwa,saedwa
1,0.00033761248131561637,saedwa,saedwa
1,0.0002049330468206823,sidick,sidick
1,0.00020259062648328552,sidick,sidick
1,0.00020585477702791074,sidick,sidick
1,0.000204946464147432,sidick,sidick
1,0.00020379833244780034,sidick,sidick
1,0.00020514980302095378,sidick,sidick
1,0.00020569988173138338,sidick,sidick
1,0.00020878162284390805,sidick,sidick
1,0.0002070801768083475,sidick,sidick
1,0.00020646848892340173,sidick,sidick
1,0.0002039781272301025,sidick,sidick
1,0.0002069523438851511,sidick,sidick
0,0.00020757436993565283,rgharr,sidick
1,0.00020821957661484189,sidick,sidick
1,0.00020886812903126765,sidick,sidick
1,0.0002047522928627515,sidick,sidick
1,0.00020690624360380724,sidick,sidick
1,0.00020645938447309202,sidick,sidick
1,0.00020440630438923828,sidick,sidick
1,0.0001658910323055167,sjbeck,sjbeck
1,0.00016838877279584083,sjbeck,sjbeck
1,0.00016881634949192766,sjbeck,sjbeck
1,0.00017100141050386798,sjbeck,sjbeck
1,0.00017150329710178023,sjbeck,sjbeck
1,0.0001821840840244776,sjbeck,sjbeck
1,0.00018834128955571807,sjbeck,sjbeck
1,0.00017843228235502344,sjbeck,sjbeck
1,0.00018816481224714747,sjbeck,sjbeck
1,0.00018561676045598995,sjbeck,sjbeck
1,0.00018699196938365265,sjbeck,sjbeck
0,0.00016583492935342816,kaatki,sjbeck
1,0.0001653418832559785,sjbeck,sjbeck
0,0.00016498955314073,kaatki,sjbeck
0,0.0001648760841622711,kaatki,sjbeck
1,0.00016791354986473881,sjbeck,sjbeck
1,0.00016691032532650438,sjbeck,sjbeck
1,0.00016742135886266038,sjbeck,sjbeck
1,0.0001680446666258784,sjbeck,sjbeck
0,0.00023069806472327846,asheal,skumar
0,0.0002304447983835045,asheal,skumar
0,0.00023607262308735286,asheal,skumar
0,0.00022980640755997835,asheal,skumar
0,0.00024597071549085805,asheal,skumar
0,0.00024208159101394831,asheal,skumar
0,0.0002332585103155371,asheal,skumar
0,0.0002404362090498524,asheal,skumar
0,0.00024614105968745226,asheal,skumar
0,0.00024120710726536658,asheal,skumar
0,0.0002345584892370548,asheal,skumar
0,0.0002282446393522511,asheal,skumar
0,0.00022934128469582858,asheal,skumar
0,0.0002225603829588358,asheal,skumar
0,0.0002161547977856475,asheal,skumar
0,0.000234851872390718,asheal,skumar
0,0.00022734230417678628,asheal,skumar
0,0.0002299222172618442,asheal,skumar
0,0.00023078772800749376,asheal,skumar
0,0.00016825142615592003,irdrew,smrobb
0,0.00016290541806178636,irdrew,smrobb
0,0.00016474138916573004,irdrew,smrobb
0,0.0001628193643131136,irdrew,smrobb
0,0.00016615064419732496,irdrew,smrobb
0,0.00016597490166855687,irdrew,smrobb
0,0.00016938777778083484,njmoor,smrobb
0,0.00016442235263210278,njmoor,smrobb
0,0.0001663791621947513,irdrew,smrobb
0,0.00016592671944026447,irdrew,smrobb
0,0.0001693601901085323,njmoor,smrobb
0,0.00016521677188899468,rrowle,smrobb
0,0.00016462874309957577,rrowle,smrobb
0,0.00016611843594098864,njmoor,smrobb
0,0.0001660485892045373,njmoor,smrobb
0,0.00016389666922283618,njmoor,smrobb
0,0.0001646273651479652,njmoor,smrobb
0,0.000162688811740252,rrowle,smrobb
0,0.00016728404576150138,irdrew,smrobb
0,0.0001656035519209145,rrowle,spletc
1,0.00016611004513944968,spletc,spletc
1,0.00016790597380564085,spletc,spletc
0,0.0001642704524976292,rarobi,spletc
0,0.0001636888488240391,rarobi,spletc
0,0.00016520088711115613,rrowle,spletc
1,0.00016734605780490045,spletc,spletc
0,0.00016514288805062472,khughe,spletc
1,0.00016575202813361067,spletc,spletc
0,0.000162064863258228,rarobi,spletc
1,0.00016577655558538764,spletc,spletc
1,0.00016360397188398517,spletc,spletc
1,0.00016328225427063116,spletc,spletc
0,0.00016391053248338724,dakram,spletc
0,0.00016337209266468239,dakram,spletc
0,0.0001653229761911152,dakram,spletc
1,0.0001638651275437961,spletc,spletc
0,0.0001621958540317419,dakram,spletc
0,0.0001636349617456538,rarobi,spletc
0,0.00017992973408985653,khughe,svkriz
0,0.00017712193440085937,khughe,svkriz
0,0.00017918475538503527,khughe,svkriz
0,0.00018176725685621815,khughe,svkriz
0,0.0001881188079302101,khughe,svkriz
0,0.0001845604749500457,khughe,svkriz
0,0.00017269468322933472,khughe,svkriz
0,0.00017878794508165925,khughe,svkriz
0,0.00018157453476863003,khughe,svkriz
0,0.00018509324493866814,khughe,svkriz
0,0.0001813650491997761,khughe,svkriz
0,0.00017771610685856227,khughe,svkriz
0,0.00018242947791422258,khughe,svkriz
0,0.00018028866033094055,khughe,svkriz
0,0.00017937680054601676,khughe,svkriz
0,0.00017827351699970496,khughe,svkriz
0,0.00018232889143880682,khughe,svkriz
0,0.00017853096037547602,khughe,svkriz
0,0.00017580065591736945,khughe,svkriz
0,0.00016520650771985944,rgharr,swewin
0,0.00016228660844459417,rgharr,swewin
0,0.00016668848893823478,rgharr,swewin
0,0.0001763631393734522,rgharr,swewin
0,0.00016260336713381615,rgharr,swewin
0,0.0001613358616917821,nrrbar,swewin
0,0.00016244061743225525,rgharr,swewin
0,0.00016274392697117763,rgharr,swewin
0,0.00016779395021321062,nrrbar,swewin
0,0.00016959178368390013,rgharr,swewin
0,0.00016836757473745557,rgharr,swewin
0,0.00016222153834753004,rgharr,swewin
0,0.00016154616115282217,rrowle,swewin
0,0.00016607491256818247,rgharr,swewin
0,0.00016441608713010472,rgharr,swewin
0,0.0001621142432296882,rgharr,swewin
0,0.00016559893242856934,rgharr,swewin
0,0.00016930885995491702,rgharr,swewin
0,0.0001648106432215313,nrrbar,swewin
0,0.00016173700981086305,cgboyc,swsmit
0,0.00016340141891477966,cgboyc,swsmit
0,0.00016280939397984558,cgboyc,swsmit
0,0.00016258224515810872,cgboyc,swsmit
0,0.00016364205197548623,cgboyc,swsmit
0,0.00016077174353422538,cgboyc,swsmit
0,0.00016208624996785344,cgboyc,swsmit
0,0.0001612214690053995,cgboyc,swsmit
0,0.0001613079666883696,cgboyc,swsmit
0,0.000160749367851336,cgboyc,swsmit
0,0.0001598972592943438,cgboyc,swsmit
0,0.00016578933266896137,dakram,swsmit
0,0.0001636591921166258,dakram,swsmit
0,0.00016193578596790007,dakram,swsmit
0,0.00016099060212463082,cgboyc,swsmit
0,0.00016309871144936313,dakram,swsmit
0,0.00016062537983464037,cgboyc,swsmit
0,0.0001615616376668391,cgboyc,swsmit
0,0.0001638187821589663,cgboyc,swsmit
1,0.0002074547552995979,vpsavo,vpsavo
1,0.00020292284405318503,vpsavo,vpsavo
1,0.0002067129752453909,vpsavo,vpsavo
1,0.0002104917798219499,vpsavo,vpsavo
1,0.00019809212640657816,vpsavo,vpsavo
1,0.00020226475444317776,vpsavo,vpsavo
1,0.00021184514401177983,vpsavo,vpsavo
1,0.0001983683247712661,vpsavo,vpsavo
1,0.00020746430609081288,vpsavo,vpsavo
1,0.00020937025632501184,vpsavo,vpsavo
1,0.0002056893712146391,vpsavo,vpsavo
1,0.00020362072812884143,vpsavo,vpsavo
1,0.0002045381781677925,vpsavo,vpsavo
1,0.00020239390401017643,vpsavo,vpsavo
1,0.00020232387003012522,vpsavo,vpsavo
1,0.00020321551315429637,vpsavo,vpsavo
1,0.000204460348953182,vpsavo,vpsavo
1,0.0002044594264380961,vpsavo,vpsavo
1,0.00020656290251461302,vpsavo,vpsavo
0,0.00024501665954032955,cshubb,whussa
0,0.00025808803890140885,cshubb,whussa
0,0,unknown,whussa
0,0.00025064712140417377,cshubb,whussa
0,0.0002507556566800421,cshubb,whussa
0,0.0002451500703250225,cshubb,whussa
0,0.0002434146533352414,cshubb,whussa
0,0.0002501844990097438,cshubb,whussa
0,0.0002446440634438708,cshubb,whussa
0,0.00025163548952338043,cshubb,whussa
0,0.00023808435282307965,cshubb,whussa
0,0.0002399412271223694,cshubb,whussa
0,0.00024056643788234708,cshubb,whussa
0,0.00024190463984877437,cshubb,whussa
0,0.00023772926715266642,cshubb,whussa
0,0.00023945623024257875,cshubb,whussa
0,0.0002363991576140584,cshubb,whussa
0,0.000243115984710624,nwilli,whussa
0,0.0002400731471675278,cshubb,whussa
0,0.00037410088516875344,cshubb,wjalbe
0,0.0003760994403922047,cshubb,wjalbe
0,0.00036552240609739276,cshubb,wjalbe
0,0.0003697249234776735,cshubb,wjalbe
0,0.0003761759293147539,cshubb,wjalbe
0,0.00037302837479305246,cshubb,wjalbe
0,0.0003745864498693268,cshubb,wjalbe
0,0.00038281412688961897,cshubb,wjalbe
0,0.00037930851469400944,cshubb,wjalbe
0,0.0003768729993144031,cshubb,wjalbe
0,0.0003844331642738327,cshubb,wjalbe
0,0.0003725052846133305,cshubb,wjalbe
0,0.00037038481896599574,cshubb,wjalbe
0,0.00036943328917772713,cshubb,wjalbe
0,0.00037073947276939907,cshubb,wjalbe
0,0.00037480708531183876,cshubb,wjalbe
0,0.00037591713938256644,cshubb,wjalbe
0,0.00036819473531974695,cshubb,wjalbe
0,0.00036766734051760095,cshubb,wjalbe
