0,0.00019350897027952752,cjcarr,9326871
0,0.00018701938889170602,cjcarr,9326871
0,0.0001920829511475788,cjcarr,9326871
0,0.00019388168336778163,cjcarr,9326871
0,0.00019288236097458504,cjcarr,9326871
0,0.0001938021602983479,cjcarr,9326871
0,0.00019604186106041336,cjcarr,9326871
0,0.00019197047591378694,cjcarr,9326871
0,0.0001910668585438196,cjcarr,9326871
0,0.0001914462946705043,cjcarr,9326871
0,0.00019162001795242347,cjcarr,9326871
0,0.00018730246004180964,cjcarr,9326871
0,0.00019044083942717715,cjcarr,9326871
0,0.0001881394444864793,cjcarr,9326871
0,0.00018812322113116042,cjcarr,9326871
0,0.00018949566847768954,cjcarr,9326871
0,0.00018776430268838443,cjcarr,9326871
0,0.00019146241023417851,cjcarr,9326871
0,0.00019086944290358374,cjcarr,9326871
0,0.0001807898264314956,dmwest,9332898
0,0.00017859632642217458,dmwest,9332898
0,0.00016531356662961974,dmwest,9332898
0,0.0001647257313010221,sidick,9332898
0,0.0001702226832435726,mberdo,9332898
0,0.00016980064776129822,dmwest,9332898
0,0.0001712080196947636,dmwest,9332898
0,0.00017708935989573855,sidick,9332898
0,0.0001715217977216454,dmwest,9332898
0,0.000169089583479144,dmwest,9332898
0,0.000170848783248924,dmwest,9332898
0,0.00017021849166844766,dmwest,9332898
0,0.00017318671010486467,dmwest,9332898
0,0.0001737826976208804,dmwest,9332898
0,0.00017653332777080568,dmwest,9332898
0,0.00017208924912356948,sidick,9332898
0,0.00017399718286084537,dmwest,9332898
0,0.0001725887900209744,dmwest,9332898
0,0.00017794810269368245,dmwest,9332898
0,0.00015101368280127076,khughe,9338446
0,0.0001607889747614604,jrtobi,9338446
0,0.0001617048270237604,mberdo,9338446
0,0.00016102762523540309,cjcarr,9338446
0,0.00015676852001984557,jrtobi,9338446
1,0.00014748217604820232,9338446,9338446
1,0.00014620171795595114,9338446,9338446
0,0.00014873152106859808,khughe,9338446
0,0.00015220263412773867,gjnorm,9338446
0,0.00015142233563854342,gjnorm,9338446
1,0.00015236476841225198,9338446,9338446
1,0.00014794365461491513,9338446,9338446
1,0.00014391203599505137,9338446,9338446
1,0.00014394151947055159,9338446,9338446
1,0.0001513288780156626,9338446,9338446
1,0.00015410380407242932,9338446,9338446
1,0.00015096296063318426,9338446,9338446
0,0.00014629884644314846,ajsega,9338446
0,0.00014725963701266027,khughe,9338446
0,0.00020231348544345285,asheal,9338454
0,0.00019959440910539627,mefait,9338454
0,0.00020095143942483768,asheal,9338454
0,0.00020275354445955048,asheal,9338454
0,0.00020580558137273051,asheal,9338454
0,0.00020674693178194276,asheal,9338454
0,0.00020658587186277237,asheal,9338454
0,0.00020649287601937354,asheal,9338454
0,0.00020379941762677266,asheal,9338454
0,0.00020631586231548943,asheal,9338454
0,0.00021399161882737765,asheal,9338454
0,0.00019092212658233963,asheal,9338454
0,0.00019190352358355552,asheal,9338454
0,0.00020035227042167688,asheal,9338454
0,0.00019188365904149437,asheal,9338454
0,0.00019325662554958267,asheal,9338454
0,0.0001933864231237595,asheal,9338454
0,0.00020696145674462115,asheal,9338454
0,0.00020314523154844335,asheal,9338454
1,0.0003023288950189256,9338462,9338462
1,0.0002913434884961807,9338462,9338462
1,0.0003010244845206596,9338462,9338462
1,0.00030278064215803773,9338462,9338462
1,0.000298915209398283,9338462,9338462
1,0.00029105106045316885,9338462,9338462
1,0.00030142818577314954,9338462,9338462
1,0.0002992919984054874,9338462,9338462
1,0.00029849252333834686,9338462,9338462
1,0.0002802657069751419,9338462,9338462
1,0.00029137504839415454,9338462,9338462
1,0.00030316514435420626,9338462,9338462
1,0.0003012161331992394,9338462,9338462
1,0.0002935792829859833,9338462,9338462
1,0.0002926824230572179,9338462,9338462
1,0.0002981593444474072,9338462,9338462
1,0.0003038466315556267,9338462,9338462
1,0.0002996301568701824,9338462,9338462
1,0.0003015498758162153,9338462,9338462
0,0.00016672454059405244,kdjone,9338489
0,0.000168926438589009,kdjone,9338489
0,0.0001668187093932661,kdjone,9338489
0,0.00017028819686120192,kdjone,9338489
0,0.00016726890537960474,kdjone,9338489
0,0.00015869238750036168,kdjone,9338489
0,0.00015830697753329884,kdjone,9338489
0,0.0001565714772126069,kdjone,9338489
1,0.00015820259040193746,9338489,9338489
0,0.00015292085017192347,kdjone,9338489
0,0.0001550607682672088,kdjone,9338489
0,0.0001713680035318361,kdjone,9338489
0,0.0001675166960991538,kdjone,9338489
0,0.00016769412667934035,kdjone,9338489
0,0.00016788520183308003,kdjone,9338489
0,0.00017002749635471346,kdjone,9338489
0,0.00016766429601277108,gjnorm,9338489
0,0.00016920855636054524,kdjone,9338489
0,0.00016918618414119897,kdjone,9338489
1,0.0001789850492293495,9338497,9338497
0,0.00018124858058175057,gjnorm,9338497
0,0.00018673271373643836,gjnorm,9338497
0,0.00017981114844636503,gjnorm,9338497
0,0.00018057999298145107,gjnorm,9338497
0,0.00018094731647059153,gjnorm,9338497
0,0.00018368027156917283,gjnorm,9338497
0,0.00018139602796691658,gjnorm,9338497
0,0.00018563071634876375,gjnorm,9338497
0,0.00019047885464951533,gjnorm,9338497
0,0.0001876280825643587,gjnorm,9338497
0,0.0001776405652888903,gjnorm,9338497
0,0.0001846482414571752,gjnorm,9338497
0,0.00018384702574298755,gjnorm,9338497
0,0.00018444011595415813,gjnorm,9338497
0,0.00019186238481872048,gjnorm,9338497
0,0.0001825938014765532,gjnorm,9338497
0,0.0001825593523983237,gjnorm,9338497
0,0.00018206309871738184,gjnorm,9338497
0,0.00021056690856390635,cjcarr,9338519
0,0.0002153493213533345,cjcarr,9338519
0,0.00021028712719835767,cjcarr,9338519
0,0.00021147757728642782,cjcarr,9338519
0,0.00021472271345637211,cjcarr,9338519
0,0.00022150886798806083,cjcarr,9338519
0,0.00021769768217646556,cjcarr,9338519
0,0.00021749523270613234,cjcarr,9338519
0,0.00022180408028170184,cjcarr,9338519
0,0.0002130173067440937,cjcarr,9338519
0,0.0002186373509502622,cjcarr,9338519
0,0.0002006943010973715,cjcarr,9338519
0,0.00020669383278036494,cjcarr,9338519
0,0.00020360528715438085,cjcarr,9338519
0,0.00020444439033014207,cjcarr,9338519
0,0.00020858903644703757,cjcarr,9338519
0,0.00020833644082090047,cjcarr,9338519
0,0.00021228549948210213,cjcarr,9338519
0,0.00021089595283893542,cjcarr,9338519
1,0.0001923809173592493,9338527,9338527
1,0.00019089145467952306,9338527,9338527
1,0.00019032127829218058,9338527,9338527
1,0.00020004463294745473,9338527,9338527
0,0.00019605455769863142,rnpwil,9338527
1,0.00019574752981527644,9338527,9338527
1,0.00019350460940512383,9338527,9338527
1,0.0001964632826304582,9338527,9338527
0,0.00018867305441360195,rnpwil,9338527
1,0.00019034544042113922,9338527,9338527
1,0.00018857059002840674,9338527,9338527
1,0.00020820000539438616,9338527,9338527
1,0.0001951553857501119,9338527,9338527
1,0.00020103010264057162,9338527,9338527
1,0.00021250126344354484,9338527,9338527
1,0.00020100679057130473,9338527,9338527
1,0.00021276607823351643,9338527,9338527
1,0.00021039900510574645,9338527,9338527
1,0.0001950523629333718,9338527,9338527
0,0.00024218264417117316,gjhero,9338543
0,0.0002625341247730708,gjhero,9338543
0,0.00026489495528158366,gjhero,9338543
0,0,unknown,9338543
0,0.00025792522995038045,gjhero,9338543
0,0,unknown,9338543
0,0.00021380983252604563,asheal,9338543
0,0.0002140769509299616,rlocke,9338543
0,0.00023002388662901382,gjhero,9338543
0,0.0002254681257485437,gjhero,9338543
0,0.00022712052819742035,asheal,9338543
0,0.0002528907419403031,gjhero,9338543
0,0.0002600259854879456,gjhero,9338543
0,0.0002519798516892914,gjhero,9338543
0,0.0002538847150934661,gjhero,9338543
0,0.00025246052225712587,gjhero,9338543
0,0.00025477098106044824,gjhero,9338543
0,0.0002556074220676051,gjhero,9338543
0,0.0002498444806293842,gjhero,9338543
1,0.0002112317691113373,9414649,9414649
1,0.00021020273332811846,9414649,9414649
1,0.0002083483462016063,9414649,9414649
1,0.00020932817880492087,9414649,9414649
1,0.00020978799672060025,9414649,9414649
1,0.0002076153220781614,9414649,9414649
1,0.00021233169835223746,9414649,9414649
1,0.00020439986529057028,9414649,9414649
1,0.00020637797291708722,9414649,9414649
1,0.00021150230597346626,9414649,9414649
1,0.00020472110118520962,9414649,9414649
1,0.00020684539900597086,9414649,9414649
1,0.0002067449372219992,9414649,9414649
1,0.0002075226337706863,9414649,9414649
1,0.0002073161729946995,9414649,9414649
1,0.00020921202970485822,9414649,9414649
1,0.0002114543833287921,9414649,9414649
1,0.00020887920104459807,9414649,9414649
1,0.0002133134501037479,9414649,9414649
1,0.0002429517656488626,9416994,9416994
1,0.00023250062772467192,9416994,9416994
1,0.00023840364358344897,9416994,9416994
1,0.0002365476564329511,9416994,9416994
1,0.00023190745967670596,9416994,9416994
0,0.0002387824774636275,nrclar,9416994
0,0.00023454501182994,rnpwil,9416994
0,0.00025042401939114815,gjhero,9416994
0,0.0002385197777267853,gjhero,9416994
0,0.0002709986436825311,gjhero,9416994
1,0.00024271678212225352,9416994,9416994
1,0.0002518239964745819,9416994,9416994
1,0.00024790817006583243,9416994,9416994
1,0.00024041997902420054,9416994,9416994
1,0.00023866653727177626,9416994,9416994
1,0.0002528850898866609,9416994,9416994
1,0.0002518847008988866,9416994,9416994
1,0.00024384077701050213,9416994,9416994
1,0.000249561570467589,9416994,9416994
1,0.00026307092074973586,admars,admars
1,0.00026815912765282735,admars,admars
1,0.00025906182429952403,admars,admars
1,0.0002674841260905618,admars,admars
1,0.00026341843253581187,admars,admars
1,0.000262132589823071,admars,admars
1,0.00025837809254707886,admars,admars
1,0.00025899805200327574,admars,admars
1,0.00026304379436037454,admars,admars
1,0.000265811032391398,admars,admars
1,0.0002661403320181632,admars,admars
1,0.0002661685191882288,admars,admars
1,0.00026647168021794843,admars,admars
1,0.00026277387938952994,admars,admars
1,0.0002634264367568319,admars,admars
1,0.000262548407213014,admars,admars
1,0.000262652955277346,admars,admars
1,0.0002643239686386975,admars,admars
1,0.00026199340200188677,admars,admars
1,0.00039831859319568413,ahodki,ahodki
1,0.0003842829804092611,ahodki,ahodki
1,0.00039933368601635167,ahodki,ahodki
1,0.00040936642596841287,ahodki,ahodki
1,0.00039706747690628375,ahodki,ahodki
1,0.00040067756814673446,ahodki,ahodki
1,0.00040655422419383884,ahodki,ahodki
1,0.00041128021140044596,ahodki,ahodki
1,0.0004077908634415881,ahodki,ahodki
1,0.00040415376750438343,ahodki,ahodki
1,0.0003950705421303869,ahodki,ahodki
1,0.00043401970464873265,ahodki,ahodki
1,0.00042909325698681054,ahodki,ahodki
1,0.00043565979489509264,ahodki,ahodki
1,0.0004274530350285665,ahodki,ahodki
1,0.0004321667852674757,ahodki,ahodki
1,0.00042986793751402394,ahodki,ahodki
1,0.00042802961290764566,ahodki,ahodki
1,0.0004136131008184826,ahodki,ahodki
1,0.00016722397177598142,ajflem,ajflem
0,0.00017379378999445044,pspliu,ajflem
0,0.00016891861247055225,pspliu,ajflem
1,0.00016906485080695212,ajflem,ajflem
0,0.00017642963290823152,pspliu,ajflem
1,0.00017163379389213663,ajflem,ajflem
0,0.00017171000873447803,pspliu,ajflem
0,0.0001776939937749817,pspliu,ajflem
0,0.0001743102049477528,pspliu,ajflem
0,0.00017099927766444658,pspliu,ajflem
0,0.00016913197672038848,pspliu,ajflem
0,0.0001730235703101877,pspliu,ajflem
0,0.0001743429825065731,pspliu,ajflem
0,0.00017351637100527633,pspliu,ajflem
0,0.00017488370207288507,pspliu,ajflem
1,0.00017228517935981457,ajflem,ajflem
0,0.0001718177727598857,pspliu,ajflem
0,0.00016985269726387637,pspliu,ajflem
0,0.00017271070515716133,pspliu,ajflem
0,0.000272030768660051,rnpwil,ajones
0,0.00027450113265156884,rnpwil,ajones
0,0.0002676396856223533,rnpwil,ajones
0,0.00028598840999938675,rnpwil,ajones
0,0.00028035413262725154,rnpwil,ajones
0,0.0002862115013350724,rnpwil,ajones
0,0.00027571955351873015,rnpwil,ajones
0,0.0002859845431400947,rnpwil,ajones
0,0.00028495062998840494,rnpwil,ajones
0,0.0002942342170494066,rnpwil,ajones
0,0.00028986500251825404,rnpwil,ajones
0,0.0002905816837924195,rnpwil,ajones
0,0.0002846910365379939,rnpwil,ajones
0,0.0002864889553588219,rnpwil,ajones
0,0.00028713072313073836,rnpwil,ajones
0,0.0002905468508304232,rnpwil,ajones
0,0.00028325126526553034,rnpwil,ajones
0,0.00029309135883168387,rnpwil,ajones
0,0.00026453175229824,rnpwil,ajones
1,0.0002105156935745758,ajsega,ajsega
1,0.00021696623982324053,ajsega,ajsega
1,0.00021316325482055885,ajsega,ajsega
1,0.0002193126566239385,ajsega,ajsega
1,0.0002062556941303171,ajsega,ajsega
1,0.0002068585445978522,ajsega,ajsega
1,0.0002031736189760059,ajsega,ajsega
1,0.00021065882114160124,ajsega,ajsega
1,0.00020932077589238345,ajsega,ajsega
1,0.00021362885266250185,ajsega,ajsega
1,0.00019867533632668776,ajsega,ajsega
1,0.00020589388443925037,ajsega,ajsega
1,0.0002066801269436644,ajsega,ajsega
1,0.0002068059415627794,ajsega,ajsega
1,0.00021572583129212967,ajsega,ajsega
1,0.00021008035186031486,ajsega,ajsega
1,0.00021473526444789817,ajsega,ajsega
1,0.00021621520715182858,ajsega,ajsega
1,0.00020508802647397134,ajsega,ajsega
0,0.00019995260210144258,9416994,akatsi
0,0.00019946624552217378,9416994,akatsi
0,0.0001978447894646686,9416994,akatsi
0,0.000197422544296081,9416994,akatsi
0,0.00019624975719179967,9416994,akatsi
0,0.0001969877371546528,9416994,akatsi
0,0.00019662886299047825,9416994,akatsi
0,0.000200331967519662,9416994,akatsi
0,0.00019331978408589843,9416994,akatsi
0,0.0001895682230700101,9416994,akatsi
0,0.0001867081453074031,9416994,akatsi
0,0.0002008396697925061,9416994,akatsi
0,0.00020245254523889526,9416994,akatsi
0,0.00019827714933430305,9416994,akatsi
0,0.00019756467101898927,9416994,akatsi
0,0.00019882402204424068,9416994,akatsi
0,0.00019546369676784028,9416994,akatsi
0,0.00019662700952734219,9416994,akatsi
0,0.00019934062228979554,9416994,akatsi
1,0.0001706209719677822,ambarw,ambarw
1,0.00019011654308154156,ambarw,ambarw
1,0.00018673652803810275,ambarw,ambarw
1,0.00019015178688587366,ambarw,ambarw
1,0.00018595872690706,ambarw,ambarw
1,0.00018034684600442614,ambarw,ambarw
1,0.00018050636462559925,ambarw,ambarw
1,0.00018747150669703235,ambarw,ambarw
1,0.00019215768666713432,ambarw,ambarw
1,0.00018875873291734693,ambarw,ambarw
1,0.00018122881118263256,ambarw,ambarw
1,0.0002036447963801011,ambarw,ambarw
1,0.00019623809386518586,ambarw,ambarw
1,0.00019830999034926953,ambarw,ambarw
1,0.00019980553286886638,ambarw,ambarw
1,0.00018680514028740253,ambarw,ambarw
1,0.0002042601876277569,ambarw,ambarw
1,0.00018979820628372968,ambarw,ambarw
1,0.0001849258631460902,ambarw,ambarw
1,0.00032804717681233364,asheal,asheal
1,0.00033098994678426255,asheal,asheal
1,0.00032314742972129964,asheal,asheal
1,0.00031789898794989696,asheal,asheal
1,0.0003213703011059615,asheal,asheal
1,0.0003242339738654983,asheal,asheal
1,0.00032359627685130376,asheal,asheal
1,0.0003268915985127189,asheal,asheal
1,0.00032331781017756473,asheal,asheal
1,0.00031866998235681606,asheal,asheal
1,0.0003202460036584347,asheal,asheal
1,0.00033161885899656403,asheal,asheal
1,0.00033144770942868915,asheal,asheal
1,0.0003233479814117196,asheal,asheal
1,0.00032832020428647625,asheal,asheal
1,0.0003343574875486225,asheal,asheal
1,0.0003287640672256458,asheal,asheal
1,0.00032834225691965853,asheal,asheal
1,0.0003238071576008755,asheal,asheal
1,0.0003461414336914819,bplyce,bplyce
1,0.0003483691419021389,bplyce,bplyce
1,0.00034807620672468637,bplyce,bplyce
1,0.0003499244026574216,bplyce,bplyce
1,0.0003503844881370567,bplyce,bplyce
1,0.00035366736355218564,bplyce,bplyce
1,0.0003550543171145978,bplyce,bplyce
1,0.0003568011361876498,bplyce,bplyce
1,0.0003514850459638286,bplyce,bplyce
1,0.0003565981465204723,bplyce,bplyce
1,0.0003558282783122161,bplyce,bplyce
1,0.00033767821563516505,bplyce,bplyce
1,0.0003431396881033093,bplyce,bplyce
1,0.00034123875507218924,bplyce,bplyce
1,0.0003381316077800807,bplyce,bplyce
1,0.00033678233340467425,bplyce,bplyce
1,0.0003374378451801078,bplyce,bplyce
1,0.0003377434298657497,bplyce,bplyce
1,0.0003398353896262025,bplyce,bplyce
1,0.0002318595498192055,cchris,cchris
1,0.00023437890223821658,cchris,cchris
1,0.00023081797145496353,cchris,cchris
1,0.00023873431692499191,cchris,cchris
1,0.00023776321644144942,cchris,cchris
1,0.00023034787398647975,cchris,cchris
1,0.0002347117007145005,cchris,cchris
1,0.00023744759126430082,cchris,cchris
1,0.0002336369037056231,cchris,cchris
1,0.00024273052109599535,cchris,cchris
1,0.00023446712948388035,cchris,cchris
1,0.00023650623809336142,cchris,cchris
1,0.00023748975358307546,cchris,cchris
1,0.00023582083283712994,cchris,cchris
1,0.00023498804235188846,cchris,cchris
1,0.0002337612893059617,cchris,cchris
1,0.0002276887991467267,cchris,cchris
1,0.00023207567398617716,cchris,cchris
1,0.00023124766793854282,cchris,cchris
0,0.00018468305277575777,ajsega,ccjame
0,0.0001755358672795073,jrtobi,ccjame
0,0.00018226807318468216,ajsega,ccjame
0,0.0001820605983319832,ajsega,ccjame
0,0.00017693694225743998,ajsega,ccjame
0,0.00017744036060490855,ajsega,ccjame
0,0.0001796337298464332,ajsega,ccjame
0,0.00017406799490885783,jrtobi,ccjame
0,0.00017391478933772043,ajsega,ccjame
0,0.00018327419607268576,ajsega,ccjame
0,0.00018062887878263597,ajsega,ccjame
1,0.000198603827132035,ccjame,ccjame
1,0.00019428306826774599,ccjame,ccjame
1,0.00019225474978669437,ccjame,ccjame
1,0.00019124950009231876,ccjame,ccjame
1,0.00019164236001271742,ccjame,ccjame
0,0.00019053624351485278,ajsega,ccjame
1,0.00019043125837388703,ccjame,ccjame
1,0.00018783438134397832,ccjame,ccjame
1,0.00036213735239195183,cferdo,cferdo
1,0.000366246521749478,cferdo,cferdo
1,0.00035003457770365297,cferdo,cferdo
1,0.00033318366410007785,cferdo,cferdo
1,0.00034648678570393894,cferdo,cferdo
1,0.00034948313014801887,cferdo,cferdo
1,0.0003215954163479307,cferdo,cferdo
1,0.00032904735812674154,cferdo,cferdo
1,0.00033008762978513427,cferdo,cferdo
1,0.0003298187815620289,cferdo,cferdo
1,0.00034366963928547406,cferdo,cferdo
1,0.0003567490313659075,cferdo,cferdo
1,0.00036584120318129904,cferdo,cferdo
1,0.0003693213124090431,cferdo,cferdo
1,0.0003667198478199152,cferdo,cferdo
1,0.00035869382493890824,cferdo,cferdo
1,0.0003524290279730986,cferdo,cferdo
1,0.0003654011117765642,cferdo,cferdo
1,0.00034590813794363364,cferdo,cferdo
0,0.0001924663170370062,cjcarr,cgboyc
0,0.0001882034895267273,cjcarr,cgboyc
0,0.00018789151005562017,gjnorm,cgboyc
0,0.0001850062392254076,gjnorm,cgboyc
0,0.00019840218906465434,cjcarr,cgboyc
0,0.00019095008924575988,cjcarr,cgboyc
0,0.00019832933118167913,cjcarr,cgboyc
0,0.0001984754380619651,cjcarr,cgboyc
0,0.00019189495754043203,cjcarr,cgboyc
0,0.00020030894187121387,cjcarr,cgboyc
0,0.00018906367045175165,gjnorm,cgboyc
0,0.00018730178931771982,gjnorm,cgboyc
0,0.00018715842922274183,gjnorm,cgboyc
0,0.0001871960792253881,gjnorm,cgboyc
0,0.00018869934679542245,gjnorm,cgboyc
0,0.0001884901326126954,gjnorm,cgboyc
0,0.00018742653923177336,gjnorm,cgboyc
0,0.00018656177604683098,gjnorm,cgboyc
0,0.000188947135343609,gjnorm,cgboyc
1,0.00023565768421699422,cjcarr,cjcarr
1,0.0002341991003578752,cjcarr,cjcarr
1,0.00022050095833233302,cjcarr,cjcarr
1,0.0002291490302161166,cjcarr,cjcarr
1,0.0002149371602043169,cjcarr,cjcarr
1,0.00021385467947237073,cjcarr,cjcarr
1,0.00021800291697221736,cjcarr,cjcarr
1,0.0002141570139180551,cjcarr,cjcarr
1,0.00023217984909879087,cjcarr,cjcarr
1,0.00022275091320863278,cjcarr,cjcarr
1,0.00021814757207233714,cjcarr,cjcarr
1,0.0002536326998955504,cjcarr,cjcarr
1,0.0002441639556458408,cjcarr,cjcarr
1,0.00024106857704295762,cjcarr,cjcarr
1,0.0002423850745172353,cjcarr,cjcarr
1,0.00024909948947548344,cjcarr,cjcarr
1,0.0002412785604463041,cjcarr,cjcarr
1,0.00024637926422844925,cjcarr,cjcarr
1,0.00023223315141295914,cjcarr,cjcarr
0,0.00017475495686909524,gjnorm,cjdenn
0,0.00017834317876544843,gjnorm,cjdenn
0,0.00017564479034843007,gjnorm,cjdenn
0,0.00016828436856590378,gjnorm,cjdenn
0,0.00017543388055882427,gjnorm,cjdenn
0,0.00018090357695102374,gjnorm,cjdenn
0,0.0001834134493604677,gjnorm,cjdenn
0,0.00018705409270790765,gjnorm,cjdenn
0,0.0001805712454722517,gjnorm,cjdenn
0,0.00018017182843494873,gjnorm,cjdenn
0,0.00016802860345377574,gjnorm,cjdenn
0,0.0001909064371551941,gjnorm,cjdenn
0,0.0001825076982211029,gjnorm,cjdenn
0,0.00018132688173496365,gjnorm,cjdenn
0,0.0001821671891774409,gjnorm,cjdenn
0,0.00017579103756036005,gjnorm,cjdenn
0,0.00018122840688236086,gjnorm,cjdenn
0,0.00017360894034201444,gjnorm,cjdenn
0,0.00017117992637490046,gjnorm,cjdenn
1,0.00021129145341713148,cjsake,cjsake
1,0.00020764052315517124,cjsake,cjsake
1,0.00020982961962168344,cjsake,cjsake
0,0.00020793556354023316,miaduc,cjsake
1,0.00020625185875565251,cjsake,cjsake
0,0.00020782283389108577,cjcarr,cjsake
1,0.00019776837205793597,cjsake,cjsake
1,0.00020509973684345003,cjsake,cjsake
0,0.00020324545740659658,cjcarr,cjsake
0,0.00020541534375185155,cjcarr,cjsake
1,0.00020335438047285257,cjsake,cjsake
1,0.00021186950239301196,cjsake,cjsake
1,0.00021334846569266092,cjsake,cjsake
1,0.0002079360644298999,cjsake,cjsake
1,0.00021217914718024008,cjsake,cjsake
1,0.00020759955781235633,cjsake,cjsake
1,0.0002103300959167856,cjsake,cjsake
1,0.00021162036065528521,cjsake,cjsake
1,0.0002095388692439486,cjsake,cjsake
1,0.00019976535526348798,cmkirk,cmkirk
1,0.00019621555697039642,cmkirk,cmkirk
1,0.00019375423490811485,cmkirk,cmkirk
1,0.00019712524117234894,cmkirk,cmkirk
1,0.00019622944728023788,cmkirk,cmkirk
1,0.0001941983341410479,cmkirk,cmkirk
1,0.00019770312530127682,cmkirk,cmkirk
1,0.00019601310355935313,cmkirk,cmkirk
0,0.0001877083077000955,kjwith,cmkirk
1,0.00018557262354313686,cmkirk,cmkirk
0,0.00018285843395034199,pspliu,cmkirk
1,0.0002007451924192828,cmkirk,cmkirk
1,0.00020558294585103706,cmkirk,cmkirk
1,0.00020576475874639378,cmkirk,cmkirk
1,0.00020313205794112026,cmkirk,cmkirk
1,0.00020910686146017227,cmkirk,cmkirk
1,0.00020370384809298013,cmkirk,cmkirk
1,0.00020387440457880592,cmkirk,cmkirk
1,0.0002054234849413056,cmkirk,cmkirk
1,0.00032260770463410945,csanch,csanch
1,0.00032244828084228544,csanch,csanch
1,0.00033320560951683045,csanch,csanch
1,0.0003313994838913729,csanch,csanch
1,0.0003284726925715178,csanch,csanch
1,0.0003218372096182447,csanch,csanch
1,0.0003250205339781404,csanch,csanch
1,0.00033105109302985597,csanch,csanch
1,0.00034077722660290236,csanch,csanch
1,0.0003273690994574927,csanch,csanch
1,0.0003113924893533338,csanch,csanch
1,0.00031027637046314005,csanch,csanch
1,0.0003120717444991008,csanch,csanch
1,0.0003154159231629965,csanch,csanch
1,0.0003139293189993932,csanch,csanch
1,0.00030656018382754796,csanch,csanch
0,0.00029500483192174636,nwilli,csanch
0,0.00030122339532040503,nwilli,csanch
0,0.00030456139280295966,nwilli,csanch
1,0.00042086796812860523,cshubb,cshubb
1,0.0004149693057191278,cshubb,cshubb
1,0.00042102756516621166,cshubb,cshubb
1,0.0004183330438868043,cshubb,cshubb
1,0.00041557896376839885,cshubb,cshubb
1,0.000414690514645637,cshubb,cshubb
1,0.0004166072922074069,cshubb,cshubb
1,0.0004117874821532727,cshubb,cshubb
1,0.0004192835001667908,cshubb,cshubb
1,0.00041082318576824713,cshubb,cshubb
1,0.00041832138301477564,cshubb,cshubb
1,0.0004138818704307075,cshubb,cshubb
1,0.0004071851806384422,cshubb,cshubb
1,0.00040267471273527596,cshubb,cshubb
1,0.0004082002816773603,cshubb,cshubb
1,0.00040551529973844854,cshubb,cshubb
1,0.0004192384872843337,cshubb,cshubb
1,0.0004184061906158092,cshubb,cshubb
1,0.0004182803864067058,cshubb,cshubb
0,0.00017959995051213608,pspliu,cwchoi
0,0.000188776828136392,pspliu,cwchoi
0,0.0001873439374685306,pspliu,cwchoi
0,0.00018085371434650371,pspliu,cwchoi
1,0.0001837742487368867,cwchoi,cwchoi
1,0.00018350679579583258,cwchoi,cwchoi
0,0.00018305977357622915,pspliu,cwchoi
0,0.00018746964283650004,pspliu,cwchoi
1,0.00018172276598741043,cwchoi,cwchoi
0,0.00018624770965836436,pspliu,cwchoi
1,0.0001843213850021253,cwchoi,cwchoi
1,0.00018172705859314744,cwchoi,cwchoi
1,0.00018023269013873376,cwchoi,cwchoi
1,0.00018151638215893829,cwchoi,cwchoi
1,0.00018209766698922277,cwchoi,cwchoi
0,0.00018144792585145429,pspliu,cwchoi
1,0.0001844902580466406,cwchoi,cwchoi
0,0.00018316248257630756,pspliu,cwchoi
1,0.0001805772213128087,cwchoi,cwchoi
1,0.0004241797174969863,dagran,dagran
1,0.0004363693346876087,dagran,dagran
1,0.00040843758171808423,dagran,dagran
1,0.0004136249330031241,dagran,dagran
1,0.0004246433751459197,dagran,dagran
1,0.0004205051150411474,dagran,dagran
1,0.0004172912065795817,dagran,dagran
1,0.000416092052270443,dagran,dagran
1,0.0004276274635339767,dagran,dagran
1,0.00041601222978197145,dagran,dagran
1,0.0004021507594679397,dagran,dagran
1,0.00043547435241964705,dagran,dagran
1,0.0004446334738133651,dagran,dagran
1,0.0004337870900535611,dagran,dagran
1,0.0004382998712752749,dagran,dagran
1,0.0004348535984442531,dagran,dagran
1,0.0004307630670163656,dagran,dagran
1,0.00043569045660747473,dagran,dagran
1,0.00041746502153375183,dagran,dagran
0,0.00019205703991896213,pmives,dakram
0,0.0001979899935824443,mjhans,dakram
0,0.0001899048236772398,pmives,dakram
0,0.00019572060941306702,mjhans,dakram
0,0.0002059688021045446,mjhans,dakram
0,0.00019066722856623017,mjhans,dakram
0,0.00018810733931578835,pmives,dakram
0,0.00019182258953815998,mjhans,dakram
0,0.00018645947857268597,pmives,dakram
0,0.00018959284069652377,pmives,dakram
0,0.00018969901613343656,mjhans,dakram
0,0.00019016980032104106,mjhans,dakram
0,0.0001865383948896886,pmives,dakram
0,0.0001918209205100856,mjhans,dakram
0,0.00019708994427010613,mjhans,dakram
0,0.00018986801770344916,pmives,dakram
0,0.00019677781975496007,mjhans,dakram
0,0.00019503709710418088,mjhans,dakram
0,0.00019495251438853516,mjhans,dakram
1,0.0001916803959290725,dcbowe,dcbowe
1,0.0001948511493181861,dcbowe,dcbowe
1,0.0001866333769401398,dcbowe,dcbowe
0,0.00019080734487669597,gjnorm,dcbowe
1,0.00019343220533937514,dcbowe,dcbowe
1,0.0001952737815864849,dcbowe,dcbowe
1,0.00019147247383145867,dcbowe,dcbowe
1,0.0001976940773302163,dcbowe,dcbowe
1,0.00019504706583123126,dcbowe,dcbowe
1,0.00019548499734191375,dcbowe,dcbowe
0,0.00019547507370350914,gjnorm,dcbowe
1,0.00018924985129846312,dcbowe,dcbowe
0,0.00019087987572438946,gjnorm,dcbowe
1,0.00019376437987239124,dcbowe,dcbowe
1,0.00019214297142146987,dcbowe,dcbowe
1,0.00019763769450520892,dcbowe,dcbowe
1,0.00019154176803447468,dcbowe,dcbowe
1,0.00019702912759012842,dcbowe,dcbowe
1,0.00018901498160306236,dcbowe,dcbowe
1,0.0002584066349833075,dioann,dioann
1,0.0002594155618311104,dioann,dioann
1,0.0002615577141501201,dioann,dioann
1,0.0002300545299963802,dioann,dioann
1,0.00022204319429055866,dioann,dioann
1,0.00022501939921743984,dioann,dioann
1,0.00023188142284738655,dioann,dioann
1,0.00022278066837839072,dioann,dioann
1,0.00023653778853608527,dioann,dioann
1,0.00025689751849510163,dioann,dioann
1,0.00023414679889201227,dioann,dioann
1,0.00027193838940409377,dioann,dioann
1,0.000271246925363024,dioann,dioann
1,0.00026311368099617263,dioann,dioann
1,0.0002633177203650425,dioann,dioann
1,0.00025511336674281337,dioann,dioann
1,0.0002684722147101488,dioann,dioann
1,0.00026318601475375805,dioann,dioann
1,0.0002497248614819351,dioann,dioann
1,0.00020551546062042608,djbirc,djbirc
1,0.00020015980883556774,djbirc,djbirc
1,0.00020499615427518644,djbirc,djbirc
1,0.0002005410367174111,djbirc,djbirc
1,0.00019622071510049942,djbirc,djbirc
1,0.0001904201771774364,djbirc,djbirc
1,0.00019390498211003648,djbirc,djbirc
1,0.0001990507676656981,djbirc,djbirc
1,0.00020490200196098077,djbirc,djbirc
1,0.00019222467232891553,djbirc,djbirc
1,0.00020058953027068065,djbirc,djbirc
1,0.00019771973939110773,djbirc,djbirc
1,0.00019833427985828215,djbirc,djbirc
1,0.00020052954058083996,djbirc,djbirc
1,0.00019951470199117816,djbirc,djbirc
1,0.000200832415347019,djbirc,djbirc
1,0.00020082378355837073,djbirc,djbirc
1,0.00020008306067331524,djbirc,djbirc
1,0.0001946470885463141,djbirc,djbirc
0,0.0002156326937664275,cjcarr,djhugh
0,0.00020907152602202592,cjcarr,djhugh
0,0.0002137417059547918,cjcarr,djhugh
0,0.00021137557318055163,cjcarr,djhugh
0,0.00021487228844322784,cjcarr,djhugh
0,0.00021695020994529958,cjcarr,djhugh
0,0.0002146177037841393,cjcarr,djhugh
0,0.00022099746540098808,cjcarr,djhugh
0,0.0002158633748466195,cjcarr,djhugh
0,0.00020940158014209748,cjcarr,djhugh
0,0.00020375202903515028,cjcarr,djhugh
0,0.00021356257097289897,cjcarr,djhugh
0,0.00021458589734055702,cjcarr,djhugh
0,0.00021374650886664794,cjcarr,djhugh
0,0.00021515497539176896,cjcarr,djhugh
0,0.00021533111739076568,cjcarr,djhugh
0,0.00021811236288619035,cjcarr,djhugh
0,0.0002124254965876781,cjcarr,djhugh
0,0.00021987988148708314,cjcarr,djhugh
0,0.00017207901542554604,ccjame,djmart
0,0.00017668384154221305,ccjame,djmart
0,0.0001755158921578903,ccjame,djmart
0,0.00018515608274566285,ccjame,djmart
0,0.00018580125081831835,ccjame,djmart
0,0.00018179406803965438,ccjame,djmart
0,0.00017262401593777662,ajsega,djmart
0,0.00018921919345258462,ccjame,djmart
0,0.00018307010430267494,ccjame,djmart
0,0.00018980056436752743,ccjame,djmart
0,0.00018717041832881087,ccjame,djmart
0,0,unknown,djmart
1,0.00018519491844074296,djmart,djmart
1,0.0001893364021648347,djmart,djmart
0,0,unknown,djmart
1,0.0001936627682453522,djmart,djmart
0,0,unknown,djmart
1,0.0001903832533664058,djmart,djmart
1,0.00018693930420718088,djmart,djmart
0,0.0001705189910506358,gjnorm,dmwest
0,0.00016545415589626776,kdjone,dmwest
0,0.00016524808252887997,kdjone,dmwest
0,0.0001657595956613785,kdjone,dmwest
0,0.0001703447042354657,kdjone,dmwest
0,0.00016818125396738257,kdjone,dmwest
0,0.0001639723516576141,kdjone,dmwest
0,0.00016349598398573615,kdjone,dmwest
0,0.00016361139837613983,kdjone,dmwest
0,0.00015999536277611106,kdjone,dmwest
0,0.0001648953548298487,kdjone,dmwest
0,0.0001668845324752691,kdjone,dmwest
0,0.0001652557848716339,kdjone,dmwest
0,0.0001666633937104042,kdjone,dmwest
0,0.000166300381546377,gjnorm,dmwest
0,0.00016522922021720786,kdjone,dmwest
0,0.00016078892105701685,kdjone,dmwest
0,0.00016973396730935657,kdjone,dmwest
0,0.00016383726500696837,kdjone,dmwest
0,0.00017932744922385303,pspliu,gdhatc
0,0.00017866400688088506,pspliu,gdhatc
0,0.00017979267674396893,pspliu,gdhatc
0,0.0001775289852253283,9416994,gdhatc
0,0.00017976780214043437,pspliu,gdhatc
0,0.0001781780863546168,pspliu,gdhatc
0,0.00017893866517045278,pspliu,gdhatc
0,0.00017805960460194275,pspliu,gdhatc
0,0.00018315286168909249,pspliu,gdhatc
0,0.00018031098283994781,pspliu,gdhatc
0,0.0001846701562304534,pspliu,gdhatc
0,0.0001864824886616602,pspliu,gdhatc
0,0.00018410489284355165,pspliu,gdhatc
0,0.00018110598732954568,pspliu,gdhatc
1,0.0001787548448177506,gdhatc,gdhatc
0,0.00017996063987756075,pspliu,gdhatc
0,0.00018034258831564758,pspliu,gdhatc
0,0.00018349218193474973,pspliu,gdhatc
0,0.00017511298815293182,pspliu,gdhatc
0,0.00021388582468394592,9416994,ggeorg
0,0.00021070086555049147,9416994,ggeorg
0,0.00021623254030711308,9416994,ggeorg
0,0.00021701469645242545,ggrego,ggeorg
0,0.00021043890144794664,ggrego,ggeorg
0,0.000206622759122011,ggrego,ggeorg
0,0.0002085124530454539,ggrego,ggeorg
0,0.00020769871667602774,namull,ggeorg
0,0.00021504546541446448,ggrego,ggeorg
0,0.00021171286852951935,ggrego,ggeorg
0,0.0002143880597590316,ggrego,ggeorg
0,0.00019446689390585943,ggrego,ggeorg
0,0.00020296223876880163,ggrego,ggeorg
0,0.0001977472324630298,ggrego,ggeorg
0,0.00020244876144144552,ggrego,ggeorg
0,0.00020071265470336555,ggrego,ggeorg
0,0.00020908890687163433,9416994,ggeorg
0,0.00020672176394084558,ggrego,ggeorg
0,0.00020737790288623785,ggrego,ggeorg
1,0.00025843170233621376,ggrego,ggrego
1,0.0002449889983873435,ggrego,ggrego
1,0.0002379956197371857,ggrego,ggrego
1,0.00023893597593541328,ggrego,ggrego
1,0.0002447790903211075,ggrego,ggrego
0,0.0002330935107794476,rnpwil,ggrego
0,0.00022751017110905495,rnpwil,ggrego
1,0.00024000734595985845,ggrego,ggrego
0,0.00022958030880175297,rnpwil,ggrego
1,0.0002265459443508128,ggrego,ggrego
1,0.000221415633775732,ggrego,ggrego
1,0.0002636075708552735,ggrego,ggrego
1,0.00026708764474852817,ggrego,ggrego
0,0.00025929994411010525,rnpwil,ggrego
1,0.00025875034645926435,ggrego,ggrego
1,0.000257074198271748,ggrego,ggrego
1,0.00026879464834650966,ggrego,ggrego
1,0.00026225174145173564,ggrego,ggrego
1,0.00025490491379103706,ggrego,ggrego
1,0.0003976971420192622,gjhero,gjhero
1,0.0003778318601619236,gjhero,gjhero
1,0.00041263000115790107,gjhero,gjhero
1,0.0004153813613174543,gjhero,gjhero
1,0.00042120435903500545,gjhero,gjhero
1,0.0004301334104908695,gjhero,gjhero
1,0.0004244348868783498,gjhero,gjhero
1,0.00040388514767670093,gjhero,gjhero
1,0.00040107403090599387,gjhero,gjhero
1,0.00040405769341406964,gjhero,gjhero
1,0.0004109259708957598,gjhero,gjhero
1,0.0004311048428681584,gjhero,gjhero
1,0.00043203338892034766,gjhero,gjhero
1,0.00043434789847662027,gjhero,gjhero
1,0.0004155162304498137,gjhero,gjhero
1,0.00042244101399112663,gjhero,gjhero
1,0.0004165601798113591,gjhero,gjhero
1,0.00041134049729697097,gjhero,gjhero
1,0.0004284520697424376,gjhero,gjhero
1,0.00026162092145096333,gjnorm,gjnorm
1,0.00024681588397697647,gjnorm,gjnorm
1,0.0002342801114376259,gjnorm,gjnorm
1,0.0002338689813955406,gjnorm,gjnorm
1,0.00023158191405511317,gjnorm,gjnorm
1,0.00024359683390661656,gjnorm,gjnorm
1,0.00024190285668816138,gjnorm,gjnorm
1,0.00023657278640679835,gjnorm,gjnorm
1,0.00024356670927683235,gjnorm,gjnorm
1,0.00024319542865312705,gjnorm,gjnorm
1,0.0002444784638550919,gjnorm,gjnorm
1,0.0002687055912191926,gjnorm,gjnorm
1,0.0002671982000155855,gjnorm,gjnorm
1,0.00026718445954509356,gjnorm,gjnorm
1,0.00027714616525739764,gjnorm,gjnorm
1,0.0002700376683926551,gjnorm,gjnorm
1,0.0002685800721349384,gjnorm,gjnorm
1,0.00026270517743994323,gjnorm,gjnorm
1,0.00026905820305883,gjnorm,gjnorm
0,0.00019492251126565588,cjcarr,gmwate
0,0.00018446269685635483,cjcarr,gmwate
0,0.00018759140509093218,cjcarr,gmwate
0,0.00018512249123439324,cjcarr,gmwate
0,0.00018228368439232188,cjcarr,gmwate
0,0.00018376557535157106,cjcarr,gmwate
0,0.0001896140540173912,cjcarr,gmwate
0,0.00019037040408250835,cjcarr,gmwate
0,0.00018351579025314486,cjcarr,gmwate
0,0.0001790484369047209,cjcarr,gmwate
0,0.00018438174980082663,cjcarr,gmwate
0,0.0001840522747972467,cjcarr,gmwate
0,0.00018853863980123405,cjcarr,gmwate
0,0.00018940714864643235,cjcarr,gmwate
0,0.00018336502351407337,cjcarr,gmwate
0,0.00018440447260285612,cjcarr,gmwate
0,0.00018507359326136224,cjcarr,gmwate
0,0.0001820176885337251,cjcarr,gmwate
0,0.00019210202930049314,cjcarr,gmwate
0,0.0002678181274109627,gjhero,gpapaz
0,0.00027046325686610475,gjhero,gpapaz
0,0.00027926796033854375,gjhero,gpapaz
0,0.00028030741033231233,gjhero,gpapaz
0,0.00027692686091073656,gjhero,gpapaz
0,0.000274540739405316,gjhero,gpapaz
0,0.00027575592060880385,gjhero,gpapaz
0,0.00027248641354674276,gjhero,gpapaz
0,0.000277822638133167,gjhero,gpapaz
0,0.00027110041604591064,gjhero,gpapaz
0,0.00027545215232310246,gjhero,gpapaz
0,0.00027235691326312974,gjhero,gpapaz
0,0.00027671442215352216,gjhero,gpapaz
0,0.0002719502902000905,gjhero,gpapaz
0,0.00027711472649703204,gjhero,gpapaz
0,0.0002746827043766738,gjhero,gpapaz
0,0.0002742675101274189,gjhero,gpapaz
0,0.00028395997703966366,gjhero,gpapaz
0,0.0002650505072643386,rnpwil,gpapaz
1,0.00020136605460954166,gpsmit,gpsmit
1,0.00020025568569341317,gpsmit,gpsmit
1,0.00019902896578103774,gpsmit,gpsmit
1,0.0002062002952872037,gpsmit,gpsmit
1,0.00020054660894156345,gpsmit,gpsmit
1,0.00020651080732417192,gpsmit,gpsmit
1,0.00021406067556535544,gpsmit,gpsmit
1,0.0002048757418871855,gpsmit,gpsmit
1,0.00020307920640796838,gpsmit,gpsmit
1,0.00020915887184507262,gpsmit,gpsmit
1,0.00020279531740812298,gpsmit,gpsmit
1,0.00020194123048193171,gpsmit,gpsmit
1,0.00020192223116427614,gpsmit,gpsmit
1,0.00020492498083952943,gpsmit,gpsmit
1,0.00020757992763337826,gpsmit,gpsmit
1,0.00020454021275834554,gpsmit,gpsmit
1,0.00020352512832927196,gpsmit,gpsmit
1,0.0002015811924272183,gpsmit,gpsmit
1,0.00020745876236958192,gpsmit,gpsmit
0,0.00021216480704349752,cjcarr,gsreas
0,0.0002171102225832977,cjcarr,gsreas
0,0.00021574108337015164,cjcarr,gsreas
0,0.0002203714849243095,cjcarr,gsreas
0,0.00020990610646270602,cjcarr,gsreas
0,0.00021488313122125708,cjcarr,gsreas
0,0.00020781710218843516,cjcarr,gsreas
0,0.0001998186734512512,cjcarr,gsreas
0,0.00020926266244579585,cjcarr,gsreas
0,0.00020459729489404884,cjcarr,gsreas
0,0.0002052987860246269,cjcarr,gsreas
0,0.00021743855396925182,cjcarr,gsreas
0,0.00021861576548274416,cjcarr,gsreas
0,0.00021107169300356256,cjcarr,gsreas
0,0.00020982015286516412,cjcarr,gsreas
0,0.0002159400596569144,cjcarr,gsreas
0,0.0002100486410287441,cjcarr,gsreas
0,0.0002162481168260714,cjcarr,gsreas
0,0.00021156283883981057,cjcarr,gsreas
0,0.00022357706848946242,9416994,irdrew
0,0.00020775017565481096,9416994,irdrew
0,0.00021266391248812324,9416994,irdrew
0,0.00020902983357879893,9416994,irdrew
0,0.00020703752952524457,9416994,irdrew
0,0.00021529817792898816,9416994,irdrew
0,0.0002096688110597096,9416994,irdrew
0,0.00020631131185304787,9416994,irdrew
0,0.0002121705786505285,9416994,irdrew
0,0.00020591104062612874,ndbank,irdrew
0,0.00021016238771800642,9416994,irdrew
0,0.00022196548544278536,ggeorg,irdrew
0,0.00021878724594860495,ggeorg,irdrew
0,0.00021969821544172012,9416994,irdrew
0,0.0002227593768411636,9416994,irdrew
0,0.00022010975702904854,ggeorg,irdrew
0,0.0002186397648879348,ggeorg,irdrew
0,0.00021936957360001242,ggeorg,irdrew
0,0.00021810181313443094,9416994,irdrew
0,0.00019632503109599792,gjnorm,jabins
0,0.00018640557514007977,gjnorm,jabins
0,0.0001882731326461465,gjnorm,jabins
0,0.0001950008740357156,gjnorm,jabins
0,0.0001928910385279978,gjnorm,jabins
0,0.00018989174499562796,gjnorm,jabins
0,0.00018857616885855017,gjnorm,jabins
0,0.00019250000540117947,gjnorm,jabins
0,0.00018868773615587128,gjnorm,jabins
0,0.0001987401523565115,gjnorm,jabins
0,0.0001844148703088052,cjcarr,jabins
0,0.0001895658063725266,gjnorm,jabins
0,0.00018517091960946517,gjnorm,jabins
0,0.00018395835004564106,gjnorm,jabins
0,0.00018417057893034544,gjnorm,jabins
0,0.0001816554806532591,gjnorm,jabins
0,0.00018157738507806426,gjnorm,jabins
0,0.00018533885200231964,gjnorm,jabins
0,0.0001845150783143173,gjnorm,jabins
0,0.0001940449819765826,gjnorm,jagrif
0,0.00018208293008175862,gjnorm,jagrif
0,0.00018916886534946946,gjnorm,jagrif
0,0.00018994357668902087,gjnorm,jagrif
0,0.00019188703547106978,gjnorm,jagrif
0,0.0001894902250952239,gjnorm,jagrif
0,0.00019130915797846125,gjnorm,jagrif
0,0.0001869487595928596,gjnorm,jagrif
0,0.00018850931767404233,gjnorm,jagrif
0,0.00016993612279888644,gjnorm,jagrif
0,0.00017225285224121967,gjnorm,jagrif
0,0.00020156618332303105,gjnorm,jagrif
0,0.0001978733064175446,gjnorm,jagrif
0,0.00020588117837665675,gjnorm,jagrif
0,0.00020375863908033944,gjnorm,jagrif
0,0.00020166993313342353,gjnorm,jagrif
0,0.00020030730540282528,gjnorm,jagrif
0,0.0002010669945988504,gjnorm,jagrif
0,0.0002012403719443199,gjnorm,jagrif
1,0.0003735121824063404,jcarte,jcarte
1,0.0003746717439489762,jcarte,jcarte
1,0.0003766338727568462,jcarte,jcarte
1,0.0003747896939023107,jcarte,jcarte
1,0.00038171667553437224,jcarte,jcarte
1,0.00038973670481739863,jcarte,jcarte
1,0.00040976546044863856,jcarte,jcarte
1,0.0003632302969392516,jcarte,jcarte
1,0.0003647964210849083,jcarte,jcarte
1,0.0003573073836846637,jcarte,jcarte
1,0.00037024259127628576,jcarte,jcarte
1,0.0003814572640280071,jcarte,jcarte
1,0.0003951184493940859,jcarte,jcarte
1,0.00040306018962896266,jcarte,jcarte
1,0.00036709383949083224,jcarte,jcarte
1,0.0003793821192954841,jcarte,jcarte
1,0.00036513336202378255,jcarte,jcarte
1,0.00038835613602990475,jcarte,jcarte
1,0.00037428816859926727,jcarte,jcarte
1,0.00016878166525913875,jdbenm,jdbenm
1,0.00016536654333940327,jdbenm,jdbenm
1,0.0001630789208054516,jdbenm,jdbenm
1,0.00016579332420418101,jdbenm,jdbenm
1,0.00016177086620213253,jdbenm,jdbenm
1,0.0001677144611560894,jdbenm,jdbenm
1,0.00016526339461502105,jdbenm,jdbenm
1,0.0001674671392346655,jdbenm,jdbenm
1,0.00016185692590877523,jdbenm,jdbenm
1,0.00016288956305750705,jdbenm,jdbenm
1,0.0001660940602750467,jdbenm,jdbenm
0,0.00016437255204752526,djbirc,jdbenm
1,0.00016243469585101083,jdbenm,jdbenm
0,0.00016903864739944673,djbirc,jdbenm
0,0.00016847233618935372,djbirc,jdbenm
1,0.00016050916528749293,jdbenm,jdbenm
1,0.00016829389636100617,jdbenm,jdbenm
0,0.00017173482407295844,djbirc,jdbenm
1,0.0001682966310998985,jdbenm,jdbenm
0,0.00020030948913545823,gjnorm,jgloma
0,0.00020428976396220217,gjnorm,jgloma
0,0.00020644253261056168,gjnorm,jgloma
0,0.000206125965053658,gjnorm,jgloma
0,0.00020717795069045413,gjnorm,jgloma
0,0.00020524147145596964,gjnorm,jgloma
0,0.00020637743161202815,gjnorm,jgloma
0,0.00020647871204164546,gjnorm,jgloma
0,0.0002059738072491822,gjnorm,jgloma
0,0.00020299976398926553,gjnorm,jgloma
0,0.000208756893983597,gjnorm,jgloma
0,0.00020322285832519944,gjnorm,jgloma
0,0.00020710478083995858,gjnorm,jgloma
0,0.0002079049725929006,gjnorm,jgloma
0,0.00020871786843331932,gjnorm,jgloma
0,0.0002085184801074038,gjnorm,jgloma
0,0.00020588273224290268,gjnorm,jgloma
0,0.0002079691135377259,gjnorm,jgloma
0,0.00020355620030024061,gjnorm,jgloma
0,0.00030295834152832974,gjhero,jlemon
0,0.00029738862161074204,gjhero,jlemon
0,0.0002967456483107664,gjhero,jlemon
0,0.00029879365767705317,gjhero,jlemon
0,0.00029567323545142733,gjhero,jlemon
0,0.00028803648566237417,gjhero,jlemon
0,0.0002909159589330917,gjhero,jlemon
0,0.00029252942632004137,gjhero,jlemon
0,0.000291548658339282,gjhero,jlemon
0,0.0002979110551524273,gjhero,jlemon
0,0.000297216164433612,gjhero,jlemon
0,0.0002938092676999033,gjhero,jlemon
0,0.0002936699578259992,gjhero,jlemon
0,0.0002743018571992666,gjhero,jlemon
0,0.0002729643998577068,gjhero,jlemon
0,0.0002771584116251947,gjhero,jlemon
0,0.0002907037101641098,gjhero,jlemon
0,0.00029600312453970654,gjhero,jlemon
0,0.0003085302315133192,gjhero,jlemon
0,0.000240795211785004,asheal,jmedin
0,0.0002565237304805762,asheal,jmedin
0,0.0002608018375459918,asheal,jmedin
0,0.00025369058128970684,asheal,jmedin
0,0.00024820443382341455,asheal,jmedin
0,0.00025036086062306845,asheal,jmedin
0,0.00024935647194521484,asheal,jmedin
0,0.00025134454803276145,asheal,jmedin
0,0.0002503251229339461,asheal,jmedin
0,0.00025146436412279427,asheal,jmedin
0,0.0002495739647483644,asheal,jmedin
0,0.00025592359697692484,asheal,jmedin
0,0.0002550655843849602,asheal,jmedin
0,0.00025813580916483084,asheal,jmedin
0,0.00026143812576687084,asheal,jmedin
0,0.0002623580165938844,asheal,jmedin
0,0.00025318103995211003,asheal,jmedin
0,0.00026226391942939877,asheal,jmedin
0,0.00025828445356313053,asheal,jmedin
1,0.00017982118121010772,jrtobi,jrtobi
1,0.000170511010874311,jrtobi,jrtobi
1,0.00017306853929669255,jrtobi,jrtobi
1,0.00017324366679090104,jrtobi,jrtobi
1,0.00016995531867830337,jrtobi,jrtobi
1,0.00017248233127822692,jrtobi,jrtobi
1,0.00017710163461154047,jrtobi,jrtobi
1,0.00017370801318839575,jrtobi,jrtobi
1,0.00017495842194464165,jrtobi,jrtobi
1,0.00017908266720350173,jrtobi,jrtobi
1,0.0001755323466287642,jrtobi,jrtobi
1,0.0001757857858732022,jrtobi,jrtobi
1,0.00017525430927876385,jrtobi,jrtobi
1,0.0001753436656148647,jrtobi,jrtobi
1,0.0001786373268520416,jrtobi,jrtobi
1,0.0001817108450120972,jrtobi,jrtobi
1,0.0001724114278124785,jrtobi,jrtobi
1,0.00018276117038435992,jrtobi,jrtobi
1,0.0001737177711203822,jrtobi,jrtobi
1,0.00022153923613546365,kaatki,kaatki
1,0.00021099815818218513,kaatki,kaatki
0,0.0002151116162212431,kdjone,kaatki
1,0.00021445041102273796,kaatki,kaatki
1,0.00022289473457505902,kaatki,kaatki
1,0.00021813080689288316,kaatki,kaatki
1,0.000220582703283907,kaatki,kaatki
1,0.00021786387220305452,kaatki,kaatki
1,0.0002159172434107743,kaatki,kaatki
1,0.00022016078206469502,kaatki,kaatki
1,0.0002140745822360251,kaatki,kaatki
1,0.00021142195833455553,kaatki,kaatki
1,0.00021180579956837865,kaatki,kaatki
1,0.00021180720103159317,kaatki,kaatki
1,0.00021033910734918017,kaatki,kaatki
1,0.00021084431488240389,kaatki,kaatki
1,0.00021139514700892556,kaatki,kaatki
1,0.00021355166625668698,kaatki,kaatki
1,0.00021608524408106087,kaatki,kaatki
1,0.00019801494453614493,kdjone,kdjone
1,0.00020001223586620982,kdjone,kdjone
1,0.0001929117899465532,kdjone,kdjone
1,0.00019680282633502698,kdjone,kdjone
1,0.00019779921545727157,kdjone,kdjone
1,0.00020032378766289815,kdjone,kdjone
1,0.00019492219721687165,kdjone,kdjone
1,0.00020749014785301158,kdjone,kdjone
1,0.000189982712749737,kdjone,kdjone
0,0.00019194113043665884,njmoor,kdjone
0,0.00018765357723504714,rgspru,kdjone
1,0.00019910910028702342,kdjone,kdjone
1,0.00020231379767765212,kdjone,kdjone
1,0.00019971381118794653,kdjone,kdjone
0,0.00020682482710170132,njmoor,kdjone
1,0.00019993283070490994,kdjone,kdjone
1,0.00019723817081440916,kdjone,kdjone
1,0.0001933514680115793,kdjone,kdjone
1,0.00019743438695255292,kdjone,kdjone
1,0.00019435863122922294,khchan,khchan
0,0.0002066448090909781,pspliu,khchan
0,0.00019037231176309325,pspliu,khchan
1,0.00019790101742577653,khchan,khchan
1,0.00019453778495735305,khchan,khchan
1,0.0002044398093186268,khchan,khchan
1,0.00019505208805211194,khchan,khchan
1,0.00020265999360942675,khchan,khchan
1,0.0002009699252966333,khchan,khchan
1,0.00019916134835097938,khchan,khchan
1,0.00020031592387283678,khchan,khchan
1,0.0001951520168497878,khchan,khchan
1,0.00019093187026714394,khchan,khchan
1,0.0001934904057245705,khchan,khchan
1,0.0001930383494558046,khchan,khchan
1,0.00019500678682474247,khchan,khchan
1,0.00018646745756482165,khchan,khchan
1,0.00019862420005642092,khchan,khchan
1,0.00019310648544865143,khchan,khchan
0,0.00022687723704257896,gjnorm,khughe
0,0.00022837522798948114,gjnorm,khughe
0,0.00023279558544912418,gjnorm,khughe
0,0.00022812468294182225,gjnorm,khughe
0,0.0002381572449437415,gjnorm,khughe
0,0.00021168635298913357,gjnorm,khughe
0,0.0002214585446081333,gjnorm,khughe
0,0.00022583855229630446,gjnorm,khughe
0,0.00023963788780602215,gjnorm,khughe
0,0.0002358194243480852,gjnorm,khughe
0,0.00022577590120876067,gjnorm,khughe
1,0.00022323454400800224,khughe,khughe
1,0.0002153561189653633,khughe,khughe
1,0.00021811821265176789,khughe,khughe
1,0.0002199558425291836,khughe,khughe
1,0.00022242201882087602,khughe,khughe
1,0.000215450141620645,khughe,khughe
1,0.00021327667138778557,khughe,khughe
0,0.0002275428906593394,gjnorm,khughe
1,0.00021676675045671304,kjwith,kjwith
1,0.0002208216611239548,kjwith,kjwith
1,0.00022096264434376528,kjwith,kjwith
1,0.00021846750148844915,kjwith,kjwith
1,0.00022594761092160817,kjwith,kjwith
1,0.00022301547818052203,kjwith,kjwith
1,0.00022481056564024863,kjwith,kjwith
1,0.00021273019772067705,kjwith,kjwith
1,0.00021390950888657242,kjwith,kjwith
1,0.00020630089020062372,kjwith,kjwith
1,0.00021406480687512412,kjwith,kjwith
1,0.00023157683350824798,kjwith,kjwith
1,0.0002380019589971857,kjwith,kjwith
1,0.00022538032268104992,kjwith,kjwith
1,0.00022924517135676067,kjwith,kjwith
1,0.0002257348765816565,kjwith,kjwith
1,0.00021578022546661724,kjwith,kjwith
1,0.00023214011140312938,kjwith,kjwith
1,0.0002197583588563593,kjwith,kjwith
0,0.00018161245404518393,rgharr,lejnno
0,0.00018200897102399314,rgharr,lejnno
0,0.00018361445798781908,rgharr,lejnno
0,0.0001825751323415083,rgharr,lejnno
0,0.00018506213766878037,rgharr,lejnno
0,0.00018247050995617663,rgharr,lejnno
0,0.00018362185465090926,rgharr,lejnno
0,0.00018189448883688467,cjcarr,lejnno
0,0.00018044595872971234,cjcarr,lejnno
0,0.00018250383837068408,cjcarr,lejnno
0,0.00018493067102452076,rgharr,lejnno
0,0.00018434027681938936,rgharr,lejnno
0,0.00018442398063297317,rgharr,lejnno
0,0.00018420610272575218,rgharr,lejnno
0,0.00018133925101478085,rgharr,lejnno
0,0.00018264923000038425,rgharr,lejnno
0,0.0001820734232959804,rgharr,lejnno
0,0.000183157164353287,rgharr,lejnno
0,0.00018048052957053692,rgharr,lejnno
0,0.0001796733841992823,ajsega,maasht
0,0.000182125270882659,ajsega,maasht
0,0.00017515393331083117,pmives,maasht
0,0.00017622316898566835,pmives,maasht
0,0.0001812997955010929,pmives,maasht
0,0.0001752461937528072,jrtobi,maasht
0,0.0001788685977359898,pmives,maasht
0,0.0001749857768556,ajsega,maasht
0,0.00017285106641944006,pmives,maasht
0,0.0001751670831892713,pmives,maasht
0,0.00017623929131526,pmives,maasht
0,0.00018248035447085572,pmives,maasht
0,0.00018062700123402776,ajsega,maasht
0,0.00018499363667103013,ajsega,maasht
0,0.00018099069619189457,ajsega,maasht
0,0.00018343645850806033,ajsega,maasht
0,0.00018134754266944722,ajsega,maasht
0,0.00018352248747910687,ajsega,maasht
0,0.00018778558180667753,ajsega,maasht
0,0.00019184558195830856,gjnorm,mberdo
0,0.00018971789646490697,gjnorm,mberdo
0,0.00019188983444755125,gjnorm,mberdo
0,0.00018503361973001248,gjnorm,mberdo
0,0.00018113540980293287,rgharr,mberdo
0,0.00018273946646203421,rgspru,mberdo
0,0.00018274747454775778,rgspru,mberdo
0,0.00018072985196862902,rgspru,mberdo
0,0.00018427943767938186,gjnorm,mberdo
0,0.00017860915119065137,gjnorm,mberdo
0,0.00018680384062234306,gjnorm,mberdo
0,0.00018487077172100807,rgspru,mberdo
0,0.00018405151244171844,rgspru,mberdo
0,0.0001814298473794008,rgspru,mberdo
0,0.00018351120625439347,rgspru,mberdo
0,0.00018494931379205477,rgspru,mberdo
0,0.0001825600824555869,rgspru,mberdo
0,0.00018466951322268453,rgspru,mberdo
0,0.00018196639085972817,rgspru,mberdo
0,0.0001829929123019914,mjhans,mdpove
0,0.00018196668442850157,mjhans,mdpove
0,0.00017403495765309297,mjhans,mdpove
0,0.00017742791511540172,mjhans,mdpove
0,0.00018214017622626688,mberdo,mdpove
0,0.00018491656070852207,mberdo,mdpove
0,0.00018129750316522086,mberdo,mdpove
0,0.00018604924425117338,mberdo,mdpove
0,0.00017905201564485677,mberdo,mdpove
0,0.000186936648745642,mberdo,mdpove
0,0.00018165668647340507,mberdo,mdpove
1,0.00018547905850874955,mdpove,mdpove
1,0.00018992941371711943,mdpove,mdpove
1,0.00019314020882926165,mdpove,mdpove
1,0.00019457972121114087,mdpove,mdpove
1,0.00018892803636742434,mdpove,mdpove
1,0.00019181689890280712,mdpove,mdpove
0,0.00018041753468358334,mjhans,mdpove
0,0.00017451229730754866,pmives,mdpove
0,0.000232220021878992,gjhero,mefait
0,0.00022827508961268872,namull,mefait
0,0.00022653735831501624,asheal,mefait
0,0.00022975043449259926,gjhero,mefait
0,0.0002316348136346422,asheal,mefait
0,0.00022836676787111048,namull,mefait
0,0.00022535561228542494,gjhero,mefait
0,0.00022149619116228295,rnpwil,mefait
0,0.0002201889123939618,rnpwil,mefait
0,0.000221264729494158,rnpwil,mefait
0,0.0002236322552475415,rnpwil,mefait
0,0.00024048908090513007,asheal,mefait
0,0.00024519466196781,asheal,mefait
0,0.00024399528128807012,gjhero,mefait
0,0.00024266218777880706,gjhero,mefait
0,0.0002411032341953818,asheal,mefait
0,0.0002389836701394986,asheal,mefait
0,0.00024169422228710382,asheal,mefait
0,0.00024075643145099563,gjhero,mefait
1,0.00021199390685783427,mhwill,mhwill
1,0.00021185755232744095,mhwill,mhwill
1,0.00021301759714972262,mhwill,mhwill
1,0.00021506913029601746,mhwill,mhwill
1,0.00021309393479742314,mhwill,mhwill
1,0.00021579365492847304,mhwill,mhwill
1,0.00021219878633457092,mhwill,mhwill
1,0.0002029240870702429,mhwill,mhwill
1,0.000209007108595657,mhwill,mhwill
1,0.00021055219835467096,mhwill,mhwill
1,0.0002163647795117477,mhwill,mhwill
1,0.00021440410662939492,mhwill,mhwill
1,0.00021732081475478286,mhwill,mhwill
1,0.00021647368772247268,mhwill,mhwill
1,0.0002145531771362825,mhwill,mhwill
1,0.00021644753477598205,mhwill,mhwill
1,0.00021506488210055514,mhwill,mhwill
1,0.00021584674337174974,mhwill,mhwill
1,0.00020131723381863444,mhwill,mhwill
1,0.0002531517683035468,miaduc,miaduc
1,0.00025382329373989235,miaduc,miaduc
1,0.00025156230738927217,miaduc,miaduc
1,0.000241615148676872,miaduc,miaduc
1,0.00024008248426034433,miaduc,miaduc
1,0.0002449229746192051,miaduc,miaduc
1,0.00024293630078105278,miaduc,miaduc
1,0.00025430520992706214,miaduc,miaduc
1,0.00024975418754678787,miaduc,miaduc
1,0.0002542023776764974,miaduc,miaduc
1,0.0002543407005203456,miaduc,miaduc
1,0.0002472863640640792,miaduc,miaduc
1,0.0002479981668842494,miaduc,miaduc
1,0.00025150832327059113,miaduc,miaduc
1,0.00024639362359560535,miaduc,miaduc
1,0.0002476592150781638,miaduc,miaduc
1,0.00025461729166665665,miaduc,miaduc
1,0.00025079719542326793,miaduc,miaduc
1,0.00024061818821057636,miaduc,miaduc
1,0.0001981209321840206,mjhans,mjhans
1,0.00019469106686424993,mjhans,mjhans
1,0.00021013720278371205,mjhans,mjhans
1,0.00020766571264534914,mjhans,mjhans
1,0.00019743430259125584,mjhans,mjhans
1,0.00019591171329326555,mjhans,mjhans
1,0.00020689061467118767,mjhans,mjhans
1,0.00020301740964520821,mjhans,mjhans
1,0.00019924286692662866,mjhans,mjhans
1,0.00019747141658703552,mjhans,mjhans
1,0.00020178301486490635,mjhans,mjhans
1,0.00019207533193496318,mjhans,mjhans
1,0.0001984386847977607,mjhans,mjhans
1,0.00019897678997286722,mjhans,mjhans
1,0.0001972752296995659,mjhans,mjhans
1,0.00019805921003607848,mjhans,mjhans
1,0.0002012628093501968,mjhans,mjhans
1,0.00019720710274716456,mjhans,mjhans
1,0.00020161833350244038,mjhans,mjhans
1,0.0003068403401472972,mpetti,mpetti
1,0.0003369778158540012,mpetti,mpetti
1,0.0003012673504030514,mpetti,mpetti
1,0.0003202299460577902,mpetti,mpetti
1,0.00031955149063997836,mpetti,mpetti
1,0.00032196014220013203,mpetti,mpetti
1,0.0003266691254942216,mpetti,mpetti
1,0.00032009585078687693,mpetti,mpetti
1,0.00031606323070672347,mpetti,mpetti
1,0.00032834444128667186,mpetti,mpetti
1,0.0003157660637643832,mpetti,mpetti
1,0.00032420011322675427,mpetti,mpetti
1,0.00031814742960619953,mpetti,mpetti
1,0.0003135226802489218,mpetti,mpetti
1,0.00031816997251319913,mpetti,mpetti
1,0.00031649840803163443,mpetti,mpetti
1,0.000320118469777529,mpetti,mpetti
1,0.00030134674219258763,mpetti,mpetti
1,0.00031272726245583105,mpetti,mpetti
1,0.00028681113592024624,muthay,muthay
1,0.0002888406239084297,muthay,muthay
1,0.00031408167068838354,muthay,muthay
1,0.0003151087589225876,muthay,muthay
1,0.00029556821404970067,muthay,muthay
1,0.0002928365724207235,muthay,muthay
1,0.0002917908467550771,muthay,muthay
1,0.0002899882737618172,muthay,muthay
1,0.000285404087816258,muthay,muthay
1,0.0002873851814642108,muthay,muthay
1,0.00030811341842256574,muthay,muthay
1,0.0002769289689428225,muthay,muthay
1,0.0002784335927103352,muthay,muthay
1,0.0002730387438863113,muthay,muthay
1,0.0002870319335949554,muthay,muthay
1,0.00027940983293498796,muthay,muthay
1,0.0002759406705145299,muthay,muthay
1,0.000274011138824271,muthay,muthay
1,0.00027687893732089515,muthay,muthay
0,0.0001893581029880388,rnpwil,nahaig
0,0.00018366576985591747,rnpwil,nahaig
0,0.00018555315766689427,rnpwil,nahaig
0,0.0001837927197356988,cjcarr,nahaig
0,0.00019236455540843042,rnpwil,nahaig
0,0.0001846206089050138,rnpwil,nahaig
0,0.00018064780573710383,cjcarr,nahaig
0,0.00018083531295734815,cjcarr,nahaig
0,0.00018068429460371552,rnpwil,nahaig
0,0.0001882019947131645,rnpwil,nahaig
0,0.00019022074322605883,gjhero,nahaig
1,0.00018795639321655288,nahaig,nahaig
0,0.00018692590899826027,miaduc,nahaig
1,0.00018991541754135555,nahaig,nahaig
1,0.00018895756318948188,nahaig,nahaig
0,0.00019294472363467862,miaduc,nahaig
0,0.00018948316778377535,miaduc,nahaig
0,0.00018784562688439857,miaduc,nahaig
0,0.0001898332893516555,miaduc,nahaig
0,0.0003004495013689972,rnpwil,namull
0,0.0002957887297599443,rnpwil,namull
0,0.00028760090651494796,rnpwil,namull
0,0.00029573074413295953,rnpwil,namull
0,0.00029394846559155786,rnpwil,namull
0,0.00029481097200429157,rnpwil,namull
0,0.0002879895632721906,rnpwil,namull
0,0.00027624202570546787,rnpwil,namull
0,0.0002811717851099528,rnpwil,namull
0,0.00029244210232120854,rnpwil,namull
0,0.0002981566509028402,rnpwil,namull
0,0.0002892788526745714,rnpwil,namull
0,0.00029579266354715187,rnpwil,namull
0,0.00029173633180152984,rnpwil,namull
0,0.0002886685388169867,rnpwil,namull
0,0.000296647235155087,rnpwil,namull
0,0.0003007436681200837,rnpwil,namull
0,0.0003017896128192337,rnpwil,namull
0,0.000301697316503821,rnpwil,namull
1,0.00021828317898377444,ndbank,ndbank
1,0.00021263393836726556,ndbank,ndbank
1,0.00021063477849722848,ndbank,ndbank
1,0.00021587946699695514,ndbank,ndbank
1,0.00021268897551507206,ndbank,ndbank
1,0.00021379675911281006,ndbank,ndbank
1,0.00020942439583578968,ndbank,ndbank
1,0.00021620674292004683,ndbank,ndbank
1,0.00022009116106245342,ndbank,ndbank
1,0.0002242652194391684,ndbank,ndbank
1,0.00021679739919075163,ndbank,ndbank
1,0.00022650805968691412,ndbank,ndbank
1,0.00022564297222845637,ndbank,ndbank
1,0.00020875109812486492,ndbank,ndbank
1,0.00020815793914341169,ndbank,ndbank
1,0.00023015294017599987,ndbank,ndbank
1,0.00022022107517963676,ndbank,ndbank
1,0.00020280499495726253,ndbank,ndbank
1,0.00021878162570397684,ndbank,ndbank
0,0.00018586005828659624,cjcarr,ndhagu
0,0.00019038062350337705,cjcarr,ndhagu
0,0.00018774729476240726,cjcarr,ndhagu
0,0.00019008755308859643,cjcarr,ndhagu
0,0.00019221597125624695,cjcarr,ndhagu
0,0.00018318587839906647,cjcarr,ndhagu
0,0.00018759331651683968,cjcarr,ndhagu
0,0.0001946327999879834,cjcarr,ndhagu
0,0.00018399726831345593,cjcarr,ndhagu
0,0.0001910426953345422,cjcarr,ndhagu
0,0.00019818458506971407,cjcarr,ndhagu
0,0.00018055356388950187,cjcarr,ndhagu
0,0.00017749856490798782,cjcarr,ndhagu
0,0.00019011616842092184,cjcarr,ndhagu
0,0.00018594153512967296,cjcarr,ndhagu
0,0.0001846971862345556,cjcarr,ndhagu
0,0.00019089131045365147,cjcarr,ndhagu
0,0.00018577622698038955,cjcarr,ndhagu
0,0.00019304346124798068,cjcarr,ndhagu
1,0.00019197448087673947,nhrams,nhrams
0,0.00018505680942045938,mjhans,nhrams
0,0.00018620492852267924,ajsega,nhrams
0,0.00019208904041721363,mjhans,nhrams
0,0.0001927307290433335,mjhans,nhrams
0,0.00018709189386256273,ajsega,nhrams
0,0.00018853702412283078,ajsega,nhrams
0,0.0001866937181568874,mjhans,nhrams
0,0.00018894092215530152,mjhans,nhrams
0,0.00018797203015171889,mjhans,nhrams
0,0.00019331494255230846,ajsega,nhrams
1,0.0001883074912937566,nhrams,nhrams
0,0.00019206077689969508,ajsega,nhrams
0,0.0001925564052351948,ajsega,nhrams
1,0.00019662795062658299,nhrams,nhrams
0,0.00019111966147268352,ajsega,nhrams
1,0.00019114412217249702,nhrams,nhrams
1,0.00019460702509631228,nhrams,nhrams
0,0.00018910603430120768,ajsega,nhrams
1,0.00020493994140644635,njmoor,njmoor
1,0.00019786347496623957,njmoor,njmoor
1,0.00020486369159354673,njmoor,njmoor
1,0.00020618019463067473,njmoor,njmoor
1,0.00020343860783377578,njmoor,njmoor
1,0.00019720327591894903,njmoor,njmoor
1,0.0002039749130771201,njmoor,njmoor
1,0.00019880215055892835,njmoor,njmoor
1,0.00020675502405167673,njmoor,njmoor
1,0.0002037957005695844,njmoor,njmoor
1,0.00020897070736544739,njmoor,njmoor
1,0.000210405360498568,njmoor,njmoor
1,0.00020894779911770768,njmoor,njmoor
1,0.0002089160345707063,njmoor,njmoor
1,0.00020395681638332863,njmoor,njmoor
1,0.00019925828899026697,njmoor,njmoor
1,0.00020324195865651704,njmoor,njmoor
1,0.00020419919114830545,njmoor,njmoor
1,0.00020230295746221145,njmoor,njmoor
0,0.0002387170221565911,rnpwil,npbour
0,0.00023529756306344006,rnpwil,npbour
0,0.00022806346071747513,rnpwil,npbour
0,0.0002310236049882612,rnpwil,npbour
0,0.00023412679766034248,rnpwil,npbour
0,0.0002323755915250953,rnpwil,npbour
0,0.00023522807430513077,rnpwil,npbour
0,0.00023240383654402476,rnpwil,npbour
0,0.00023491570606487105,rnpwil,npbour
0,0.00023187399265899405,rnpwil,npbour
0,0.00024537647443449674,rnpwil,npbour
0,0.0002481057536725073,rnpwil,npbour
0,0.0002529667316452869,rnpwil,npbour
0,0.0002584298612883535,rnpwil,npbour
0,0.0002568429693335197,rnpwil,npbour
0,0.0002550546431184572,rnpwil,npbour
0,0.00024841885003709386,rnpwil,npbour
0,0.00025658839616523563,rnpwil,npbour
0,0.0002443887548451019,rnpwil,npbour
0,0.00019277193772634224,kdjone,npmitc
0,0.00018411603339695836,kdjone,npmitc
0,0.0001922368768069362,kdjone,npmitc
0,0.0001950212482861913,kdjone,npmitc
0,0.00018398708367247597,kdjone,npmitc
0,0.00018855380897437368,kdjone,npmitc
0,0.00018442597700167512,kdjone,npmitc
0,0.00019383123312814208,kdjone,npmitc
0,0.000178935018383597,kdjone,npmitc
0,0.00017826311951795617,kdjone,npmitc
0,0.00018603013365491196,kdjone,npmitc
0,0.0001832421439992634,kdjone,npmitc
0,0.0001789462174627864,kdjone,npmitc
0,0.00018526203337858565,rgspru,npmitc
0,0.00019612249057891814,rgspru,npmitc
0,0.00019000804139947592,rgspru,npmitc
0,0.00018164462009844998,kdjone,npmitc
0,0.00019927579673311737,kdjone,npmitc
0,0.0001928562204855931,kdjone,npmitc
0,0.0002996974548558264,rnpwil,nrclar
0,0.00029525565140452826,rnpwil,nrclar
0,0.00032413753822172273,rnpwil,nrclar
0,0.0003122044920482952,rnpwil,nrclar
0,0.0003184388649255453,rnpwil,nrclar
0,0.000312321786210684,rnpwil,nrclar
0,0.0003348257894178374,rnpwil,nrclar
0,0.0003160197496236709,rnpwil,nrclar
0,0.0003252174300333136,rnpwil,nrclar
0,0.00032924180875376174,rnpwil,nrclar
0,0.00030444740177461483,rnpwil,nrclar
0,0.0003155391255277484,rnpwil,nrclar
0,0.00032152140884832804,rnpwil,nrclar
0,0.00032993327214582863,rnpwil,nrclar
0,0.000322154260207281,rnpwil,nrclar
0,0.00033007465210315123,rnpwil,nrclar
0,0.0003199759848225465,rnpwil,nrclar
0,0.0003197725340851797,rnpwil,nrclar
0,0.0003114781477030797,rnpwil,nrclar
0,0.0002611378389949562,gjhero,nrrbar
0,0.0002640658917719683,gjhero,nrrbar
1,0.0002604773520416616,nrrbar,nrrbar
0,0.00026389406468037974,gjhero,nrrbar
0,0.0002638989285586611,gjhero,nrrbar
0,0.00026717992162617526,gjhero,nrrbar
0,0.0002551331434056855,gjhero,nrrbar
0,0.0002591356971211894,gjhero,nrrbar
0,0.0002703571164285394,gjhero,nrrbar
0,0.00026881364270511516,gjhero,nrrbar
0,0.0002707432493764354,gjhero,nrrbar
1,0.0002554955818056683,nrrbar,nrrbar
1,0.00025658569250500233,nrrbar,nrrbar
0,0.00025552789122556874,gjhero,nrrbar
1,0.00024624432211596645,nrrbar,nrrbar
0,0.0002526452468333443,gjhero,nrrbar
1,0.0002515697510359551,nrrbar,nrrbar
1,0.00025720703611068006,nrrbar,nrrbar
0,0.0002580908261461178,gjhero,nrrbar
1,0.00030498065789910623,nwilli,nwilli
1,0.0003192078654917413,nwilli,nwilli
1,0.0003086364720623207,nwilli,nwilli
1,0.0003109928425486208,nwilli,nwilli
1,0.0003218065097557463,nwilli,nwilli
1,0.0003216205215096441,nwilli,nwilli
1,0.00033462500290676317,nwilli,nwilli
1,0.0003290619731759442,nwilli,nwilli
1,0.00032904790084523533,nwilli,nwilli
1,0.00031951320257099134,nwilli,nwilli
1,0.00032033169635293254,nwilli,nwilli
1,0.0003277838880471244,nwilli,nwilli
1,0.0003360362250729034,nwilli,nwilli
1,0.00032413326631462237,nwilli,nwilli
1,0.0003293938975336569,nwilli,nwilli
1,0.00032589366356924285,nwilli,nwilli
1,0.0003377968087393466,nwilli,nwilli
1,0.00031868457915144573,nwilli,nwilli
1,0.00030259802854378046,nwilli,nwilli
0,0.0002099886510505541,cjcarr,ohpark
0,0.00021341951927983106,cjcarr,ohpark
0,0.00021818321329915042,cjcarr,ohpark
0,0.00021196238319010866,cjcarr,ohpark
0,0.00021637021243969647,cjcarr,ohpark
0,0.0002186538765652826,cjcarr,ohpark
1,0.00021582969131191931,ohpark,ohpark
1,0.00021550346683693112,ohpark,ohpark
1,0.00021227686971623508,ohpark,ohpark
1,0.00021362321652800782,ohpark,ohpark
1,0.00021710592405306528,ohpark,ohpark
0,0.00021037569866454793,cjcarr,ohpark
0,0.00020907997651675454,cjcarr,ohpark
0,0.0002105495732622685,cjcarr,ohpark
0,0.0002068548708593619,cjcarr,ohpark
0,0.0002079998459225765,cjcarr,ohpark
0,0.0002070433894622431,cjcarr,ohpark
0,0.00021391096803565838,cjcarr,ohpark
0,0.000214761377526405,cjcarr,ohpark
0,0.0003546224328235151,ahodki,pacole
0,0.00036737178593694136,ahodki,pacole
0,0.0003719001173762273,ahodki,pacole
0,0.0003655673129435696,ahodki,pacole
0,0.0003622925198800265,ahodki,pacole
0,0.0003594797485079304,ahodki,pacole
0,0.0003648748927406357,ahodki,pacole
0,0.00036160731308728956,ahodki,pacole
0,0.0003505311799090165,ahodki,pacole
0,0.0003728538710179814,ahodki,pacole
0,0.0003588183660494904,ahodki,pacole
0,0.0003591086771811886,ahodki,pacole
0,0.00035260836168314017,ahodki,pacole
0,0.0003560548799538483,ahodki,pacole
0,0.00035871216836213756,ahodki,pacole
0,0.00035597740401120367,ahodki,pacole
0,0.0003642749018044822,ahodki,pacole
0,0.0003541630988038093,ahodki,pacole
0,0.0003633424935441811,ahodki,pacole
0,0.00017459181588209096,gjnorm,pmives
0,0.00017987256555010333,cjcarr,pmives
0,0.00018129425166226617,gjnorm,pmives
0,0.0001736655124067972,gjnorm,pmives
0,0.00017550470703388523,cjcarr,pmives
0,0.00017479189295724015,rgspru,pmives
0,0.00017655793802585465,cjcarr,pmives
0,0.0001790474760029227,gjnorm,pmives
0,0.00017906542685403983,cjcarr,pmives
0,0.00018308792589323452,cjcarr,pmives
0,0.0001799928181556805,cjcarr,pmives
0,0.00019556209958411055,cjcarr,pmives
0,0.0001859200956186426,cjcarr,pmives
0,0.00018092501097655362,rgspru,pmives
0,0.0001807797984219948,gjnorm,pmives
0,0.00018118885809646803,gjnorm,pmives
0,0.00018394075174107827,gjnorm,pmives
0,0.00018038319088434094,gjnorm,pmives
0,0.0001799906554374374,cjcarr,pmives
1,0.0002422986604809164,pshurr,pshurr
1,0.0002428453573430242,pshurr,pshurr
1,0.00024153185799904038,pshurr,pshurr
1,0.0002463729384203361,pshurr,pshurr
1,0.0002506246816526084,pshurr,pshurr
1,0.00025141626188339975,pshurr,pshurr
1,0.00025587276608825374,pshurr,pshurr
1,0.0002645019391868989,pshurr,pshurr
1,0.00026366958356364176,pshurr,pshurr
1,0.000259171327375032,pshurr,pshurr
1,0.0002612572154995394,pshurr,pshurr
1,0.00024963046393266294,pshurr,pshurr
1,0.00024107457648266497,pshurr,pshurr
1,0.0002499563286945521,pshurr,pshurr
1,0.0002435511930704487,pshurr,pshurr
1,0.00023951216161853124,pshurr,pshurr
1,0.00023566230215609277,pshurr,pshurr
1,0.0002380524769790248,pshurr,pshurr
1,0.0002410139168242661,pshurr,pshurr
1,0.00023241799866292377,pspliu,pspliu
1,0.00023190244760763642,pspliu,pspliu
1,0.00023736581525334402,pspliu,pspliu
1,0.0002349836460013995,pspliu,pspliu
1,0.0002379139642183691,pspliu,pspliu
1,0.00023300200520878203,pspliu,pspliu
1,0.00023155132912423793,pspliu,pspliu
1,0.0002326987619618906,pspliu,pspliu
1,0.00022517704119351313,pspliu,pspliu
1,0.00023042194428718666,pspliu,pspliu
1,0.00023223184337398204,pspliu,pspliu
1,0.0002342351904682276,pspliu,pspliu
1,0.00024199222163727454,pspliu,pspliu
1,0.0002304306074252949,pspliu,pspliu
1,0.00023596056246239004,pspliu,pspliu
1,0.0002331887767016604,pspliu,pspliu
1,0.00023531075343106078,pspliu,pspliu
1,0.0002344600728369542,pspliu,pspliu
1,0.00022834573684571332,pspliu,pspliu
0,0.00020946340632850238,cjcarr,ptnich
0,0.00021458194518660507,cjcarr,ptnich
0,0.00021827327923173333,cjcarr,ptnich
0,0.000218624234209175,cjcarr,ptnich
0,0.0002241196371880746,cjcarr,ptnich
0,0.00021566609457020116,cjcarr,ptnich
0,0.0002161856734857288,cjcarr,ptnich
0,0.0002178298613999281,cjcarr,ptnich
0,0.0002229284749252455,cjcarr,ptnich
0,0.00022009291219013744,cjcarr,ptnich
0,0.00021333621599011455,cjcarr,ptnich
0,0.00022509199217417858,cjcarr,ptnich
0,0.00022065423392676295,cjcarr,ptnich
0,0.000219667844306903,cjcarr,ptnich
0,0.00021598916190221425,cjcarr,ptnich
0,0.00022498656512551105,cjcarr,ptnich
0,0.00021982928517921314,cjcarr,ptnich
0,0.0002141305383289393,cjcarr,ptnich
0,0.00021575328202618813,cjcarr,ptnich
0,0.0001715796976056122,gjnorm,rarobi
0,0.00017431550914941517,gjnorm,rarobi
0,0.00016946841752887802,gjnorm,rarobi
0,0.00017963813424778718,gjnorm,rarobi
0,0.0001763373385759531,gjnorm,rarobi
0,0.00017240392000584132,gjnorm,rarobi
0,0.00017256515475431235,gjnorm,rarobi
0,0.00017537928492684295,gjnorm,rarobi
0,0.00017626777977630226,gjnorm,rarobi
0,0.0001734808424153148,gjnorm,rarobi
0,0.00016987634876447507,gjnorm,rarobi
0,0.00017701943701524067,gjnorm,rarobi
0,0.00017721025565125775,gjnorm,rarobi
0,0.0001767311487362682,gjnorm,rarobi
0,0.00018108689378147007,gjnorm,rarobi
0,0.0001867889088669844,gjnorm,rarobi
0,0.000176068113527414,gjnorm,rarobi
0,0.00017789072992045895,gjnorm,rarobi
0,0.00018086207245973052,gjnorm,rarobi
1,0.00019525835545247149,rgharr,rgharr
1,0.00019822239630439174,rgharr,rgharr
1,0.00019555054242725116,rgharr,rgharr
1,0.00019798883175396067,rgharr,rgharr
1,0.00020255577004665317,rgharr,rgharr
1,0.0002020877105129613,rgharr,rgharr
1,0.00019712590016879203,rgharr,rgharr
1,0.00020129053623576705,rgharr,rgharr
1,0.0002015984376347712,rgharr,rgharr
1,0.00020090160246113146,rgharr,rgharr
1,0.00020171840498263782,rgharr,rgharr
1,0.00019598956430514692,rgharr,rgharr
1,0.00019750476931712477,rgharr,rgharr
1,0.00020105397145044794,rgharr,rgharr
1,0.00020237143675355134,rgharr,rgharr
1,0.0002017670255930812,rgharr,rgharr
1,0.00020245415748462134,rgharr,rgharr
1,0.00020572780591030803,rgharr,rgharr
1,0.00020732356168373133,rgharr,rgharr
1,0.00020552548257569102,rgspru,rgspru
1,0.00020006948690414028,rgspru,rgspru
1,0.00019513744813716996,rgspru,rgspru
1,0.00019760796301895314,rgspru,rgspru
1,0.0001999667003591995,rgspru,rgspru
1,0.00020557162381092207,rgspru,rgspru
1,0.00019865051154628976,rgspru,rgspru
1,0.0002099753114693967,rgspru,rgspru
1,0.00020335807476307992,rgspru,rgspru
1,0.00020461352122294707,rgspru,rgspru
1,0.00019937806805066932,rgspru,rgspru
1,0.0002048536539164862,rgspru,rgspru
1,0.0002057290270911648,rgspru,rgspru
1,0.00020062073539956995,rgspru,rgspru
1,0.00020035521570078152,rgspru,rgspru
1,0.00020237427247850334,rgspru,rgspru
1,0.00020722053180074828,rgspru,rgspru
1,0.00020666751309869348,rgspru,rgspru
1,0.00020228535331377423,rgspru,rgspru
1,0.00020960355294391664,rjlabr,rjlabr
1,0.00021282237770843938,rjlabr,rjlabr
1,0.00020877371002620148,rjlabr,rjlabr
1,0.00020886094545073718,rjlabr,rjlabr
1,0.0002056875964664581,rjlabr,rjlabr
1,0.00020627121134776034,rjlabr,rjlabr
1,0.0002033523820026066,rjlabr,rjlabr
1,0.00020762985785605486,rjlabr,rjlabr
1,0.00021017286535248697,rjlabr,rjlabr
1,0.00020676625004331067,rjlabr,rjlabr
1,0.00019980653868631015,rjlabr,rjlabr
1,0.00020854790616525382,rjlabr,rjlabr
1,0.00020928543823664006,rjlabr,rjlabr
1,0.00020790718672441833,rjlabr,rjlabr
1,0.00021090470832872894,rjlabr,rjlabr
1,0.0002078265616973602,rjlabr,rjlabr
1,0.00020979599974177106,rjlabr,rjlabr
1,0.0002112687084093148,rjlabr,rjlabr
1,0.0002089589668830178,rjlabr,rjlabr
1,0.0002898823182026221,rlocke,rlocke
1,0.00028125866303960016,rlocke,rlocke
1,0.0002944071176996226,rlocke,rlocke
1,0.00030433620774676835,rlocke,rlocke
1,0.00029422003404767986,rlocke,rlocke
1,0.0003265835821190114,rlocke,rlocke
1,0.0003094912216295935,rlocke,rlocke
1,0.00032740138634672296,rlocke,rlocke
1,0.00033068300052489677,rlocke,rlocke
1,0.00032240051668503116,rlocke,rlocke
1,0.00032313892744933873,rlocke,rlocke
1,0.0003463303604212548,rlocke,rlocke
1,0.0003284521422295878,rlocke,rlocke
1,0.0003319192657575364,rlocke,rlocke
1,0.0003344231004622258,rlocke,rlocke
1,0.00031378524212497466,rlocke,rlocke
1,0.0003144057787567151,rlocke,rlocke
1,0.0002181268670487416,rlocke,rlocke
1,0.00019498882815909495,rlocke,rlocke
1,0.00028493067398471583,rmcoll,rmcoll
1,0.0002842621225134732,rmcoll,rmcoll
1,0.0002704662348931967,rmcoll,rmcoll
1,0.00028825687654947783,rmcoll,rmcoll
1,0.00027847105726107476,rmcoll,rmcoll
0,0.000275932338967137,gjhero,rmcoll
1,0.00030364680819870986,rmcoll,rmcoll
1,0.0002901196116855408,rmcoll,rmcoll
1,0.0002903913383776189,rmcoll,rmcoll
1,0.00028279810605779006,rmcoll,rmcoll
1,0.0002849469439003497,rmcoll,rmcoll
1,0.00029774898482403344,rmcoll,rmcoll
0,0.00029485370745698593,gjhero,rmcoll
1,0.0003078403500856724,rmcoll,rmcoll
1,0.0003070027546187567,rmcoll,rmcoll
1,0.0003098035704884331,rmcoll,rmcoll
1,0.0003064553075648795,rmcoll,rmcoll
1,0.00029781943527032705,rmcoll,rmcoll
1,0.0003030419636355156,rmcoll,rmcoll
1,0.00018865389939690612,rmpugh,rmpugh
1,0.00019692216425366623,rmpugh,rmpugh
1,0.0001926527155684005,rmpugh,rmpugh
1,0.0001962435574292125,rmpugh,rmpugh
1,0.00018723877505413773,rmpugh,rmpugh
1,0.00019023169867568045,rmpugh,rmpugh
1,0.00019537657343812327,rmpugh,rmpugh
1,0.0001987507811149268,rmpugh,rmpugh
1,0.00021020174835786458,rmpugh,rmpugh
1,0.00019483716482770637,rmpugh,rmpugh
1,0.00020434015918676087,rmpugh,rmpugh
1,0.00019077723641339756,rmpugh,rmpugh
1,0.00019533836458909734,rmpugh,rmpugh
1,0.00020069891522143477,rmpugh,rmpugh
1,0.00019088535718272674,rmpugh,rmpugh
1,0.0001933947117159503,rmpugh,rmpugh
1,0.00018905481794479945,rmpugh,rmpugh
1,0.00019314474024294885,rmpugh,rmpugh
1,0.00019278029719559065,rmpugh,rmpugh
0,0.00031028554430694813,gjhero,rnpwil
1,0.00030314967868097216,rnpwil,rnpwil
1,0.0003070840816853751,rnpwil,rnpwil
0,0.00029899394575813197,gjhero,rnpwil
0,0.0002982777935339294,gjhero,rnpwil
1,0.0003134288321141822,rnpwil,rnpwil
1,0.0002967871265969355,rnpwil,rnpwil
1,0.00032273859542124273,rnpwil,rnpwil
1,0.00032805839745730404,rnpwil,rnpwil
1,0.00032867155337411324,rnpwil,rnpwil
1,0.000322271297039999,rnpwil,rnpwil
1,0.0003191182426502656,rnpwil,rnpwil
1,0.00034388507703212796,rnpwil,rnpwil
1,0.0003394753626388969,rnpwil,rnpwil
1,0.00032601578161136854,rnpwil,rnpwil
1,0.00031787200276823575,rnpwil,rnpwil
1,0.00032982504863314553,rnpwil,rnpwil
1,0.000304591384847122,rnpwil,rnpwil
1,0.0003108657060056558,rnpwil,rnpwil
0,0.00019350544645958597,cjcarr,rrowle
0,0.00019057271260134858,rnpwil,rrowle
0,0.00019114475783590514,rnpwil,rrowle
0,0.0001915891504793564,rnpwil,rrowle
0,0.00019167734181666892,cjcarr,rrowle
0,0.00019767565491443772,cjcarr,rrowle
0,0.00019045790707880844,cjcarr,rrowle
0,0.000192669377157884,rnpwil,rrowle
0,0.00019284646162563522,rnpwil,rrowle
0,0.00018989252246581122,rnpwil,rrowle
0,0.00019622974758984305,rnpwil,rrowle
0,0.00018797349151215408,cjcarr,rrowle
0,0.00018764431523630757,rnpwil,rrowle
0,0.00018763111382623872,cjcarr,rrowle
0,0.00018826397077400034,cjcarr,rrowle
0,0.00019064587422205017,cjcarr,rrowle
0,0.00018747306787592,cjcarr,rrowle
0,0.00018840566101523077,rnpwil,rrowle
0,0.000189033076955013,cjcarr,rrowle
0,0.00019036537664538522,rjlabr,rsanti
0,0.00017828366683558702,rjlabr,rsanti
0,0.0001802981418382838,rjlabr,rsanti
0,0.00017678938515249844,rjlabr,rsanti
1,0.0001780672693569145,rsanti,rsanti
1,0.00017720057621994803,rsanti,rsanti
0,0.00017861864712764402,rjlabr,rsanti
1,0.00017450752707035298,rsanti,rsanti
0,0.0001800726896744091,gjnorm,rsanti
0,0.0001807051384314017,gjnorm,rsanti
0,0.00017898173146009962,gjnorm,rsanti
0,0.0001870911603055383,rjlabr,rsanti
0,0.00018784135139256422,rjlabr,rsanti
0,0.00018937786616176594,rjlabr,rsanti
0,0.0001877585467808721,rjlabr,rsanti
0,0.0001936615029012881,rjlabr,rsanti
0,0.0001912576285502283,rjlabr,rsanti
0,0.00019089569540805095,rjlabr,rsanti
0,0.0001925576170788763,rjlabr,rsanti
1,0.00019001881355310888,saduah,saduah
1,0.00018662836695120642,saduah,saduah
1,0.0001894139027057819,saduah,saduah
1,0.00019247653624175233,saduah,saduah
1,0.00018319471430922965,saduah,saduah
1,0.00019713547219009229,saduah,saduah
1,0.00021401058795326636,saduah,saduah
1,0.0001952142271978124,saduah,saduah
1,0.0001915712234742254,saduah,saduah
1,0.0002052829496906507,saduah,saduah
1,0.00018957235423774113,saduah,saduah
1,0.00018107258396332946,saduah,saduah
1,0.0001759205227672347,saduah,saduah
1,0.0001780523711146136,saduah,saduah
1,0.00018832262750835183,saduah,saduah
1,0.00019237816490214515,saduah,saduah
1,0.00019122014408788323,saduah,saduah
1,0.00020795957706136253,saduah,saduah
1,0.0001961566734193234,saduah,saduah
1,0.00026304309607880645,saedwa,saedwa
1,0.0002668869303067992,saedwa,saedwa
1,0.00027858974710526544,saedwa,saedwa
1,0.0002730341613384029,saedwa,saedwa
1,0.00027312431438852484,saedwa,saedwa
1,0.0002728698087505294,saedwa,saedwa
1,0.0002643476600225791,saedwa,saedwa
1,0.00027114284407531186,saedwa,saedwa
1,0.0002744741053208354,saedwa,saedwa
1,0.00027101077145495094,saedwa,saedwa
1,0.00026808465130454716,saedwa,saedwa
1,0.000271043516419075,saedwa,saedwa
1,0.0002668332389156631,saedwa,saedwa
1,0.0002672148105857059,saedwa,saedwa
1,0.00026503578242899654,saedwa,saedwa
1,0.00026674884985873815,saedwa,saedwa
1,0.0002715681438594275,saedwa,saedwa
1,0.0002696383625336516,saedwa,saedwa
1,0.0002677920459117515,saedwa,saedwa
0,0.00019212523137654723,cjcarr,sidick
0,0.00019214946706194724,cjcarr,sidick
0,0.00019145023713096386,cjcarr,sidick
0,0.00019226688978741396,cjcarr,sidick
0,0.0001913277024613586,cjcarr,sidick
0,0.00019083547204707473,cjcarr,sidick
0,0.0001908571368699561,cjcarr,sidick
0,0.0001898235092251695,cjcarr,sidick
0,0.0001912513227262402,cjcarr,sidick
0,0.00019225715266895103,cjcarr,sidick
0,0.0001942117580865442,cjcarr,sidick
0,0.00019085575657080723,cjcarr,sidick
0,0.0001827406585127622,cjcarr,sidick
0,0.0001907527411288367,cjcarr,sidick
0,0.0001912758883678089,cjcarr,sidick
0,0.00019257368568941633,cjcarr,sidick
0,0.00019205391370765356,cjcarr,sidick
0,0.00019209459008053095,cjcarr,sidick
0,0.0001908249961359148,cjcarr,sidick
1,0.00020255052772218576,sjbeck,sjbeck
1,0.00020930369791888074,sjbeck,sjbeck
1,0.00020077275386620532,sjbeck,sjbeck
1,0.00020343362401028836,sjbeck,sjbeck
1,0.00020069207827210533,sjbeck,sjbeck
0,0.0001925355358917869,cjcarr,sjbeck
0,0.00019108982789778792,cjcarr,sjbeck
1,0.00019439676638978185,sjbeck,sjbeck
0,0.0001963513773774074,cjcarr,sjbeck
0,0.0001944177018068779,cjcarr,sjbeck
0,0.00019111166913103128,cjcarr,sjbeck
1,0.00020134308688395406,sjbeck,sjbeck
1,0.00020125285372058624,sjbeck,sjbeck
1,0.00020037055767895717,sjbeck,sjbeck
1,0.00020261626817875912,sjbeck,sjbeck
1,0.0001993939972249174,sjbeck,sjbeck
1,0.0001986043135756781,sjbeck,sjbeck
1,0.00020005028911042357,sjbeck,sjbeck
1,0.00020044263104101117,sjbeck,sjbeck
0,0.00021624730274297623,gjhero,skumar
0,0.00021405170842862575,gjhero,skumar
0,0.00021974262813376913,gjhero,skumar
0,0.00021391011973534682,mefait,skumar
0,0.0002204690764324334,mefait,skumar
0,0.00022564487081403394,gjhero,skumar
0,0.0002176835006680108,mefait,skumar
0,0.00022188753996002752,gjhero,skumar
0,0.00022155493238545175,mefait,skumar
0,0.0002175246629720539,mefait,skumar
0,0.00021708834681919385,mefait,skumar
0,0.00023571982568025988,gjhero,skumar
0,0.00023907791273652712,gjhero,skumar
0,0.00022608479981988666,gjhero,skumar
0,0.00020500967990113938,rmcoll,skumar
0,0.00022901784698630271,gjhero,skumar
0,0.00021342137630696024,mefait,skumar
0,0.00021267643962266113,gjhero,skumar
0,0.0002147123501000671,mefait,skumar
0,0.00018784659896768231,cjcarr,smrobb
0,0.0001826624488362973,cjcarr,smrobb
1,0.0001760409648451127,smrobb,smrobb
0,0.0001826125439016973,cjcarr,smrobb
0,0.0001864655090368647,cjcarr,smrobb
0,0.00018470724951940586,cjcarr,smrobb
0,0.00019361009194859667,cjcarr,smrobb
0,0.00019033389261356197,cjcarr,smrobb
0,0.00019073334739371032,cjcarr,smrobb
0,0.0001888288273237144,cjcarr,smrobb
0,0.0001922704181857797,cjcarr,smrobb
0,0.00019175895683647313,cjcarr,smrobb
0,0.00019275708692775373,cjcarr,smrobb
0,0.0001894975711546987,cjcarr,smrobb
0,0.0001913367872111666,cjcarr,smrobb
0,0.00018994383520584216,cjcarr,smrobb
0,0.00019311578050765324,cjcarr,smrobb
0,0.00018836749919235953,cjcarr,smrobb
1,0.00017816368280525402,smrobb,smrobb
0,0.0001825970351167042,ajsega,spletc
0,0.0001891529795373444,ajsega,spletc
0,0.00018084431845977658,ajsega,spletc
0,0.00018249580945415967,gjnorm,spletc
0,0.00018058343741280983,gjnorm,spletc
0,0.00018195108935713212,gjnorm,spletc
0,0.00017586864236219843,gjnorm,spletc
0,0.0001791253192011205,gjnorm,spletc
0,0.00017241000930747754,gjnorm,spletc
0,0.0001825335014437097,gjnorm,spletc
0,0.00019006035551628696,ajsega,spletc
0,0.00018797569554812333,ajsega,spletc
0,0.00018363079984135428,gjnorm,spletc
0,0.00018711542448613286,ajsega,spletc
0,0.00018950805558173492,ajsega,spletc
0,0.0001872271222155824,ajsega,spletc
0,0.00018515259095932884,ajsega,spletc
0,0.0001804247166579981,ajsega,spletc
0,0.00017910184304495487,gjnorm,spletc
0,0.00020361150209230854,gjnorm,svkriz
0,0.00020760241661490748,gjnorm,svkriz
0,0.0002043969368760193,gjnorm,svkriz
0,0.00019884513281673028,gjnorm,svkriz
0,0.0001926821110499635,rjlabr,svkriz
0,0.00018746104347432726,gjnorm,svkriz
0,0.0001882450314512562,rjlabr,svkriz
0,0.00019239719812124922,gjnorm,svkriz
0,0.000184424256673372,rjlabr,svkriz
0,0.000200483756879743,gjnorm,svkriz
0,0.00019981057553160087,gjnorm,svkriz
0,0.00020529142616816353,gjnorm,svkriz
0,0.0002042187772374427,gjnorm,svkriz
0,0.00019313946354895779,gjnorm,svkriz
0,0.00018608072326845178,gjnorm,svkriz
0,0.00020549054020084243,gjnorm,svkriz
0,0.0002029140245007766,gjnorm,svkriz
0,0.00019353267226876114,gjnorm,svkriz
0,0.000197709690972672,gjnorm,svkriz
1,0.00018943862789854482,swewin,swewin
1,0.00018570959549763785,swewin,swewin
1,0.0001928845164958068,swewin,swewin
1,0.0001934519634381802,swewin,swewin
1,0.00018958754228531207,swewin,swewin
1,0.0001822566848099695,swewin,swewin
1,0.00018269622589365707,swewin,swewin
1,0.0001832589692639578,swewin,swewin
1,0.00019025175431757724,swewin,swewin
1,0.00018692122658117932,swewin,swewin
1,0.00019199654787563968,swewin,swewin
1,0.00019144121026482501,swewin,swewin
1,0.0001879035411779118,swewin,swewin
1,0.00018607876702542072,swewin,swewin
1,0.00018562412664767323,swewin,swewin
1,0.0001846401922432909,swewin,swewin
1,0.00018612376877910253,swewin,swewin
1,0.00018246089497280408,swewin,swewin
1,0.00018540991999960014,swewin,swewin
1,0.00017239859355084667,swsmit,swsmit
0,0.00017195064022941528,rgspru,swsmit
0,0.00017455220383543688,rgspru,swsmit
0,0.0001754136066862237,rgspru,swsmit
0,0.00017302641745225655,rgspru,swsmit
0,0.000172477592135952,rgspru,swsmit
0,0.00017174988505565524,rgspru,swsmit
0,0.00017409657456623237,rgspru,swsmit
0,0.00017042034957715196,rgspru,swsmit
0,0.00016984000851054496,rgspru,swsmit
0,0.00016971187421006227,rgspru,swsmit
0,0.00017758204657151546,rgspru,swsmit
0,0.00017839561528098076,rgspru,swsmit
0,0.00017919277684576304,rgspru,swsmit
0,0.0001782589505080329,rgspru,swsmit
0,0.00017844664859873024,rgspru,swsmit
0,0.0001797806946825407,rgspru,swsmit
0,0.00017907230099749294,rgspru,swsmit
0,0.00017062570947558664,rgspru,swsmit
1,0.00019088979787056012,vpsavo,vpsavo
1,0.00018792401980356345,vpsavo,vpsavo
1,0.0001922002572993283,vpsavo,vpsavo
1,0.0001903192106119506,vpsavo,vpsavo
1,0.00019365203102618316,vpsavo,vpsavo
1,0.0001928151885605969,vpsavo,vpsavo
1,0.0001883293827652328,vpsavo,vpsavo
1,0.00019579416055854438,vpsavo,vpsavo
1,0.00018832647298094884,vpsavo,vpsavo
1,0.000186441788460783,vpsavo,vpsavo
1,0.00018781553380178959,vpsavo,vpsavo
1,0.00019221666874515424,vpsavo,vpsavo
1,0.00019472022477699764,vpsavo,vpsavo
1,0.00019340336857970986,vpsavo,vpsavo
1,0.00019351162345434858,vpsavo,vpsavo
1,0.00019219647188632773,vpsavo,vpsavo
1,0.00019502977737138595,vpsavo,vpsavo
1,0.00019273735210989203,vpsavo,vpsavo
1,0.00019145936831515493,vpsavo,vpsavo
1,0.00024686356797623847,whussa,whussa
1,0.00025808407869545944,whussa,whussa
0,0,unknown,whussa
1,0.00024295895458489335,whussa,whussa
1,0.0002452105991047085,whussa,whussa
1,0.0002455652960358061,whussa,whussa
1,0.0002448558341003786,whussa,whussa
1,0.00024477871740967845,whussa,whussa
1,0.00023277008216919396,whussa,whussa
1,0.000245919793078328,whussa,whussa
1,0.00022917172514214145,whussa,whussa
1,0.0002304731604699476,whussa,whussa
1,0.00022876968135817648,whussa,whussa
1,0.0002379834089153436,whussa,whussa
1,0.00024166169540794537,whussa,whussa
1,0.0002349071088234293,whussa,whussa
1,0.0002297566227529305,whussa,whussa
1,0.0002216808488704584,whussa,whussa
1,0.00023232455824582498,whussa,whussa
0,0.00032685018476303343,cshubb,wjalbe
0,0.00032753753359617075,cshubb,wjalbe
0,0.0003298400082950137,cshubb,wjalbe
0,0.0003361300342272262,cshubb,wjalbe
0,0.00033540244297577374,cshubb,wjalbe
0,0.0003314264075634816,cshubb,wjalbe
0,0.00032177861566695643,cshubb,wjalbe
0,0.000321413351478222,cshubb,wjalbe
0,0.0003225722688417289,cshubb,wjalbe
0,0.0003229498281844467,cshubb,wjalbe
0,0.000310976371996308,cshubb,wjalbe
0,0.0003391860175283319,cshubb,wjalbe
0,0.0003414364597644588,cshubb,wjalbe
0,0.0003455158877035757,cshubb,wjalbe
0,0.00035356535827252815,cshubb,wjalbe
0,0.0003407162879064992,cshubb,wjalbe
0,0.0003374871775439629,cshubb,wjalbe
0,0.000338369440464205,cshubb,wjalbe
0,0.00032513469287485047,cshubb,wjalbe
